999
DXF file: G3B_charge-pcb.dxf
999
Pro/ENGINEER 2024063 by Parametric Technology Corporation
  0
SECTION
  2
HEADER
  9
$ACADVER
  1
AC1015
  9
$DWGCODEPAGE
  3
ANSI_936
  9
$EXTMAX
 10
297.0
 20
210.0
 30
0.0
  9
$EXTMIN
 10
0.0
 20
0.0
 30
0.0
  9
$LIMMIN
 10
0.0
 20
0.0
  9
$LIMMAX
 10
297.0
 20
210.0
  9
$VIEWCTR
 10
148.5
 20
105.0
  9
$VIEWSIZE
 40
210.0
  9
$CLAYER
  8
0
  9
$LTSCALE
 40
16.335
  9
$CELTYPE
  6
BYLAYER
  9
$DIMSCALE
 40
1.0
  9
$DIMASZ
 40
2.5
  9
$DIMEXO
 40
0.4
  9
$DIMDLI
 40
11.286
  9
$DIMEXE
 40
1.5
  9
$DIMCEN
 40
2.673
  9
$DIMLFAC
 40
1.0
  9
$DIMBLK
  1
_FILLED
  9
$DIMALT
 70
0
  9
$DIMALTF
 40
0.0393700787
  9
$DIMTXT
 40
3.0
  9
$DIMTOL
 70
1
  9
$DIMLIM
 70
0
  9
$DIMTFAC
 40
1.0
  9
$DIMTP
 40
0.01
  9
$DIMTM
 40
0.01
  9
$DIMGAP
 40
0.625
  9
$DIMDSEP
 70
46
  9
$AUNITS
 70
0
  9
$PDMODE
 70
3
  9
$PDSIZE
 40
0.3125
  9
$HANDSEED
  5
6A9
  9
$TILEMODE
 70
1
  9
$MEASUREMENT
 70
1
  9
$INSUNITS
 70
4
  0
ENDSEC
  0
SECTION
  2
CLASSES
  0
CLASS
  1
ACDBDICTIONARYWDFLT
  2
AcDbDictionaryWithDefault
  3
AutoCAD 2000
 90
0
280
0
281
0
  0
CLASS
  1
ACDBPLACEHOLDER
  2
AcDbPlaceHolder
  3
AutoCAD 2000
 90
0
280
0
281
0
  0
CLASS
  1
LAYOUT
  2
AcDbLayout
  3
AutoCAD 2000
 90
0
280
0
281
0
  0
CLASS
  1
RASTERVARIABLES
  2
AcDbRasterVariables
  3
ISM
 90
0
280
0
281
0
  0
CLASS
  1
IMAGEDEF
  2
AcDbRasterImageDef
  3
ISM
 90
0
280
0
281
0
  0
CLASS
  1
IMAGEDEF_REACTOR
  2
AcDbRasterImageDefReactor
  3
ISM
 90
0
280
0
281
0
  0
CLASS
  1
IMAGE
  2
AcDbRasterImage
  3
ISM
 90
127
280
0
281
1
  0
ENDSEC
  0
SECTION
  2
TABLES
  0
TABLE
  2
VPORT
  5
8
100
AcDbSymbolTable
 70
2
  0
VPORT
  5
1F4
100
AcDbSymbolTableRecord
100
AcDbViewportTableRecord
  2
*ACTIVE
 70
0
 10
0.0
 20
0.0
 11
1.0
 21
1.0
 12
148.5
 22
105.0
 13
0.0
 23
0.0
 14
1.0
 24
1.0
 15
0.0
 25
0.0
 16
0.0
 26
0.0
 36
1.0
 17
0.0
 27
0.0
 37
0.0
 40
210.0
 41
1.4142857143
 42
50.0
 43
0.0
 44
0.0
 50
0.0
 51
0.0
 71
0
 72
100
 73
1
 74
1
 75
0
 76
0
 77
0
 78
0
  0
ENDTAB
  0
TABLE
  2
LTYPE
  5
5
100
AcDbSymbolTable
 70
6
  0
LTYPE
  5
14
100
AcDbSymbolTableRecord
100
AcDbLinetypeTableRecord
  2
BYBLOCK
 70
0
  3

 72
65
 73
0
 40
0.0
  0
LTYPE
  5
15
100
AcDbSymbolTableRecord
100
AcDbLinetypeTableRecord
  2
BYLAYER
 70
0
  3

 72
65
 73
0
 40
0.0
  0
LTYPE
  5
16
100
AcDbSymbolTableRecord
100
AcDbLinetypeTableRecord
  2
CONTINUOUS
 70
64
  3
Solid line
 72
65
 73
0
 40
0.0
  0
LTYPE
  5
1F5
100
AcDbSymbolTableRecord
100
AcDbLinetypeTableRecord
  2
CENTER
 70
64
  3
____ _ ____ _ ____ _ ____ _ ____ _ ____ _ ____
 72
65
 73
4
 40
0.6
 49
0.375
 74
0
 49
-0.075
 74
0
 49
0.075
 74
0
 49
-0.075
 74
0
  0
LTYPE
  5
1F6
100
AcDbSymbolTableRecord
100
AcDbLinetypeTableRecord
  2
HIDDEN
 70
64
  3
- - - - - - - - - - - - - - - - - - - -
 72
65
 73
2
 40
0.2
 49
0.1
 74
0
 49
-0.1
 74
0
  0
LTYPE
  5
1F7
100
AcDbSymbolTableRecord
100
AcDbLinetypeTableRecord
  2
PHANTOM
 70
64
  3
_____ _ _ _____ _ _ _____ _ _ _____
 72
65
 73
6
 40
0.8
 49
0.45
 74
0
 49
-0.05
 74
0
 49
0.1
 74
0
 49
-0.05
 74
0
 49
0.1
 74
0
 49
-0.05
 74
0
  0
LTYPE
  5
1F8
100
AcDbSymbolTableRecord
100
AcDbLinetypeTableRecord
  2
DOT
 70
64
  3
. . . . . . . . . . . . . . . . . . . .
 72
65
 73
2
 40
0.2
 49
0.1
 74
0
 49
-0.1
 74
0
  0
LTYPE
  5
1F9
100
AcDbSymbolTableRecord
100
AcDbLinetypeTableRecord
  2
DASHED
 70
64
  3
- - - - - - - - - - - - - - - - - - - -
 72
65
 73
2
 40
0.2
 49
0.1
 74
0
 49
-0.1
 74
0
  0
ENDTAB
  0
TABLE
  2
LAYER
  5
2
100
AcDbSymbolTable
 70
36
  0
LAYER
  5
10
100
AcDbSymbolTableRecord
100
AcDbLayerTableRecord
  2
0
 70
0
 62
7
  6
CONTINUOUS
370
-3
390
F
  0
LAYER
  5
1FA
100
AcDbSymbolTableRecord
100
AcDbLayerTableRecord
  2
DEFAULT_1
 70
0
 62
7
  6
CENTER
370
-3
390
F
  0
LAYER
  5
1FB
100
AcDbSymbolTableRecord
100
AcDbLayerTableRecord
  2
DEFAULT_2
 70
0
 62
8
  6
HIDDEN
370
-3
390
F
  0
LAYER
  5
1FC
100
AcDbSymbolTableRecord
100
AcDbLayerTableRecord
  2
DEFAULT_3
 70
0
 62
7
  6
PHANTOM
370
-3
390
F
  0
LAYER
  5
1FD
100
AcDbSymbolTableRecord
100
AcDbLayerTableRecord
  2
01_ALL_DTM_PLN
 70
0
 62
7
  6
CONTINUOUS
370
-3
390
F
  0
LAYER
  5
1FE
100
AcDbSymbolTableRecord
100
AcDbLayerTableRecord
  2
01__ASM_ALL_DTM_PLN
 70
0
 62
7
  6
CONTINUOUS
370
-3
390
F
  0
LAYER
  5
1FF
100
AcDbSymbolTableRecord
100
AcDbLayerTableRecord
  2
01__ASM_DEF_DTM_PLN
 70
0
 62
7
  6
CONTINUOUS
370
-3
390
F
  0
LAYER
  5
200
100
AcDbSymbolTableRecord
100
AcDbLayerTableRecord
  2
01___PRT_ALL_DTM_PLN
 70
0
 62
7
  6
CONTINUOUS
370
-3
390
F
  0
LAYER
  5
201
100
AcDbSymbolTableRecord
100
AcDbLayerTableRecord
  2
01___PRT_DEF_DTM_PLN
 70
0
 62
7
  6
CONTINUOUS
370
-3
390
F
  0
LAYER
  5
202
100
AcDbSymbolTableRecord
100
AcDbLayerTableRecord
  2
02_ALL_AXES
 70
0
 62
7
  6
CONTINUOUS
370
-3
390
F
  0
LAYER
  5
203
100
AcDbSymbolTableRecord
100
AcDbLayerTableRecord
  2
02__ASM_ALL_AXES
 70
0
 62
7
  6
CONTINUOUS
370
-3
390
F
  0
LAYER
  5
204
100
AcDbSymbolTableRecord
100
AcDbLayerTableRecord
  2
02___PRT_ALL_AXES
 70
0
 62
7
  6
CONTINUOUS
370
-3
390
F
  0
LAYER
  5
205
100
AcDbSymbolTableRecord
100
AcDbLayerTableRecord
  2
03_ALL_CURVES
 70
0
 62
7
  6
CONTINUOUS
370
-3
390
F
  0
LAYER
  5
206
100
AcDbSymbolTableRecord
100
AcDbLayerTableRecord
  2
03__ASM_ALL_CURVES
 70
0
 62
7
  6
CONTINUOUS
370
-3
390
F
  0
LAYER
  5
207
100
AcDbSymbolTableRecord
100
AcDbLayerTableRecord
  2
03___PRT_ALL_CURVES
 70
0
 62
7
  6
CONTINUOUS
370
-3
390
F
  0
LAYER
  5
208
100
AcDbSymbolTableRecord
100
AcDbLayerTableRecord
  2
04_ALL_DTM_PNT
 70
0
 62
7
  6
CONTINUOUS
370
-3
390
F
  0
LAYER
  5
209
100
AcDbSymbolTableRecord
100
AcDbLayerTableRecord
  2
04__ASM_ALL_DTM_PNT
 70
0
 62
7
  6
CONTINUOUS
370
-3
390
F
  0
LAYER
  5
20A
100
AcDbSymbolTableRecord
100
AcDbLayerTableRecord
  2
04___PRT_ALL_DTM_PNT
 70
0
 62
7
  6
CONTINUOUS
370
-3
390
F
  0
LAYER
  5
20B
100
AcDbSymbolTableRecord
100
AcDbLayerTableRecord
  2
05_ALL_DTM_CSYS
 70
0
 62
7
  6
CONTINUOUS
370
-3
390
F
  0
LAYER
  5
20C
100
AcDbSymbolTableRecord
100
AcDbLayerTableRecord
  2
05__ASM_ALL_DTM_CSYS
 70
0
 62
7
  6
CONTINUOUS
370
-3
390
F
  0
LAYER
  5
20D
100
AcDbSymbolTableRecord
100
AcDbLayerTableRecord
  2
05__ASM_DEF_DTM_CSYS
 70
0
 62
7
  6
CONTINUOUS
370
-3
390
F
  0
LAYER
  5
20E
100
AcDbSymbolTableRecord
100
AcDbLayerTableRecord
  2
05___PRT_ALL_DTM_CSYS
 70
0
 62
7
  6
CONTINUOUS
370
-3
390
F
  0
LAYER
  5
20F
100
AcDbSymbolTableRecord
100
AcDbLayerTableRecord
  2
05___PRT_DEF_DTM_CSYS
 70
0
 62
7
  6
CONTINUOUS
370
-3
390
F
  0
LAYER
  5
210
100
AcDbSymbolTableRecord
100
AcDbLayerTableRecord
  2
06_ALL_SURFS
 70
0
 62
7
  6
CONTINUOUS
370
-3
390
F
  0
LAYER
  5
211
100
AcDbSymbolTableRecord
100
AcDbLayerTableRecord
  2
06__ASM_ALL_SURFS
 70
0
 62
7
  6
CONTINUOUS
370
-3
390
F
  0
LAYER
  5
212
100
AcDbSymbolTableRecord
100
AcDbLayerTableRecord
  2
06___PRT_ALL_SURFS
 70
0
 62
7
  6
CONTINUOUS
370
-3
390
F
  0
LAYER
  5
213
100
AcDbSymbolTableRecord
100
AcDbLayerTableRecord
  2
07__ASM_ALL_SKELETONS
 70
0
 62
7
  6
CONTINUOUS
370
-3
390
F
  0
LAYER
  5
214
100
AcDbSymbolTableRecord
100
AcDbLayerTableRecord
  2
1-PLANE
 70
0
 62
7
  6
CONTINUOUS
370
-3
390
F
  0
LAYER
  5
215
100
AcDbSymbolTableRecord
100
AcDbLayerTableRecord
  2
2-CURVE
 70
0
 62
7
  6
CONTINUOUS
370
-3
390
F
  0
LAYER
  5
216
100
AcDbSymbolTableRecord
100
AcDbLayerTableRecord
  2
3-SURFACE
 70
0
 62
7
  6
CONTINUOUS
370
-3
390
F
  0
LAYER
  5
217
100
AcDbSymbolTableRecord
100
AcDbLayerTableRecord
  2
ABS-TPE
 70
0
 62
7
  6
CONTINUOUS
370
-3
390
F
  0
LAYER
  5
218
100
AcDbSymbolTableRecord
100
AcDbLayerTableRecord
  2
INTFCLR_7641
 70
0
 62
7
  6
CONTINUOUS
370
-3
390
F
  0
LAYER
  5
219
100
AcDbSymbolTableRecord
100
AcDbLayerTableRecord
  2
INTF_1
 70
0
 62
7
  6
CONTINUOUS
370
-3
390
F
  0
LAYER
  5
21A
100
AcDbSymbolTableRecord
100
AcDbLayerTableRecord
  2
INTF_13
 70
0
 62
7
  6
CONTINUOUS
370
-3
390
F
  0
LAYER
  5
21B
100
AcDbSymbolTableRecord
100
AcDbLayerTableRecord
  2
INTF_2
 70
0
 62
7
  6
CONTINUOUS
370
-3
390
F
  0
LAYER
  5
21C
100
AcDbSymbolTableRecord
100
AcDbLayerTableRecord
  2
INTF_25
 70
0
 62
7
  6
CONTINUOUS
370
-3
390
F
  0
LAYER
  5
21D
100
AcDbSymbolTableRecord
100
AcDbLayerTableRecord
  2
INTF_26
 70
0
 62
7
  6
CONTINUOUS
370
-3
390
F
  0
LAYER
  5
21E
100
AcDbSymbolTableRecord
100
AcDbLayerTableRecord
  2
INTF_3
 70
0
 62
7
  6
CONTINUOUS
370
-3
390
F
  0
LAYER
  5
21F
100
AcDbSymbolTableRecord
100
AcDbLayerTableRecord
  2
INTF_35
 70
0
 62
7
  6
CONTINUOUS
370
-3
390
F
  0
LAYER
  5
220
100
AcDbSymbolTableRecord
100
AcDbLayerTableRecord
  2
INTF_36
 70
0
 62
7
  6
CONTINUOUS
370
-3
390
F
  0
LAYER
  5
221
100
AcDbSymbolTableRecord
100
AcDbLayerTableRecord
  2
INTF_41
 70
0
 62
7
  6
CONTINUOUS
370
-3
390
F
  0
LAYER
  5
222
100
AcDbSymbolTableRecord
100
AcDbLayerTableRecord
  2
INTF_53
 70
0
 62
7
  6
CONTINUOUS
370
-3
390
F
  0
LAYER
  5
223
100
AcDbSymbolTableRecord
100
AcDbLayerTableRecord
  2
INTF_54
 70
0
 62
7
  6
CONTINUOUS
370
-3
390
F
  0
LAYER
  5
224
100
AcDbSymbolTableRecord
100
AcDbLayerTableRecord
  2
INTF_55
 70
0
 62
7
  6
CONTINUOUS
370
-3
390
F
  0
LAYER
  5
225
100
AcDbSymbolTableRecord
100
AcDbLayerTableRecord
  2
INTF_9
 70
0
 62
7
  6
CONTINUOUS
370
-3
390
F
  0
LAYER
  5
226
100
AcDbSymbolTableRecord
100
AcDbLayerTableRecord
  2
INTF_BLUE
 70
0
 62
7
  6
CONTINUOUS
370
-3
390
F
  0
LAYER
  5
227
100
AcDbSymbolTableRecord
100
AcDbLayerTableRecord
  2
INTF_RED
 70
0
 62
7
  6
CONTINUOUS
370
-3
390
F
  0
LAYER
  5
228
100
AcDbSymbolTableRecord
100
AcDbLayerTableRecord
  2
LAYOUT
 70
0
 62
7
  6
CONTINUOUS
370
-3
390
F
  0
LAYER
  5
229
100
AcDbSymbolTableRecord
100
AcDbLayerTableRecord
  2
NONE
 70
0
 62
7
  6
CONTINUOUS
370
-3
390
F
  0
LAYER
  5
22A
100
AcDbSymbolTableRecord
100
AcDbLayerTableRecord
  2
SOLID
 70
0
 62
7
  6
CONTINUOUS
370
-3
390
F
  0
ENDTAB
  0
TABLE
  2
STYLE
  5
3
100
AcDbSymbolTable
 70
1
  0
STYLE
  5
11
100
AcDbSymbolTableRecord
100
AcDbTextStyleTableRecord
  2
STANDARD
 70
0
 40
0.0
 41
0.8
 50
0.0
 71
0
 42
0.2
  3
txt
  4

  0
STYLE
  5
22B
100
AcDbSymbolTableRecord
100
AcDbTextStyleTableRecord
  2
TEXTSTYLE_1
 70
0
 40
0.0
 41
0.8
 50
0.0
 71
0
 42
0.2
  3
gdt
  4

  0
ENDTAB
  0
TABLE
  2
VIEW
  5
6
100
AcDbSymbolTable
 70
0
  0
ENDTAB
  0
TABLE
  2
UCS
  5
7
100
AcDbSymbolTable
 70
0
  0
ENDTAB
  0
TABLE
  2
APPID
  5
9
100
AcDbSymbolTable
 70
1
  0
APPID
  5
22C
100
AcDbSymbolTableRecord
100
AcDbRegAppTableRecord
  2
ACAD
 70
0
  0
ENDTAB
  0
TABLE
  2
BLOCK_RECORD
  5
1
100
AcDbSymbolTable
 70
0
  0
BLOCK_RECORD
  5
22D
100
AcDbSymbolTableRecord
100
AcDbBlockTableRecord
  2
*Model_Space
  0
BLOCK_RECORD
  5
22E
100
AcDbSymbolTableRecord
100
AcDbBlockTableRecord
  2
*Paper_Space
  0
BLOCK_RECORD
  5
22F
100
AcDbSymbolTableRecord
100
AcDbBlockTableRecord
  2
_FILLED
  0
BLOCK_RECORD
  5
230
100
AcDbSymbolTableRecord
100
AcDbBlockTableRecord
  2
_DOT
  0
BLOCK_RECORD
  5
231
100
AcDbSymbolTableRecord
100
AcDbBlockTableRecord
  2
*D0
  0
BLOCK_RECORD
  5
232
100
AcDbSymbolTableRecord
100
AcDbBlockTableRecord
  2
*D1
  0
BLOCK_RECORD
  5
233
100
AcDbSymbolTableRecord
100
AcDbBlockTableRecord
  2
*D2
  0
BLOCK_RECORD
  5
234
100
AcDbSymbolTableRecord
100
AcDbBlockTableRecord
  2
*D3
  0
BLOCK_RECORD
  5
235
100
AcDbSymbolTableRecord
100
AcDbBlockTableRecord
  2
*D4
  0
BLOCK_RECORD
  5
236
100
AcDbSymbolTableRecord
100
AcDbBlockTableRecord
  2
*D5
  0
BLOCK_RECORD
  5
237
100
AcDbSymbolTableRecord
100
AcDbBlockTableRecord
  2
*D6
  0
BLOCK_RECORD
  5
238
100
AcDbSymbolTableRecord
100
AcDbBlockTableRecord
  2
*D7
  0
ENDTAB
  0
TABLE
  2
DIMSTYLE
  5
A
100
AcDbSymbolTable
 70
1
100
AcDbDimStyleTable
 71
0
  0
DIMSTYLE
105
239
100
AcDbSymbolTableRecord
100
AcDbDimStyleTableRecord
  2
STANDARD
 70
0
  3

  4

 40
1.0
 41
2.5
 42
0.4
 43
0.38
 44
1.5
 45
0.0
 46
0.0
 47
0.01
 48
0.01
140
3.0
141
0.09
142
0.0
143
25.4
144
1.0
145
0.0
146
1.0
147
0.625
 71
1
 72
0
 73
0
 74
0
 75
0
 76
0
 77
1
 78
0
 79
0
170
0
171
1
172
0
173
0
174
0
175
0
176
0
177
0
178
0
270
2
179
2
271
2
272
2
273
2
274
2
275
0
280
0
281
0
282
0
283
1
284
0
285
0
286
0
287
3
288
0
340
11
278
46
341
22F
342
22F
343
22F
344
22F
  0
DIMSTYLE
105
23A
100
AcDbSymbolTableRecord
100
AcDbDimStyleTableRecord
  2
DIMSTYLE_1
 70
0
  3

  4

 40
1.0
 41
2.5
 42
0.4
 43
0.38
 44
1.5
 45
0.0
 46
0.0
 47
0.01
 48
0.01
140
3.0
141
0.09
142
0.0
143
25.4
144
1.0
145
0.0
146
1.0
147
0.75
 71
0
 72
0
 73
0
 74
0
 75
0
 76
0
 77
1
 78
0
 79
0
170
0
171
1
172
0
173
0
174
0
175
0
176
0
177
0
178
0
270
2
179
2
271
2
272
2
273
2
274
2
275
0
280
0
281
0
282
0
283
1
284
0
285
0
286
0
287
3
288
0
340
11
278
46
341
22F
342
22F
343
22F
344
22F
  0
ENDTAB
  0
ENDSEC
  0
SECTION
  2
BLOCKS
  0
BLOCK
  5
20
100
AcDbEntity
  8
0
100
AcDbBlockBegin
  2
*Model_Space
 70
0
 10
0.0
 20
0.0
 30
0.0
  3
*Model_Space
  1

  0
ENDBLK
  5
21
100
AcDbEntity
  8
0
100
AcDbBlockEnd
  0
BLOCK
  5
1C
100
AcDbEntity
  8
0
100
AcDbBlockBegin
  2
*Paper_Space
 70
0
 10
0.0
 20
0.0
 30
0.0
  3
*Paper_Space
  1

  0
ENDBLK
  5
1D
100
AcDbEntity
  8
0
100
AcDbBlockEnd
  0
BLOCK
  5
23B
100
AcDbEntity
  8
0
100
AcDbBlockBegin
  2
_FILLED
 70
64
 10
0.0
 20
0.0
 30
0.0
  3
_FILLED
  1

  0
SOLID
  5
23C
100
AcDbEntity
  8
0
  6
BYBLOCK
 62
0
100
AcDbTrace
 10
0.0
 20
0.0
 30
0.0
 11
-1.0
 21
0.2
 31
0.0
 12
-1.0
 22
-0.2
 32
0.0
 13
-1.0
 23
-0.2
 33
0.0
  0
ENDBLK
  5
23D
100
AcDbEntity
  8
0
  6
BYBLOCK
 62
0
100
AcDbBlockEnd
  0
BLOCK
  5
23E
100
AcDbEntity
  8
0
100
AcDbBlockBegin
  2
_DOT
 70
64
 10
0.0
 20
0.0
 30
0.0
  3
_DOT
  1

  0
LWPOLYLINE
  5
23F
100
AcDbEntity
  8
0
  6
BYBLOCK
 62
0
100
AcDbPolyline
 90
2
 70
1
 43
0.2
 10
-0.1
 20
0.0
 42
1.0
 10
0.1
 20
0.0
 42
1.0
  0
LINE
  5
240
100
AcDbEntity
  8
0
  6
BYBLOCK
 62
0
100
AcDbLine
 10
-0.2
 20
0.0
 30
0.0
 11
-1.0
 21
0.0
 31
0.0
  0
ENDBLK
  5
241
100
AcDbEntity
  8
0
  6
BYBLOCK
 62
0
100
AcDbBlockEnd
  0
BLOCK
  5
242
100
AcDbEntity
  8
0
100
AcDbBlockBegin
 62
2
  6
CONTINUOUS
  2
*D0
 70
65
 10
0.0
 20
0.0
 30
0.0
  3
*D0
  1

  0
MTEXT
  5
243
100
AcDbEntity
  8
0
100
AcDbMText
 62
2
  6
CONTINUOUS
  7
STANDARD
 71
2
 72
1
 10
83.1373907958
 20
128.9699674757
 30
0.0
 11
1.0
 21
0.0
 31
0.0
 73
2
 44
0.9
  1
40.00
 40
3.0
 41
12.0
  0
LINE
  5
244
100
AcDbEntity
  8
0
100
AcDbLine
 62
2
  6
CONTINUOUS
 10
103.1373907958
 20
105.9221169005
 30
0.0
 11
103.1373907958
 21
126.7199674757
 31
0.0
  0
LINE
  5
245
100
AcDbEntity
  8
0
100
AcDbLine
 62
2
  6
CONTINUOUS
 10
63.1373907958
 20
105.9221169005
 30
0.0
 11
63.1373907958
 21
126.7199674757
 31
0.0
  0
LINE
  5
246
100
AcDbEntity
  8
0
100
AcDbLine
 62
2
  6
CONTINUOUS
 10
103.1373907958
 20
125.2199674757
 30
0.0
 11
83.1373907958
 21
125.2199674757
 31
0.0
  0
LINE
  5
247
100
AcDbEntity
  8
0
100
AcDbLine
 62
2
  6
CONTINUOUS
 10
63.1373907958
 20
125.2199674757
 30
0.0
 11
83.1373907958
 21
125.2199674757
 31
0.0
  0
INSERT
  5
248
100
AcDbEntity
  8
0
100
AcDbBlockReference
 62
2
  6
CONTINUOUS
  2
_FILLED
 10
103.1373907958
 20
125.2199674757
 30
0.0
 41
2.5
 42
2.5
 43
2.5
  0
INSERT
  5
249
100
AcDbEntity
  8
0
100
AcDbBlockReference
 62
2
  6
CONTINUOUS
  2
_FILLED
 10
63.1373907958
 20
125.2199674757
 30
0.0
 41
2.5
 42
2.5
 43
2.5
 50
180.0
  0
ENDBLK
  5
24A
100
AcDbEntity
  8
0
  6
BYBLOCK
 62
0
100
AcDbBlockEnd
  0
BLOCK
  5
24B
100
AcDbEntity
  8
0
100
AcDbBlockBegin
 62
2
  6
CONTINUOUS
  2
*D1
 70
65
 10
0.0
 20
0.0
 30
0.0
  3
*D1
  1

  0
MTEXT
  5
24C
100
AcDbEntity
  8
0
100
AcDbMText
 62
2
  6
CONTINUOUS
  7
STANDARD
 71
1
 72
1
 10
114.3787372356
 20
110.9306503601
 30
0.0
 11
0.0
 21
1.0
 31
0.0
 73
2
 44
0.9
  1
10.00
 40
3.0
 41
12.0
  0
LINE
  5
24D
100
AcDbEntity
  8
0
100
AcDbLine
 62
2
  6
CONTINUOUS
 10
99.5373907958
 20
105.7221169005
 30
0.0
 11
119.6287372356
 21
105.7221169005
 31
0.0
  0
LINE
  5
24E
100
AcDbEntity
  8
0
100
AcDbLine
 62
2
  6
CONTINUOUS
 10
90.0373907958
 20
95.7221169005
 30
0.0
 11
119.6287372356
 21
95.7221169005
 31
0.0
  0
LINE
  5
24F
100
AcDbEntity
  8
0
100
AcDbLine
 62
2
  6
CONTINUOUS
 10
118.1287372356
 20
105.7221169005
 30
0.0
 11
118.1287372356
 21
100.7221169005
 31
0.0
  0
LINE
  5
250
100
AcDbEntity
  8
0
100
AcDbLine
 62
2
  6
CONTINUOUS
 10
118.1287372356
 20
100.7221169005
 30
0.0
 11
118.1287372356
 21
122.9306503601
 31
0.0
  0
LINE
  5
251
100
AcDbEntity
  8
0
100
AcDbLine
 62
2
  6
CONTINUOUS
 10
118.1287372356
 20
95.7221169005
 30
0.0
 11
118.1287372356
 21
100.7221169005
 31
0.0
  0
INSERT
  5
252
100
AcDbEntity
  8
0
100
AcDbBlockReference
 62
2
  6
CONTINUOUS
  2
_FILLED
 10
118.1287372356
 20
105.7221169005
 30
0.0
 41
2.5
 42
2.5
 43
2.5
 50
90.0
  0
INSERT
  5
253
100
AcDbEntity
  8
0
100
AcDbBlockReference
 62
2
  6
CONTINUOUS
  2
_FILLED
 10
118.1287372356
 20
95.7221169005
 30
0.0
 41
2.5
 42
2.5
 43
2.5
 50
270.0
  0
ENDBLK
  5
254
100
AcDbEntity
  8
0
  6
BYBLOCK
 62
0
100
AcDbBlockEnd
  0
BLOCK
  5
255
100
AcDbEntity
  8
0
100
AcDbBlockBegin
 62
2
  6
CONTINUOUS
  2
*D2
 70
65
 10
0.0
 20
0.0
 30
0.0
  3
*D2
  1

  0
MTEXT
  5
256
100
AcDbEntity
  8
0
100
AcDbMText
 62
2
  6
CONTINUOUS
  7
STANDARD
 71
2
 72
1
 10
83.1373907958
 20
123.0937707206
 30
0.0
 11
1.0
 21
0.0
 31
0.0
 73
2
 44
0.9
  1
32.00
 40
3.0
 41
12.0
  0
LINE
  5
257
100
AcDbEntity
  8
0
100
AcDbLine
 62
2
  6
CONTINUOUS
 10
67.1373907958
 20
106.1221169005
 30
0.0
 11
67.1373907958
 21
120.8437707206
 31
0.0
  0
LINE
  5
258
100
AcDbEntity
  8
0
100
AcDbLine
 62
2
  6
CONTINUOUS
 10
99.1373907958
 20
106.1221169005
 30
0.0
 11
99.1373907958
 21
120.8437707206
 31
0.0
  0
LINE
  5
259
100
AcDbEntity
  8
0
100
AcDbLine
 62
2
  6
CONTINUOUS
 10
67.1373907958
 20
119.3437707206
 30
0.0
 11
83.1373907958
 21
119.3437707206
 31
0.0
  0
LINE
  5
25A
100
AcDbEntity
  8
0
100
AcDbLine
 62
2
  6
CONTINUOUS
 10
99.1373907958
 20
119.3437707206
 30
0.0
 11
83.1373907958
 21
119.3437707206
 31
0.0
  0
INSERT
  5
25B
100
AcDbEntity
  8
0
100
AcDbBlockReference
 62
2
  6
CONTINUOUS
  2
_FILLED
 10
67.1373907958
 20
119.3437707206
 30
0.0
 41
2.5
 42
2.5
 43
2.5
 50
180.0
  0
INSERT
  5
25C
100
AcDbEntity
  8
0
100
AcDbBlockReference
 62
2
  6
CONTINUOUS
  2
_FILLED
 10
99.1373907958
 20
119.3437707206
 30
0.0
 41
2.5
 42
2.5
 43
2.5
  0
ENDBLK
  5
25D
100
AcDbEntity
  8
0
  6
BYBLOCK
 62
0
100
AcDbBlockEnd
  0
BLOCK
  5
25E
100
AcDbEntity
  8
0
100
AcDbBlockBegin
 62
2
  6
CONTINUOUS
  2
*D3
 70
65
 10
0.0
 20
0.0
 30
0.0
  3
*D3
  1

  0
MTEXT
  5
25F
100
AcDbEntity
  8
0
100
AcDbMText
 62
2
  6
CONTINUOUS
  7
STANDARD
 71
1
 72
1
 10
108.1813897555
 20
112.5818758242
 30
0.0
 11
0.0
 21
1.0
 31
0.0
 73
2
 44
0.9
  1
6.60
 40
3.0
 41
9.6
  0
LINE
  5
260
100
AcDbEntity
  8
0
100
AcDbLine
 62
2
  6
CONTINUOUS
 10
103.5373907958
 20
98.9221169005
 30
0.0
 11
113.4313897555
 21
98.9221169005
 31
0.0
  0
LINE
  5
261
100
AcDbEntity
  8
0
100
AcDbLine
 62
2
  6
CONTINUOUS
 10
103.5373907958
 20
105.5221169005
 30
0.0
 11
113.4313897555
 21
105.5221169005
 31
0.0
  0
LINE
  5
262
100
AcDbEntity
  8
0
100
AcDbLine
 62
2
  6
CONTINUOUS
 10
111.9313897555
 20
98.9221169005
 30
0.0
 11
111.9313897555
 21
102.2221169005
 31
0.0
  0
LINE
  5
263
100
AcDbEntity
  8
0
100
AcDbLine
 62
2
  6
CONTINUOUS
 10
111.9313897555
 20
105.5221169005
 30
0.0
 11
111.9313897555
 21
102.2221169005
 31
0.0
  0
LINE
  5
264
100
AcDbEntity
  8
0
100
AcDbLine
 62
2
  6
CONTINUOUS
 10
111.9313897555
 20
102.2221169005
 30
0.0
 11
111.9313897555
 21
122.1818758242
 31
0.0
  0
INSERT
  5
265
100
AcDbEntity
  8
0
100
AcDbBlockReference
 62
2
  6
CONTINUOUS
  2
_FILLED
 10
111.9313897555
 20
98.9221169005
 30
0.0
 41
2.5
 42
2.5
 43
2.5
 50
270.0
  0
INSERT
  5
266
100
AcDbEntity
  8
0
100
AcDbBlockReference
 62
2
  6
CONTINUOUS
  2
_FILLED
 10
111.9313897555
 20
105.5221169005
 30
0.0
 41
2.5
 42
2.5
 43
2.5
 50
90.0
  0
ENDBLK
  5
267
100
AcDbEntity
  8
0
  6
BYBLOCK
 62
0
100
AcDbBlockEnd
  0
BLOCK
  5
268
100
AcDbEntity
  8
0
100
AcDbBlockBegin
 62
2
  6
CONTINUOUS
  2
*D4
 70
65
 10
0.0
 20
0.0
 30
0.0
  3
*D4
  1

  0
MTEXT
  5
269
100
AcDbEntity
  8
0
100
AcDbMText
 62
2
  6
CONTINUOUS
  7
STANDARD
 71
3
 72
1
 10
50.1647058298
 20
94.1249845776
 30
0.0
 11
0.0
 21
1.0
 31
0.0
 73
2
 44
0.9
  1
6.60
 40
3.0
 41
9.6
  0
LINE
  5
26A
100
AcDbEntity
  8
0
100
AcDbLine
 62
2
  6
CONTINUOUS
 10
62.7373907958
 20
105.5221169005
 30
0.0
 11
52.4147058298
 21
105.5221169005
 31
0.0
  0
LINE
  5
26B
100
AcDbEntity
  8
0
100
AcDbLine
 62
2
  6
CONTINUOUS
 10
62.7373907958
 20
98.9221169005
 30
0.0
 11
52.4147058298
 21
98.9221169005
 31
0.0
  0
LINE
  5
26C
100
AcDbEntity
  8
0
100
AcDbLine
 62
2
  6
CONTINUOUS
 10
53.9147058298
 20
105.5221169005
 30
0.0
 11
53.9147058298
 21
102.2221169005
 31
0.0
  0
LINE
  5
26D
100
AcDbEntity
  8
0
100
AcDbLine
 62
2
  6
CONTINUOUS
 10
53.9147058298
 20
98.9221169005
 30
0.0
 11
53.9147058298
 21
102.2221169005
 31
0.0
  0
LINE
  5
26E
100
AcDbEntity
  8
0
100
AcDbLine
 62
2
  6
CONTINUOUS
 10
53.9147058298
 20
102.2221169005
 30
0.0
 11
53.9147058298
 21
84.5249845776
 31
0.0
  0
INSERT
  5
26F
100
AcDbEntity
  8
0
100
AcDbBlockReference
 62
2
  6
CONTINUOUS
  2
_FILLED
 10
53.9147058298
 20
105.5221169005
 30
0.0
 41
2.5
 42
2.5
 43
2.5
 50
90.0
  0
INSERT
  5
270
100
AcDbEntity
  8
0
100
AcDbBlockReference
 62
2
  6
CONTINUOUS
  2
_FILLED
 10
53.9147058298
 20
98.9221169005
 30
0.0
 41
2.5
 42
2.5
 43
2.5
 50
270.0
  0
ENDBLK
  5
271
100
AcDbEntity
  8
0
  6
BYBLOCK
 62
0
100
AcDbBlockEnd
  0
BLOCK
  5
272
100
AcDbEntity
  8
0
100
AcDbBlockBegin
 62
2
  6
CONTINUOUS
  2
*D5
 70
65
 10
0.0
 20
0.0
 30
0.0
  3
*D5
  1

  0
MTEXT
  5
273
100
AcDbEntity
  8
0
100
AcDbMText
 62
2
  6
CONTINUOUS
  7
STANDARD
 71
1
 72
1
 10
41.0444347754
 20
108.6388025484
 30
0.0
 11
0.0
 21
1.0
 31
0.0
 73
2
 44
0.9
  1
10.00
 40
3.0
 41
12.0
  0
LINE
  5
274
100
AcDbEntity
  8
0
100
AcDbLine
 62
2
  6
CONTINUOUS
 10
66.7373907958
 20
105.7221169005
 30
0.0
 11
43.2944347754
 21
105.7221169005
 31
0.0
  0
LINE
  5
275
100
AcDbEntity
  8
0
100
AcDbLine
 62
2
  6
CONTINUOUS
 10
76.2373907958
 20
95.7221169005
 30
0.0
 11
43.2944347754
 21
95.7221169005
 31
0.0
  0
LINE
  5
276
100
AcDbEntity
  8
0
100
AcDbLine
 62
2
  6
CONTINUOUS
 10
44.7944347754
 20
105.7221169005
 30
0.0
 11
44.7944347754
 21
100.7221169005
 31
0.0
  0
LINE
  5
277
100
AcDbEntity
  8
0
100
AcDbLine
 62
2
  6
CONTINUOUS
 10
44.7944347754
 20
100.7221169005
 30
0.0
 11
44.7944347754
 21
120.6388025484
 31
0.0
  0
LINE
  5
278
100
AcDbEntity
  8
0
100
AcDbLine
 62
2
  6
CONTINUOUS
 10
44.7944347754
 20
95.7221169005
 30
0.0
 11
44.7944347754
 21
100.7221169005
 31
0.0
  0
INSERT
  5
279
100
AcDbEntity
  8
0
100
AcDbBlockReference
 62
2
  6
CONTINUOUS
  2
_FILLED
 10
44.7944347754
 20
105.7221169005
 30
0.0
 41
2.5
 42
2.5
 43
2.5
 50
90.0
  0
INSERT
  5
27A
100
AcDbEntity
  8
0
100
AcDbBlockReference
 62
2
  6
CONTINUOUS
  2
_FILLED
 10
44.7944347754
 20
95.7221169005
 30
0.0
 41
2.5
 42
2.5
 43
2.5
 50
270.0
  0
ENDBLK
  5
27B
100
AcDbEntity
  8
0
  6
BYBLOCK
 62
0
100
AcDbBlockEnd
  0
BLOCK
  5
27C
100
AcDbEntity
  8
0
100
AcDbBlockBegin
 62
2
  6
CONTINUOUS
  2
*D6
 70
65
 10
0.0
 20
0.0
 30
0.0
  3
*D6
  1

  0
MTEXT
  5
27D
100
AcDbEntity
  8
0
100
AcDbMText
 62
2
  6
CONTINUOUS
  7
STANDARD
 71
2
 72
1
 10
89.8873907958
 20
69.7831594704
 30
0.0
 11
1.0
 21
0.0
 31
0.0
 73
2
 44
0.9
  1
26.50
 40
3.0
 41
12.0
  0
LINE
  5
27E
100
AcDbEntity
  8
0
100
AcDbLine
 62
2
  6
CONTINUOUS
 10
103.1373907958
 20
98.5221169005
 30
0.0
 11
103.1373907958
 21
64.5331594704
 31
0.0
  0
LINE
  5
27F
100
AcDbEntity
  8
0
100
AcDbLine
 62
2
  6
CONTINUOUS
 10
76.6373907958
 20
95.3221169005
 30
0.0
 11
76.6373907958
 21
64.5331594704
 31
0.0
  0
LINE
  5
280
100
AcDbEntity
  8
0
100
AcDbLine
 62
2
  6
CONTINUOUS
 10
103.1373907958
 20
66.0331594704
 30
0.0
 11
89.8873907958
 21
66.0331594704
 31
0.0
  0
LINE
  5
281
100
AcDbEntity
  8
0
100
AcDbLine
 62
2
  6
CONTINUOUS
 10
76.6373907958
 20
66.0331594704
 30
0.0
 11
89.8873907958
 21
66.0331594704
 31
0.0
  0
INSERT
  5
282
100
AcDbEntity
  8
0
100
AcDbBlockReference
 62
2
  6
CONTINUOUS
  2
_FILLED
 10
103.1373907958
 20
66.0331594704
 30
0.0
 41
2.5
 42
2.5
 43
2.5
  0
INSERT
  5
283
100
AcDbEntity
  8
0
100
AcDbBlockReference
 62
2
  6
CONTINUOUS
  2
_FILLED
 10
76.6373907958
 20
66.0331594704
 30
0.0
 41
2.5
 42
2.5
 43
2.5
 50
180.0
  0
ENDBLK
  5
284
100
AcDbEntity
  8
0
  6
BYBLOCK
 62
0
100
AcDbBlockEnd
  0
BLOCK
  5
285
100
AcDbEntity
  8
0
100
AcDbBlockBegin
 62
2
  6
CONTINUOUS
  2
*D7
 70
65
 10
0.0
 20
0.0
 30
0.0
  3
*D7
  1

  0
MTEXT
  5
286
100
AcDbEntity
  8
0
100
AcDbMText
 62
2
  6
CONTINUOUS
  7
STANDARD
 71
1
 72
1
 10
163.1922313226
 20
117.9449576847
 30
0.0
 11
1.0
 21
0.0
 31
0.0
 73
2
 44
0.9
  1
1.00
 40
3.0
 41
9.6
  0
LINE
  5
287
100
AcDbEntity
  8
0
100
AcDbLine
 62
2
  6
CONTINUOUS
 10
156.8961227781
 20
106.1221169005
 30
0.0
 11
156.8961227781
 21
115.6949576847
 31
0.0
  0
LINE
  5
288
100
AcDbEntity
  8
0
100
AcDbLine
 62
2
  6
CONTINUOUS
 10
155.8961227781
 20
106.1221169005
 30
0.0
 11
155.8961227781
 21
115.6949576847
 31
0.0
  0
LINE
  5
289
100
AcDbEntity
  8
0
100
AcDbLine
 62
2
  6
CONTINUOUS
 10
156.8961227781
 20
114.1949576847
 30
0.0
 11
172.7922313226
 21
114.1949576847
 31
0.0
  0
LINE
  5
28A
100
AcDbEntity
  8
0
100
AcDbLine
 62
2
  6
CONTINUOUS
 10
172.7922313226
 20
114.1949576847
 30
0.0
 11
156.3961227781
 21
114.1949576847
 31
0.0
  0
LINE
  5
28B
100
AcDbEntity
  8
0
100
AcDbLine
 62
2
  6
CONTINUOUS
 10
155.8961227781
 20
114.1949576847
 30
0.0
 11
152.3961227781
 21
114.1949576847
 31
0.0
  0
LINE
  5
28C
100
AcDbEntity
  8
0
100
AcDbLine
 62
2
  6
CONTINUOUS
 10
152.3961227781
 20
114.1949576847
 30
0.0
 11
156.3961227781
 21
114.1949576847
 31
0.0
  0
INSERT
  5
28D
100
AcDbEntity
  8
0
100
AcDbBlockReference
 62
2
  6
CONTINUOUS
  2
_FILLED
 10
156.8961227781
 20
114.1949576847
 30
0.0
 41
2.5
 42
2.5
 43
2.5
 50
180.0
  0
INSERT
  5
28E
100
AcDbEntity
  8
0
100
AcDbBlockReference
 62
2
  6
CONTINUOUS
  2
_FILLED
 10
155.8961227781
 20
114.1949576847
 30
0.0
 41
2.5
 42
2.5
 43
2.5
  0
ENDBLK
  5
28F
100
AcDbEntity
  8
0
  6
BYBLOCK
 62
0
100
AcDbBlockEnd
  0
ENDSEC
  0
SECTION
  2
ENTITIES
  0
IMAGE
  5
290
100
AcDbEntity
  8
0
100
AcDbRasterImage
 62
7
  6
CONTINUOUS
 10
61.4093054651
 20
153.1847780498
 30
0.0
 11
0.1693333333
 21
0.0
 31
0.0
 12
0.0
 22
0.1693333333
 32
0.0
 13
230.0
 23
51.0
340
       6A7
 70
11
280
0
281
50
282
50
283
0
360
       6A1
 71
1
 91
2
 14
-0.5
 24
-0.5
 14
229.5
 24
50.5
  0
IMAGE
  5
291
100
AcDbEntity
  8
0
100
AcDbRasterImage
 62
7
  6
CONTINUOUS
 10
118.9785085708
 20
156.9752434844
 30
0.0
 11
0.1693333333
 21
0.0
 31
0.0
 12
0.0
 22
0.1693333333
 32
0.0
 13
230.0
 23
51.0
340
       6A8
 70
11
280
0
281
50
282
50
283
0
360
       6A2
 71
1
 91
2
 14
-0.5
 24
-0.5
 14
229.5
 24
50.5
  0
DIMENSION
  5
292
100
AcDbEntity
  8
0
100
AcDbDimension
 62
2
  6
CONTINUOUS
  2
*D0
 10
63.1373907958
 20
125.2199674757
 30
0.0
 11
83.1373905487
 21
125.2199674757
 31
0.0
 70
160
 71
2
 72
2
 41
0.9
 42
40.0
  3
DIMSTYLE_1
100
AcDbAlignedDimension
 13
103.1373907958
 23
105.5221169005
 33
0.0
 14
63.1373907958
 24
105.5221169005
 34
0.0
 50
180.0
100
AcDbRotatedDimension
  0
DIMENSION
  5
293
100
AcDbEntity
  8
0
100
AcDbDimension
 62
2
  6
CONTINUOUS
  2
*D1
 10
118.1287372356
 20
95.7221169005
 30
0.0
 11
118.1287372356
 21
117.230651131
 31
0.0
 70
160
 71
1
 72
2
 41
0.9
 42
10.0
  3
DIMSTYLE_1
100
AcDbAlignedDimension
 13
99.1373907958
 23
105.7221169005
 33
0.0
 14
89.6373907958
 24
95.7221169005
 34
0.0
 50
270.0
100
AcDbRotatedDimension
  0
DIMENSION
  5
294
100
AcDbEntity
  8
0
100
AcDbDimension
 62
2
  6
CONTINUOUS
  2
*D2
 10
99.1373907958
 20
119.3437707206
 30
0.0
 11
83.1373905487
 21
119.3437707206
 31
0.0
 70
160
 71
2
 72
2
 41
0.9
 42
32.0
  3
DIMSTYLE_1
100
AcDbAlignedDimension
 13
67.1373907958
 23
105.7221169005
 33
0.0
 14
99.1373907958
 24
105.7221169005
 34
0.0
100
AcDbRotatedDimension
  0
DIMENSION
  5
295
100
AcDbEntity
  8
0
100
AcDbDimension
 62
2
  6
CONTINUOUS
  2
*D3
 10
111.9313897555
 20
105.5221169005
 30
0.0
 11
111.9313897555
 21
117.3818773957
 31
0.0
 70
160
 71
1
 72
2
 41
0.9
 42
6.6
  3
DIMSTYLE_1
100
AcDbAlignedDimension
 13
103.1373907958
 23
98.9221169005
 33
0.0
 14
103.1373907958
 24
105.5221169005
 34
0.0
 50
90.0
100
AcDbRotatedDimension
  0
DIMENSION
  5
296
100
AcDbEntity
  8
0
100
AcDbDimension
 62
2
  6
CONTINUOUS
  2
*D4
 10
53.9147058298
 20
98.9221169005
 30
0.0
 11
53.9147058298
 21
89.3249841921
 31
0.0
 70
160
 71
3
 72
2
 41
0.9
 42
6.6
  3
DIMSTYLE_1
100
AcDbAlignedDimension
 13
63.1373907958
 23
105.5221169005
 33
0.0
 14
63.1373907958
 24
98.9221169005
 34
0.0
 50
270.0
100
AcDbRotatedDimension
  0
DIMENSION
  5
297
100
AcDbEntity
  8
0
100
AcDbDimension
 62
2
  6
CONTINUOUS
  2
*D5
 10
44.7944347754
 20
95.7221169005
 30
0.0
 11
44.7944347754
 21
114.9388021526
 31
0.0
 70
160
 71
1
 72
2
 41
0.9
 42
10.0
  3
DIMSTYLE_1
100
AcDbAlignedDimension
 13
67.1373907958
 23
105.7221169005
 33
0.0
 14
76.6373907958
 24
95.7221169005
 34
0.0
 50
270.0
100
AcDbRotatedDimension
  0
DIMENSION
  5
298
100
AcDbEntity
  8
0
100
AcDbDimension
 62
2
  6
CONTINUOUS
  2
*D6
 10
76.6373907958
 20
66.0331594704
 30
0.0
 11
89.8873926086
 21
66.0331594704
 31
0.0
 70
160
 71
2
 72
2
 41
0.9
 42
26.5
  3
DIMSTYLE_1
100
AcDbAlignedDimension
 13
103.1373907958
 23
98.9221169005
 33
0.0
 14
76.6373907958
 24
95.7221169005
 34
0.0
 50
180.0
100
AcDbRotatedDimension
  0
DIMENSION
  5
299
100
AcDbEntity
  8
0
100
AcDbDimension
 62
2
  6
CONTINUOUS
  2
*D7
 10
155.8961227781
 20
114.1949576847
 30
0.0
 11
168.2922384338
 21
114.1949576847
 31
0.0
 70
160
 71
1
 72
2
 41
0.9
 42
1.0
  3
DIMSTYLE_1
100
AcDbAlignedDimension
 13
156.8961227781
 23
105.7221169005
 33
0.0
 14
155.8961227781
 24
105.7221169005
 34
0.0
 50
180.0
100
AcDbRotatedDimension
  0
LEADER
  5
29A
100
AcDbEntity
  8
0
100
AcDbLeader
 62
2
  6
CONTINUOUS
  3
STANDARD
 71
1
 72
0
 73
0
 75
0
 40
3.0
 41
26.4
 76
3
 10
101.6373907958
 20
100.7322152525
 30
0.0
 10
107.8518119563
 20
65.9590812024
 30
0.0
 10
107.9518119563
 20
65.9590812024
 30
0.0
340
29C
1001
ACAD
1000
DSTYLE
1002
{
1070
77
1070
0
1002
}
  0
LEADER
  5
29B
100
AcDbEntity
  8
0
100
AcDbLeader
 62
2
  6
CONTINUOUS
  3
STANDARD
 71
1
 72
0
 73
0
 75
0
 40
3.0
 41
26.4
 76
3
 10
64.6373907958
 20
101.9549315341
 30
0.0
 10
107.8518119563
 20
65.9590812024
 30
0.0
 10
107.9518119563
 20
65.9590812024
 30
0.0
340
29C
1001
ACAD
1000
DSTYLE
1002
{
1070
77
1070
0
1002
}
  0
MTEXT
  5
29C
102
{ACAD_REACTORS
330
29A
330
29B
102
}
100
AcDbEntity
  8
0
100
AcDbMText
 62
2
  6
CONTINUOUS
  7
STANDARD
 71
1
 72
1
 10
107.9518119563
 20
67.4590812024
 30
0.0
 11
1.0
 21
0.0
 31
0.0
 73
2
 44
0.9
  1
此线外围区域不能放元件
 40
3.0
 41
26.4
  0
LEADER
  5
29D
100
AcDbEntity
  8
0
100
AcDbLeader
 62
2
  6
CONTINUOUS
  3
STANDARD
 71
1
 72
0
 73
0
 75
0
 40
3.0
 41
26.4
 76
3
 10
193.9238031652
 20
100.0565826569
 30
0.0
 10
188.5632994209
 20
42.9677672436
 30
0.0
 10
188.4632994209
 20
42.9677672436
 30
0.0
340
29F
1001
ACAD
1000
DSTYLE
1002
{
1070
77
1070
0
1002
}
  0
LEADER
  5
29E
100
AcDbEntity
  8
0
100
AcDbLeader
 62
2
  6
CONTINUOUS
  3
STANDARD
 71
1
 72
0
 73
0
 75
0
 40
3.0
 41
26.4
 76
3
 10
230.9238031652
 20
101.7395179067
 30
0.0
 10
188.5632994209
 20
42.9677672436
 30
0.0
 10
188.4632994209
 20
42.9677672436
 30
0.0
340
29F
1001
ACAD
1000
DSTYLE
1002
{
1070
77
1070
0
1002
}
  0
MTEXT
  5
29F
102
{ACAD_REACTORS
330
29D
330
29E
102
}
100
AcDbEntity
  8
0
100
AcDbMText
 62
2
  6
CONTINUOUS
  7
STANDARD
 71
3
 72
1
 10
188.4632994209
 20
44.4677672436
 30
0.0
 11
1.0
 21
0.0
 31
0.0
 73
2
 44
0.9
  1
此线外围区域不能放元件
 40
3.0
 41
26.4
  0
LEADER
  5
2A0
100
AcDbEntity
  8
0
100
AcDbLeader
 62
2
  6
CONTINUOUS
  3
STANDARD
 71
1
 72
0
 73
0
 75
0
 40
3.0
 41
9.6
 76
3
 10
67.3161898119
 20
157.0506052611
 30
0.0
 10
55.7027160938
 20
143.4083904656
 30
0.0
 10
55.6027160938
 20
143.4083904656
 30
0.0
340
2A1
1001
ACAD
1000
DSTYLE
1002
{
1070
77
1070
0
1002
}
  0
MTEXT
  5
2A1
102
{ACAD_REACTORS
330
2A0
102
}
100
AcDbEntity
  8
0
100
AcDbMText
 62
2
  6
CONTINUOUS
  7
STANDARD
 71
3
 72
1
 10
55.6027160938
 20
144.9083904656
 30
0.0
 11
1.0
 21
0.0
 31
0.0
 73
2
 44
0.9
  1
电源开关
 40
3.0
 41
9.6
  0
LEADER
  5
2A2
100
AcDbEntity
  8
0
100
AcDbLeader
 62
2
  6
CONTINUOUS
  3
STANDARD
 71
1
 72
0
 73
0
 75
0
 40
3.0
 41
14.4
 76
3
 10
79.0244003967
 20
153.4523530505
 30
0.0
 10
73.0059371763
 20
133.9765989315
 30
0.0
 10
72.9059371763
 20
133.9765989315
 30
0.0
340
2A3
1001
ACAD
1000
DSTYLE
1002
{
1070
77
1070
0
1002
}
  0
MTEXT
  5
2A3
102
{ACAD_REACTORS
330
2A2
102
}
100
AcDbEntity
  8
0
100
AcDbMText
 62
2
  6
CONTINUOUS
  7
STANDARD
 71
3
 72
1
 10
72.9059371763
 20
135.4765989315
 30
0.0
 11
1.0
 21
0.0
 31
0.0
 73
2
 44
0.9
  1
USB充电座
 40
3.0
 41
14.4
  0
MTEXT
  5
2A4
100
AcDbEntity
  8
0
100
AcDbMText
 62
2
  6
CONTINUOUS
  7
STANDARD
 71
1
 72
1
 10
104.3139618613
 20
174.9676510026
 30
0.0
 11
1.0
 21
0.0
 31
0.0
 73
2
 44
0.9
  1
接线座
 40
3.0
 41
7.2
  0
LEADER
  5
2A5
100
AcDbEntity
  8
0
100
AcDbLeader
 62
2
  6
CONTINUOUS
  3
STANDARD
 71
1
 72
0
 73
0
 75
0
 40
3.0
 41
9.6
 76
3
 10
91.9602231363
 20
157.0506052611
 30
0.0
 10
98.5201142326
 20
139.3702607156
 30
0.0
 10
98.6201142326
 20
139.3702607156
 30
0.0
340
2A6
1001
ACAD
1000
DSTYLE
1002
{
1070
77
1070
0
1002
}
  0
MTEXT
  5
2A6
102
{ACAD_REACTORS
330
2A5
102
}
100
AcDbEntity
  8
0
100
AcDbMText
 62
2
  6
CONTINUOUS
  7
STANDARD
 71
1
 72
1
 10
98.6201142326
 20
140.8702607156
 30
0.0
 11
1.0
 21
0.0
 31
0.0
 73
2
 44
0.9
  1
设置按键
 40
3.0
 41
9.6
  0
LEADER
  5
2A7
100
AcDbEntity
  8
0
100
AcDbLeader
 62
2
  6
CONTINUOUS
  3
STANDARD
 71
1
 72
0
 73
3
 75
0
 40
3.0
 41
4.8
 76
3
 10
135.2651235696
 20
159.3161226812
 30
0.0
 10
113.7794972269
 20
172.8805801384
 30
0.0
 10
113.6794972269
 20
172.8805801384
 30
0.0
1001
ACAD
1000
DSTYLE
1002
{
1070
77
1070
0
1070
341
1005
230
1002
}
  0
LINE
  5
2A8
100
AcDbEntity
  8
0
100
AcDbLine
 62
7
  6
CONTINUOUS
 10
0.0
 20
0.0
 30
0.0
 11
0.0
 21
210.0
 31
0.0
  0
LINE
  5
2A9
100
AcDbEntity
  8
0
100
AcDbLine
 62
7
  6
CONTINUOUS
 10
0.0
 20
0.0
 30
0.0
 11
297.0
 21
0.0
 31
0.0
  0
LINE
  5
2AA
100
AcDbEntity
  8
0
100
AcDbLine
 62
7
  6
CONTINUOUS
 10
0.0
 20
210.0
 30
0.0
 11
297.0
 21
210.0
 31
0.0
  0
LINE
  5
2AB
100
AcDbEntity
  8
0
100
AcDbLine
 62
7
  6
CONTINUOUS
 10
297.0
 20
0.0
 30
0.0
 11
297.0
 21
210.0
 31
0.0
  0
LINE
  5
2AC
100
AcDbEntity
  8
0
100
AcDbLine
 62
7
  6
CONTINUOUS
 10
66.7095071273
 20
98.9379047017
 30
0.0
 11
66.7679198786
 21
99.0760638508
 31
0.0
  0
LINE
  5
2AD
100
AcDbEntity
  8
0
100
AcDbLine
 62
7
  6
CONTINUOUS
 10
63.1373907958
 20
105.5221169005
 30
0.0
 11
63.1373907958
 21
98.9221169005
 31
0.0
  0
LINE
  5
2AE
100
AcDbEntity
  8
03__ASM_ALL_CURVES
100
AcDbLine
 62
4
  6
CONTINUOUS
 10
63.1373907958
 20
98.9221169005
 30
0.0
 11
63.1373907958
 21
105.5221169005
 31
0.0
  0
LINE
  5
2AF
100
AcDbEntity
  8
03__ASM_ALL_CURVES
100
AcDbLine
 62
4
  6
CONTINUOUS
 10
64.6373907958
 20
105.5221169005
 30
0.0
 11
64.6373907958
 21
98.9221169005
 31
0.0
  0
LINE
  5
2B0
100
AcDbEntity
  8
0
100
AcDbLine
 62
4
  6
CONTINUOUS
 10
66.2873907958
 20
98.9221169005
 30
0.0
 11
66.2873907958
 21
99.7221169005
 31
0.0
  0
LINE
  5
2B1
100
AcDbEntity
  8
0
100
AcDbLine
 62
7
  6
CONTINUOUS
 10
66.5873907958
 20
99.1221169005
 30
0.0
 11
66.5873907958
 21
100.4757673597
 31
0.0
  0
LINE
  5
2B2
100
AcDbEntity
  8
0
100
AcDbLine
 62
9
  6
CONTINUOUS
 10
66.6341819071
 20
99.7757673597
 30
0.0
 11
66.6341819071
 21
100.4757673597
 31
0.0
  0
LINE
  5
2B3
100
AcDbEntity
  8
0
100
AcDbLine
 62
7
  6
CONTINUOUS
 10
66.6873907958
 20
99.7221169005
 30
0.0
 11
66.6873907958
 21
99.5721169005
 31
0.0
  0
LINE
  5
2B4
100
AcDbEntity
  8
0
100
AcDbLine
 62
7
  6
CONTINUOUS
 10
66.7373907958
 20
99.7757673597
 30
0.0
 11
66.7373907958
 21
99.7721169005
 31
0.0
  0
LINE
  5
2B5
100
AcDbEntity
  8
0
100
AcDbLine
 62
7
  6
CONTINUOUS
 10
66.7373907958
 20
99.1221169005
 30
0.0
 11
66.7373907958
 21
99.4221169005
 31
0.0
  0
LINE
  5
2B6
100
AcDbEntity
  8
0
100
AcDbLine
 62
7
  6
CONTINUOUS
 10
66.7873907958
 20
101.5721169005
 30
0.0
 11
66.7873907958
 21
100.4757673597
 31
0.0
  0
LINE
  5
2B7
100
AcDbEntity
  8
0
100
AcDbLine
 62
7
  6
CONTINUOUS
 10
66.7873907958
 20
99.7757673597
 30
0.0
 11
66.7873907958
 21
99.7721169005
 31
0.0
  0
LINE
  5
2B8
100
AcDbEntity
  8
0
100
AcDbLine
 62
7
  6
CONTINUOUS
 10
66.7873907958
 20
98.9221169005
 30
0.0
 11
66.7873907958
 21
99.1909780704
 31
0.0
  0
LINE
  5
2B9
100
AcDbEntity
  8
0
100
AcDbLine
 62
7
  6
CONTINUOUS
 10
66.8373907958
 20
99.0721169005
 30
0.0
 11
66.8373907958
 21
98.9221169005
 31
0.0
  0
LINE
  5
2BA
100
AcDbEntity
  8
0
100
AcDbLine
 62
7
  6
CONTINUOUS
 10
66.914133642
 20
99.8757673597
 30
0.0
 11
66.914133642
 21
100.3757673597
 31
0.0
  0
LINE
  5
2BB
100
AcDbEntity
  8
0
100
AcDbLine
 62
9
  6
CONTINUOUS
 10
66.9373907958
 20
98.9221169005
 30
0.0
 11
66.9373907958
 21
99.0721169005
 31
0.0
  0
LINE
  5
2BC
100
AcDbEntity
  8
0
100
AcDbLine
 62
7
  6
CONTINUOUS
 10
66.9873907958
 20
101.5721169005
 30
0.0
 11
66.9873907958
 21
101.5821169005
 31
0.0
  0
LINE
  5
2BD
100
AcDbEntity
  8
0
100
AcDbLine
 62
4
  6
CONTINUOUS
 10
66.9873907958
 20
101.5821169005
 30
0.0
 11
66.9873907958
 21
101.7721169005
 31
0.0
  0
LINE
  5
2BE
100
AcDbEntity
  8
0
100
AcDbLine
 62
7
  6
CONTINUOUS
 10
67.0290403084
 20
99.8757673597
 30
0.0
 11
67.0290403084
 21
100.3757673597
 31
0.0
  0
LINE
  5
2BF
100
AcDbEntity
  8
0
100
AcDbLine
 62
7
  6
CONTINUOUS
 10
67.1373907958
 20
105.7221169005
 30
0.0
 11
67.1373907958
 21
105.5221169005
 31
0.0
  0
LINE
  5
2C0
100
AcDbEntity
  8
0
100
AcDbLine
 62
7
  6
CONTINUOUS
 10
67.1373907958
 20
101.5721169005
 30
0.0
 11
67.1373907958
 21
99.7721169005
 31
0.0
  0
LINE
  5
2C1
100
AcDbEntity
  8
0
100
AcDbLine
 62
7
  6
CONTINUOUS
 10
67.1873907958
 20
101.3821169005
 30
0.0
 11
67.1873907958
 21
101.5821169005
 31
0.0
  0
LINE
  5
2C2
100
AcDbEntity
  8
0
100
AcDbLine
 62
7
  6
CONTINUOUS
 10
67.7873907958
 20
102.2221169005
 30
0.0
 11
67.7873907958
 21
101.7221169005
 31
0.0
  0
LINE
  5
2C3
100
AcDbEntity
  8
0
100
AcDbLine
 62
7
  6
CONTINUOUS
 10
67.7873907958
 20
101.3821169005
 30
0.0
 11
67.7873907958
 21
101.5821169005
 31
0.0
  0
LINE
  5
2C4
100
AcDbEntity
  8
0
100
AcDbLine
 62
4
  6
CONTINUOUS
 10
67.9873907958
 20
101.7721169005
 30
0.0
 11
67.9873907958
 21
101.5721169005
 31
0.0
  0
LINE
  5
2C5
100
AcDbEntity
  8
0
100
AcDbLine
 62
9
  6
CONTINUOUS
 10
68.0373907958
 20
99.0721169005
 30
0.0
 11
68.0373907958
 21
98.9221169005
 31
0.0
  0
LINE
  5
2C6
100
AcDbEntity
  8
0
100
AcDbLine
 62
7
  6
CONTINUOUS
 10
68.0873907958
 20
99.0721169005
 30
0.0
 11
68.0873907958
 21
101.5721169005
 31
0.0
  0
LINE
  5
2C7
100
AcDbEntity
  8
0
100
AcDbLine
 62
9
  6
CONTINUOUS
 10
68.1342153794
 20
99.0721169005
 30
0.0
 11
68.1342153794
 21
98.9221169005
 31
0.0
  0
LINE
  5
2C8
100
AcDbEntity
  8
0
100
AcDbLine
 62
7
  6
CONTINUOUS
 10
68.1373907958
 20
101.7221169005
 30
0.0
 11
68.1373907958
 21
102.2221169005
 31
0.0
  0
LINE
  5
2C9
100
AcDbEntity
  8
0
100
AcDbLine
 62
9
  6
CONTINUOUS
 10
68.2310399631
 20
98.9221169005
 30
0.0
 11
68.2310399631
 21
99.0721169005
 31
0.0
  0
LINE
  5
2CA
100
AcDbEntity
  8
0
100
AcDbLine
 62
7
  6
CONTINUOUS
 10
68.2373907958
 20
99.0721169005
 30
0.0
 11
68.2373907958
 21
101.5721169005
 31
0.0
  0
LINE
  5
2CB
100
AcDbEntity
  8
0
100
AcDbLine
 62
7
  6
CONTINUOUS
 10
68.3373907958
 20
98.9221169005
 30
0.0
 11
68.3373907958
 21
98.5221169005
 31
0.0
  0
LINE
  5
2CC
100
AcDbEntity
  8
0
100
AcDbLine
 62
9
  6
CONTINUOUS
 10
68.3373907958
 20
99.0721169005
 30
0.0
 11
68.3373907958
 21
98.9221169005
 31
0.0
  0
LINE
  5
2CD
100
AcDbEntity
  8
0
100
AcDbLine
 62
9
  6
CONTINUOUS
 10
68.3623907958
 20
98.5221169005
 30
0.0
 11
68.3623907958
 21
98.9221169005
 31
0.0
  0
LINE
  5
2CE
100
AcDbEntity
  8
0
100
AcDbLine
 62
7
  6
CONTINUOUS
 10
68.3873907958
 20
99.0721169005
 30
0.0
 11
68.3873907958
 21
99.6721169005
 31
0.0
  0
LINE
  5
2CF
100
AcDbEntity
  8
0
100
AcDbLine
 62
7
  6
CONTINUOUS
 10
68.4239933361
 20
99.0721169005
 30
0.0
 11
68.4239933361
 21
98.9221169005
 31
0.0
  0
LINE
  5
2D0
100
AcDbEntity
  8
0
100
AcDbLine
 62
7
  6
CONTINUOUS
 10
68.4373907958
 20
98.9379047017
 30
0.0
 11
68.4373907958
 21
99.5457673597
 31
0.0
  0
LINE
  5
2D1
100
AcDbEntity
  8
0
100
AcDbLine
 62
7
  6
CONTINUOUS
 10
72.5130491467
 20
99.3490919535
 30
0.0
 11
72.5873907958
 21
99.5721169005
 31
0.0
  0
LINE
  5
2D2
100
AcDbEntity
  8
0
100
AcDbLine
 62
9
  6
CONTINUOUS
 10
68.9571236862
 20
98.9221169005
 30
0.0
 11
68.9571236862
 21
98.4721169005
 31
0.0
  0
LINE
  5
2D3
100
AcDbEntity
  8
0
100
AcDbLine
 62
9
  6
CONTINUOUS
 10
69.0523610815
 20
98.5221169005
 30
0.0
 11
69.0523610815
 21
98.9221169005
 31
0.0
  0
LINE
  5
2D4
100
AcDbEntity
  8
0
100
AcDbLine
 62
9
  6
CONTINUOUS
 10
70.22242051
 20
98.5221169005
 30
0.0
 11
70.22242051
 21
98.9221169005
 31
0.0
  0
LINE
  5
2D5
100
AcDbEntity
  8
0
100
AcDbLine
 62
9
  6
CONTINUOUS
 10
70.3176579053
 20
98.4721169005
 30
0.0
 11
70.3176579053
 21
98.9221169005
 31
0.0
  0
LINE
  5
2D6
100
AcDbEntity
  8
0
100
AcDbLine
 62
7
  6
CONTINUOUS
 10
70.8373907958
 20
98.9379047017
 30
0.0
 11
70.8373907958
 21
99.5457673597
 31
0.0
  0
LINE
  5
2D7
100
AcDbEntity
  8
0
100
AcDbLine
 62
7
  6
CONTINUOUS
 10
70.8507882554
 20
98.9221169005
 30
0.0
 11
70.8507882554
 21
99.0721169005
 31
0.0
  0
LINE
  5
2D8
100
AcDbEntity
  8
0
100
AcDbLine
 62
7
  6
CONTINUOUS
 10
70.8873907958
 20
99.0721169005
 30
0.0
 11
70.8873907958
 21
99.6721169005
 31
0.0
  0
LINE
  5
2D9
100
AcDbEntity
  8
0
100
AcDbLine
 62
7
  6
CONTINUOUS
 10
84.1988239137
 20
101.1645941002
 30
0.0
 11
84.3170340656
 21
101.2935993009
 31
0.0
  0
LINE
  5
2DA
100
AcDbEntity
  8
0
100
AcDbLine
 62
9
  6
CONTINUOUS
 10
70.9123907958
 20
98.9221169005
 30
0.0
 11
70.9123907958
 21
98.5221169005
 31
0.0
  0
LINE
  5
2DB
100
AcDbEntity
  8
0
100
AcDbLine
 62
7
  6
CONTINUOUS
 10
70.9373907958
 20
98.5221169005
 30
0.0
 11
70.9373907958
 21
98.9221169005
 31
0.0
  0
LINE
  5
2DC
100
AcDbEntity
  8
0
100
AcDbLine
 62
9
  6
CONTINUOUS
 10
70.9373907958
 20
98.9221169005
 30
0.0
 11
70.9373907958
 21
99.0721169005
 31
0.0
  0
LINE
  5
2DD
100
AcDbEntity
  8
0
100
AcDbLine
 62
7
  6
CONTINUOUS
 10
71.0373907958
 20
99.0721169005
 30
0.0
 11
71.0373907958
 21
101.5721169005
 31
0.0
  0
LINE
  5
2DE
100
AcDbEntity
  8
0
100
AcDbLine
 62
9
  6
CONTINUOUS
 10
71.0437416284
 20
99.0721169005
 30
0.0
 11
71.0437416284
 21
98.9221169005
 31
0.0
  0
LINE
  5
2DF
100
AcDbEntity
  8
0
100
AcDbLine
 62
7
  6
CONTINUOUS
 10
71.1373907958
 20
102.2221169005
 30
0.0
 11
71.1373907958
 21
101.7221169005
 31
0.0
  0
LINE
  5
2E0
100
AcDbEntity
  8
0
100
AcDbLine
 62
9
  6
CONTINUOUS
 10
71.1405662121
 20
99.0721169005
 30
0.0
 11
71.1405662121
 21
98.9221169005
 31
0.0
  0
LINE
  5
2E1
100
AcDbEntity
  8
0
100
AcDbLine
 62
7
  6
CONTINUOUS
 10
71.1873907958
 20
99.0721169005
 30
0.0
 11
71.1873907958
 21
101.5721169005
 31
0.0
  0
LINE
  5
2E2
100
AcDbEntity
  8
0
100
AcDbLine
 62
9
  6
CONTINUOUS
 10
71.2373907958
 20
98.9221169005
 30
0.0
 11
71.2373907958
 21
99.0721169005
 31
0.0
  0
LINE
  5
2E3
100
AcDbEntity
  8
0
100
AcDbLine
 62
4
  6
CONTINUOUS
 10
71.2873907958
 20
101.7721169005
 30
0.0
 11
71.2873907958
 21
101.5721169005
 31
0.0
  0
LINE
  5
2E4
100
AcDbEntity
  8
0
100
AcDbLine
 62
7
  6
CONTINUOUS
 10
71.4873907958
 20
101.3821169005
 30
0.0
 11
71.4873907958
 21
101.5821169005
 31
0.0
  0
LINE
  5
2E5
100
AcDbEntity
  8
0
100
AcDbLine
 62
7
  6
CONTINUOUS
 10
71.4873907958
 20
101.7221169005
 30
0.0
 11
71.4873907958
 21
102.2221169005
 31
0.0
  0
LINE
  5
2E6
100
AcDbEntity
  8
0
100
AcDbLine
 62
7
  6
CONTINUOUS
 10
72.0873907958
 20
101.3821169005
 30
0.0
 11
72.0873907958
 21
101.5821169005
 31
0.0
  0
LINE
  5
2E7
100
AcDbEntity
  8
0
100
AcDbLine
 62
7
  6
CONTINUOUS
 10
72.1373907958
 20
101.5721169005
 30
0.0
 11
72.1373907958
 21
99.7721169005
 31
0.0
  0
LINE
  5
2E8
100
AcDbEntity
  8
0
100
AcDbLine
 62
7
  6
CONTINUOUS
 10
72.2457412831
 20
100.3757673597
 30
0.0
 11
72.2457412831
 21
99.8757673597
 31
0.0
  0
LINE
  5
2E9
100
AcDbEntity
  8
0
100
AcDbLine
 62
7
  6
CONTINUOUS
 10
72.2873907958
 20
101.5721169005
 30
0.0
 11
72.2873907958
 21
101.5821169005
 31
0.0
  0
LINE
  5
2EA
100
AcDbEntity
  8
0
100
AcDbLine
 62
4
  6
CONTINUOUS
 10
72.2873907958
 20
101.5821169005
 30
0.0
 11
72.2873907958
 21
101.7721169005
 31
0.0
  0
LINE
  5
2EB
100
AcDbEntity
  8
0
100
AcDbLine
 62
9
  6
CONTINUOUS
 10
72.3373907958
 20
99.0721169005
 30
0.0
 11
72.3373907958
 21
98.9221169005
 31
0.0
  0
LINE
  5
2EC
100
AcDbEntity
  8
0
100
AcDbLine
 62
7
  6
CONTINUOUS
 10
72.3606479495
 20
100.3757673597
 30
0.0
 11
72.3606479495
 21
99.8757673597
 31
0.0
  0
LINE
  5
2ED
100
AcDbEntity
  8
0
100
AcDbLine
 62
7
  6
CONTINUOUS
 10
72.4373907958
 20
98.9221169005
 30
0.0
 11
72.4373907958
 21
99.0721169005
 31
0.0
  0
LINE
  5
2EE
100
AcDbEntity
  8
0
100
AcDbLine
 62
7
  6
CONTINUOUS
 10
72.4873907958
 20
101.5721169005
 30
0.0
 11
72.4873907958
 21
100.4757673597
 31
0.0
  0
LINE
  5
2EF
100
AcDbEntity
  8
0
100
AcDbLine
 62
7
  6
CONTINUOUS
 10
72.4873907958
 20
99.7757673597
 30
0.0
 11
72.4873907958
 21
99.7721169005
 31
0.0
  0
LINE
  5
2F0
100
AcDbEntity
  8
0
100
AcDbLine
 62
7
  6
CONTINUOUS
 10
72.4873907958
 20
98.9221169005
 30
0.0
 11
72.4873907958
 21
99.1909780704
 31
0.0
  0
LINE
  5
2F1
100
AcDbEntity
  8
0
100
AcDbLine
 62
7
  6
CONTINUOUS
 10
72.5373907958
 20
99.4221169005
 30
0.0
 11
72.5373907958
 21
99.1221169005
 31
0.0
  0
LINE
  5
2F2
100
AcDbEntity
  8
0
100
AcDbLine
 62
7
  6
CONTINUOUS
 10
72.5373907958
 20
99.7721169005
 30
0.0
 11
72.5373907958
 21
99.7757673597
 31
0.0
  0
LINE
  5
2F3
100
AcDbEntity
  8
0
100
AcDbLine
 62
7
  6
CONTINUOUS
 10
72.5873907958
 20
99.7221169005
 30
0.0
 11
72.5873907958
 21
99.5721169005
 31
0.0
  0
LINE
  5
2F4
100
AcDbEntity
  8
0
100
AcDbLine
 62
9
  6
CONTINUOUS
 10
72.6405996844
 20
100.4757673597
 30
0.0
 11
72.6405996844
 21
99.7757673597
 31
0.0
  0
LINE
  5
2F5
100
AcDbEntity
  8
0
100
AcDbLine
 62
7
  6
CONTINUOUS
 10
72.6873907958
 20
99.1221169005
 30
0.0
 11
72.6873907958
 21
100.4757673597
 31
0.0
  0
LINE
  5
2F6
100
AcDbEntity
  8
0
100
AcDbLine
 62
4
  6
CONTINUOUS
 10
72.9873907958
 20
98.9221169005
 30
0.0
 11
72.9873907958
 21
99.7221169005
 31
0.0
  0
LINE
  5
2F7
100
AcDbEntity
  8
0
100
AcDbLine
 62
7
  6
CONTINUOUS
 10
84.9599249207
 20
101.3151919431
 30
0.0
 11
84.9460273012
 21
101.2971169005
 31
0.0
  0
LINE
  5
2F8
100
AcDbEntity
  8
0
100
AcDbLine
 62
7
  6
CONTINUOUS
 10
66.6873907958
 20
99.5721169005
 30
0.0
 11
66.7617324448
 21
99.3490919535
 31
0.0
  0
LINE
  5
2F9
100
AcDbEntity
  8
0
100
AcDbLine
 62
7
  6
CONTINUOUS
 10
76.6373907958
 20
95.7221169005
 30
0.0
 11
76.6373907958
 21
97.9221169005
 31
0.0
  0
LINE
  5
2FA
100
AcDbEntity
  8
0
100
AcDbLine
 62
7
  6
CONTINUOUS
 10
78.6673907958
 20
94.7221169005
 30
0.0
 11
78.6673907958
 21
102.0521169005
 31
0.0
  0
LINE
  5
2FB
100
AcDbEntity
  8
0
100
AcDbLine
 62
7
  6
CONTINUOUS
 10
78.6923907958
 20
101.3721169005
 30
0.0
 11
78.6923907958
 21
102.0721169005
 31
0.0
  0
LINE
  5
2FC
100
AcDbEntity
  8
0
100
AcDbLine
 62
7
  6
CONTINUOUS
 10
78.9948421653
 20
101.5221130766
 30
0.0
 11
78.9948422294
 21
101.8471174195
 31
0.0
  0
LINE
  5
2FD
100
AcDbEntity
  8
0
100
AcDbLine
 62
7
  6
CONTINUOUS
 10
79.3374073522
 20
101.9971169005
 30
0.0
 11
79.3374073522
 21
102.0721169005
 31
0.0
  0
LINE
  5
2FE
100
AcDbEntity
  8
0
100
AcDbLine
 62
7
  6
CONTINUOUS
 10
79.7123907782
 20
102.0721169005
 30
0.0
 11
79.7123907782
 21
102.3198146304
 31
0.0
  0
LINE
  5
2FF
100
AcDbEntity
  8
0
100
AcDbLine
 62
7
  6
CONTINUOUS
 10
79.9123915412
 20
102.0721169005
 30
0.0
 11
79.9123915412
 21
102.3198146304
 31
0.0
  0
LINE
  5
300
100
AcDbEntity
  8
0
100
AcDbLine
 62
9
  6
CONTINUOUS
 10
79.9473866277
 20
101.9971169005
 30
0.0
 11
79.9473876083
 21
94.7221169005
 31
0.0
  0
LINE
  5
301
100
AcDbEntity
  8
0
100
AcDbLine
 62
7
  6
CONTINUOUS
 10
79.9623907958
 20
102.0721169005
 30
0.0
 11
79.9623907958
 21
102.3198146304
 31
0.0
  0
LINE
  5
302
100
AcDbEntity
  8
0
100
AcDbLine
 62
9
  6
CONTINUOUS
 10
80.0923907959
 20
102.0721169005
 30
0.0
 11
80.0923907959
 21
101.9971169005
 31
0.0
  0
LINE
  5
303
100
AcDbEntity
  8
0
100
AcDbLine
 62
7
  6
CONTINUOUS
 10
80.1373907958
 20
101.9971169005
 30
0.0
 11
80.1373907958
 21
102.0721169005
 31
0.0
  0
LINE
  5
304
100
AcDbEntity
  8
0
100
AcDbLine
 62
7
  6
CONTINUOUS
 10
80.1623907958
 20
102.0721169005
 30
0.0
 11
80.1623907958
 21
102.3198146304
 31
0.0
  0
LINE
  5
305
100
AcDbEntity
  8
0
100
AcDbLine
 62
7
  6
CONTINUOUS
 10
80.4273907958
 20
101.8471169005
 30
0.0
 11
80.4273907958
 21
101.0471167421
 31
0.0
  0
LINE
  5
306
100
AcDbEntity
  8
0
100
AcDbLine
 62
7
  6
CONTINUOUS
 10
80.4373907958
 20
100.9859871688
 30
0.0
 11
80.4373907958
 21
102.0721169005
 31
0.0
  0
LINE
  5
307
100
AcDbEntity
  8
0
100
AcDbLine
 62
7
  6
CONTINUOUS
 10
80.5123906225
 20
102.0721169005
 30
0.0
 11
80.5123906225
 21
102.3198146304
 31
0.0
  0
LINE
  5
308
100
AcDbEntity
  8
0
100
AcDbLine
 62
7
  6
CONTINUOUS
 10
80.6873907958
 20
101.1521169005
 30
0.0
 11
80.6873907958
 21
102.0721169005
 31
0.0
  0
LINE
  5
309
100
AcDbEntity
  8
0
100
AcDbLine
 62
7
  6
CONTINUOUS
 10
80.7123904318
 20
102.0721169005
 30
0.0
 11
80.7123904318
 21
102.3198146304
 31
0.0
  0
LINE
  5
30A
100
AcDbEntity
  8
0
100
AcDbLine
 62
9
  6
CONTINUOUS
 10
80.7538984217
 20
99.5221169005
 30
0.0
 11
80.7538981204
 21
100.0221169005
 31
0.0
  0
LINE
  5
30B
100
AcDbEntity
  8
0
100
AcDbLine
 62
7
  6
CONTINUOUS
 10
80.7623907958
 20
102.0721169005
 30
0.0
 11
80.7623907958
 21
102.3198146304
 31
0.0
  0
LINE
  5
30C
100
AcDbEntity
  8
0
100
AcDbLine
 62
7
  6
CONTINUOUS
 10
80.9623907958
 20
102.0721169005
 30
0.0
 11
80.9623907958
 21
102.3198146304
 31
0.0
  0
LINE
  5
30D
100
AcDbEntity
  8
0
100
AcDbLine
 62
9
  6
CONTINUOUS
 10
81.073731198
 20
100.0221169005
 30
0.0
 11
81.0737311945
 21
99.5221169005
 31
0.0
  0
LINE
  5
30E
100
AcDbEntity
  8
0
100
AcDbLine
 62
7
  6
CONTINUOUS
 10
81.0922466638
 20
101.4971170049
 30
0.0
 11
81.0922466638
 21
101.7971168433
 31
0.0
  0
LINE
  5
30F
100
AcDbEntity
  8
0
100
AcDbLine
 62
9
  6
CONTINUOUS
 10
81.1771810925
 20
99.5221169005
 30
0.0
 11
81.177181094
 21
100.0221169005
 31
0.0
  0
LINE
  5
310
100
AcDbEntity
  8
0
100
AcDbLine
 62
9
  6
CONTINUOUS
 10
81.2685653149
 20
100.0221169005
 30
0.0
 11
81.2685638738
 21
99.5221169005
 31
0.0
  0
LINE
  5
311
100
AcDbEntity
  8
0
100
AcDbLine
 62
7
  6
CONTINUOUS
 10
81.2873907958
 20
102.0721169005
 30
0.0
 11
81.2873907958
 21
102.3198146304
 31
0.0
  0
LINE
  5
312
100
AcDbEntity
  8
0
100
AcDbLine
 62
7
  6
CONTINUOUS
 10
72.5068617129
 20
99.0760638508
 30
0.0
 11
72.5652744642
 21
98.9379047017
 31
0.0
  0
LINE
  5
313
100
AcDbEntity
  8
0
100
AcDbLine
 62
7
  6
CONTINUOUS
 10
81.9270075325
 20
101.9971169005
 30
0.0
 11
81.9273982228
 21
101.2971157203
 31
0.0
  0
LINE
  5
314
100
AcDbEntity
  8
0
100
AcDbLine
 62
7
  6
CONTINUOUS
 10
81.5830200089
 20
101.2971169005
 30
0.0
 11
81.5828952114
 21
101.9971169005
 31
0.0
  0
LINE
  5
315
100
AcDbEntity
  8
0
100
AcDbLine
 62
9
  6
CONTINUOUS
 10
81.4542162774
 20
99.5221169005
 30
0.0
 11
81.4542177181
 21
100.0221169005
 31
0.0
  0
LINE
  5
316
100
AcDbEntity
  8
0
100
AcDbLine
 62
7
  6
CONTINUOUS
 10
81.4873907958
 20
102.0721169005
 30
0.0
 11
81.4873907958
 21
102.3198146304
 31
0.0
  0
LINE
  5
317
100
AcDbEntity
  8
0
100
AcDbLine
 62
9
  6
CONTINUOUS
 10
81.5456004957
 20
100.0221169005
 30
0.0
 11
81.5456004957
 21
99.5221169005
 31
0.0
  0
LINE
  5
318
100
AcDbEntity
  8
0
100
AcDbLine
 62
9
  6
CONTINUOUS
 10
81.6490509282
 20
99.5221169005
 30
0.0
 11
81.6490508059
 21
100.0221169005
 31
0.0
  0
LINE
  5
319
100
AcDbEntity
  8
0
100
AcDbLine
 62
7
  6
CONTINUOUS
 10
81.7873911947
 20
102.0721169005
 30
0.0
 11
81.7873911947
 21
102.3198146304
 31
0.0
  0
LINE
  5
31A
100
AcDbEntity
  8
0
100
AcDbLine
 62
7
  6
CONTINUOUS
 10
81.8873907958
 20
101.9971169005
 30
0.0
 11
81.8873907958
 21
102.0721169005
 31
0.0
  0
LINE
  5
31B
100
AcDbEntity
  8
0
100
AcDbLine
 62
9
  6
CONTINUOUS
 10
81.9688844862
 20
100.0221169005
 30
0.0
 11
81.9688844778
 21
99.5221169005
 31
0.0
  0
LINE
  5
31C
100
AcDbEntity
  8
0
100
AcDbLine
 62
7
  6
CONTINUOUS
 10
81.987391004
 20
102.0721169005
 30
0.0
 11
81.987391004
 21
102.3198146304
 31
0.0
  0
LINE
  5
31D
100
AcDbEntity
  8
0
100
AcDbLine
 62
7
  6
CONTINUOUS
 10
82.0773907958
 20
100.9971169005
 30
0.0
 11
82.0773907958
 21
101.1471169006
 31
0.0
  0
LINE
  5
31E
100
AcDbEntity
  8
0
100
AcDbLine
 62
7
  6
CONTINUOUS
 10
82.0873907958
 20
102.0721169005
 30
0.0
 11
82.0873907958
 21
101.9971169005
 31
0.0
  0
LINE
  5
31F
100
AcDbEntity
  8
0
100
AcDbLine
 62
7
  6
CONTINUOUS
 10
82.2873907958
 20
102.0721169005
 30
0.0
 11
82.2873907958
 21
102.3198146304
 31
0.0
  0
LINE
  5
320
100
AcDbEntity
  8
0
100
AcDbLine
 62
7
  6
CONTINUOUS
 10
82.4873907958
 20
102.0721169005
 30
0.0
 11
82.4873907958
 21
102.3198146304
 31
0.0
  0
LINE
  5
321
100
AcDbEntity
  8
0
100
AcDbLine
 62
7
  6
CONTINUOUS
 10
82.7873911947
 20
102.0721169005
 30
0.0
 11
82.7873911947
 21
102.3198146304
 31
0.0
  0
LINE
  5
322
100
AcDbEntity
  8
0
100
AcDbLine
 62
7
  6
CONTINUOUS
 10
82.987391004
 20
102.0721169005
 30
0.0
 11
82.987391004
 21
102.3198146304
 31
0.0
  0
LINE
  5
323
100
AcDbEntity
  8
0
100
AcDbLine
 62
7
  6
CONTINUOUS
 10
83.2873905875
 20
102.0721169005
 30
0.0
 11
83.2873905875
 21
102.3198146304
 31
0.0
  0
LINE
  5
324
100
AcDbEntity
  8
0
100
AcDbLine
 62
7
  6
CONTINUOUS
 10
83.4873903968
 20
102.0721169005
 30
0.0
 11
83.4873903968
 21
102.3198146304
 31
0.0
  0
LINE
  5
325
100
AcDbEntity
  8
0
100
AcDbLine
 62
7
  6
CONTINUOUS
 10
83.7873907958
 20
102.0721169005
 30
0.0
 11
83.7873907958
 21
102.3198146304
 31
0.0
  0
LINE
  5
326
100
AcDbEntity
  8
0
100
AcDbLine
 62
7
  6
CONTINUOUS
 10
83.9873907958
 20
102.0721169005
 30
0.0
 11
83.9873907958
 21
102.3198146304
 31
0.0
  0
LINE
  5
327
100
AcDbEntity
  8
0
100
AcDbLine
 62
7
  6
CONTINUOUS
 10
84.1873907958
 20
101.9971169005
 30
0.0
 11
84.1873907958
 21
102.0721169005
 31
0.0
  0
LINE
  5
328
100
AcDbEntity
  8
0
100
AcDbLine
 62
7
  6
CONTINUOUS
 10
84.1973907958
 20
101.1471169779
 30
0.0
 11
84.1973907958
 21
100.9971169005
 31
0.0
  0
LINE
  5
329
100
AcDbEntity
  8
0
100
AcDbLine
 62
7
  6
CONTINUOUS
 10
84.2873905875
 20
102.0721169005
 30
0.0
 11
84.2873905875
 21
102.3198146304
 31
0.0
  0
LINE
  5
32A
100
AcDbEntity
  8
0
100
AcDbLine
 62
9
  6
CONTINUOUS
 10
84.3048984217
 20
99.5221169005
 30
0.0
 11
84.3048981205
 21
100.0221169005
 31
0.0
  0
LINE
  5
32B
100
AcDbEntity
  8
0
100
AcDbLine
 62
7
  6
CONTINUOUS
 10
84.3873907958
 20
102.0721169005
 30
0.0
 11
84.3873907958
 21
101.9971169005
 31
0.0
  0
LINE
  5
32C
100
AcDbEntity
  8
0
100
AcDbLine
 62
7
  6
CONTINUOUS
 10
84.4873903968
 20
102.0721169005
 30
0.0
 11
84.4873903968
 21
102.3198146304
 31
0.0
  0
LINE
  5
32D
100
AcDbEntity
  8
0
100
AcDbLine
 62
9
  6
CONTINUOUS
 10
84.624731198
 20
100.0221169005
 30
0.0
 11
84.6247311945
 21
99.5221169005
 31
0.0
  0
LINE
  5
32E
100
AcDbEntity
  8
0
100
AcDbLine
 62
9
  6
CONTINUOUS
 10
84.7281810958
 20
99.5221169005
 30
0.0
 11
84.7281810958
 21
100.0221169005
 31
0.0
  0
LINE
  5
32F
100
AcDbEntity
  8
0
100
AcDbLine
 62
7
  6
CONTINUOUS
 10
84.7873907958
 20
102.0721169005
 30
0.0
 11
84.7873907958
 21
102.3198146304
 31
0.0
  0
LINE
  5
330
100
AcDbEntity
  8
0
100
AcDbLine
 62
9
  6
CONTINUOUS
 10
84.8195636937
 20
100.0221169005
 30
0.0
 11
84.8195636937
 21
99.5221169005
 31
0.0
  0
LINE
  5
331
100
AcDbEntity
  8
0
100
AcDbLine
 62
7
  6
CONTINUOUS
 10
84.9873907958
 20
102.0721169005
 30
0.0
 11
84.9873907958
 21
102.3198146304
 31
0.0
  0
LINE
  5
332
100
AcDbEntity
  8
0
100
AcDbLine
 62
9
  6
CONTINUOUS
 10
85.0052178982
 20
99.5221169005
 30
0.0
 11
85.0052178982
 21
100.0221169005
 31
0.0
  0
LINE
  5
333
100
AcDbEntity
  8
0
100
AcDbLine
 62
9
  6
CONTINUOUS
 10
85.096600499
 20
100.0221169005
 30
0.0
 11
85.0966004961
 21
99.5221169005
 31
0.0
  0
LINE
  5
334
100
AcDbEntity
  8
0
100
AcDbLine
 62
7
  6
CONTINUOUS
 10
85.1825349277
 20
101.7971168418
 30
0.0
 11
85.1825349277
 21
101.4971170571
 31
0.0
  0
LINE
  5
335
100
AcDbEntity
  8
0
100
AcDbLine
 62
9
  6
CONTINUOUS
 10
85.2000509282
 20
99.5221169005
 30
0.0
 11
85.2000508059
 21
100.0221169005
 31
0.0
  0
LINE
  5
336
100
AcDbEntity
  8
0
100
AcDbLine
 62
7
  6
CONTINUOUS
 10
85.3123907958
 20
102.0721169005
 30
0.0
 11
85.3123907958
 21
102.3198146304
 31
0.0
  0
LINE
  5
337
100
AcDbEntity
  8
0
100
AcDbLine
 62
7
  6
CONTINUOUS
 10
84.6919434858
 20
101.9971169005
 30
0.0
 11
84.6918014446
 21
101.2971169005
 31
0.0
  0
LINE
  5
338
100
AcDbEntity
  8
0
100
AcDbLine
 62
7
  6
CONTINUOUS
 10
84.3473908732
 20
101.2971169005
 30
0.0
 11
84.3478744516
 21
101.9971169005
 31
0.0
  0
LINE
  5
339
100
AcDbEntity
  8
0
100
AcDbLine
 62
7
  6
CONTINUOUS
 10
85.5123907958
 20
102.0721169005
 30
0.0
 11
85.5123907958
 21
102.3198146304
 31
0.0
  0
LINE
  5
33A
100
AcDbEntity
  8
0
100
AcDbLine
 62
9
  6
CONTINUOUS
 10
85.5198844756
 20
99.5221169005
 30
0.0
 11
85.5198844672
 21
100.0221169005
 31
0.0
  0
LINE
  5
33B
100
AcDbEntity
  8
0
100
AcDbLine
 62
7
  6
CONTINUOUS
 10
85.5623911597
 20
102.0721169005
 30
0.0
 11
85.5623911597
 21
102.3198146304
 31
0.0
  0
LINE
  5
33C
100
AcDbEntity
  8
0
100
AcDbLine
 62
7
  6
CONTINUOUS
 10
85.5873907958
 20
102.0721169005
 30
0.0
 11
85.5873907958
 21
101.1521169005
 31
0.0
  0
LINE
  5
33D
100
AcDbEntity
  8
0
100
AcDbLine
 62
7
  6
CONTINUOUS
 10
85.762390969
 20
102.0721169005
 30
0.0
 11
85.762390969
 21
102.3198146304
 31
0.0
  0
LINE
  5
33E
100
AcDbEntity
  8
0
100
AcDbLine
 62
7
  6
CONTINUOUS
 10
85.8373907958
 20
100.9859870729
 30
0.0
 11
85.8373907958
 21
102.0721169005
 31
0.0
  0
LINE
  5
33F
100
AcDbEntity
  8
0
100
AcDbLine
 62
7
  6
CONTINUOUS
 10
85.8473907958
 20
101.0471169005
 30
0.0
 11
85.8473907958
 21
101.8471169005
 31
0.0
  0
LINE
  5
340
100
AcDbEntity
  8
0
100
AcDbLine
 62
7
  6
CONTINUOUS
 10
86.1123907958
 20
102.0721169005
 30
0.0
 11
86.1123907958
 21
102.3198146304
 31
0.0
  0
LINE
  5
341
100
AcDbEntity
  8
0
100
AcDbLine
 62
7
  6
CONTINUOUS
 10
86.1373907958
 20
102.0721169005
 30
0.0
 11
86.1373907958
 21
101.9971169005
 31
0.0
  0
LINE
  5
342
100
AcDbEntity
  8
0
100
AcDbLine
 62
9
  6
CONTINUOUS
 10
86.1823907953
 20
101.9971169005
 30
0.0
 11
86.1823907953
 21
102.0721169005
 31
0.0
  0
LINE
  5
343
100
AcDbEntity
  8
0
100
AcDbLine
 62
7
  6
CONTINUOUS
 10
86.3123907958
 20
102.0721169005
 30
0.0
 11
86.3123907958
 21
102.3198146304
 31
0.0
  0
LINE
  5
344
100
AcDbEntity
  8
0
100
AcDbLine
 62
9
  6
CONTINUOUS
 10
86.3273844994
 20
94.7221169005
 30
0.0
 11
86.327385981
 21
101.9971169005
 31
0.0
  0
LINE
  5
345
100
AcDbEntity
  8
0
100
AcDbLine
 62
7
  6
CONTINUOUS
 10
86.3623900503
 20
102.0721169005
 30
0.0
 11
86.3623900503
 21
102.3198146304
 31
0.0
  0
LINE
  5
346
100
AcDbEntity
  8
0
100
AcDbLine
 62
7
  6
CONTINUOUS
 10
86.5623908133
 20
102.0721169005
 30
0.0
 11
86.5623908133
 21
102.3198146304
 31
0.0
  0
LINE
  5
347
100
AcDbEntity
  8
0
100
AcDbLine
 62
7
  6
CONTINUOUS
 10
86.9373742393
 20
102.0721169005
 30
0.0
 11
86.9373742393
 21
101.9971169005
 31
0.0
  0
LINE
  5
348
100
AcDbEntity
  8
0
100
AcDbLine
 62
7
  6
CONTINUOUS
 10
87.2799582816
 20
101.8471162505
 30
0.0
 11
87.2799583402
 21
101.5221132151
 31
0.0
  0
LINE
  5
349
100
AcDbEntity
  8
0
100
AcDbLine
 62
7
  6
CONTINUOUS
 10
87.5823907958
 20
101.3721169005
 30
0.0
 11
87.5823907958
 21
102.0721169005
 31
0.0
  0
LINE
  5
34A
100
AcDbEntity
  8
0
100
AcDbLine
 62
7
  6
CONTINUOUS
 10
93.7095071273
 20
98.9379047017
 30
0.0
 11
93.7679198786
 21
99.0760638508
 31
0.0
  0
LINE
  5
34B
100
AcDbEntity
  8
0
100
AcDbLine
 62
7
  6
CONTINUOUS
 10
87.6073907958
 20
94.7221169005
 30
0.0
 11
87.6073907958
 21
102.0521169005
 31
0.0
  0
LINE
  5
34C
100
AcDbEntity
  8
0
100
AcDbLine
 62
7
  6
CONTINUOUS
 10
89.6373907958
 20
95.7221169005
 30
0.0
 11
89.6373907958
 21
97.9221169005
 31
0.0
  0
LINE
  5
34D
100
AcDbEntity
  8
0
100
AcDbLine
 62
4
  6
CONTINUOUS
 10
93.2873907958
 20
98.9221169005
 30
0.0
 11
93.2873907958
 21
99.7221169005
 31
0.0
  0
LINE
  5
34E
100
AcDbEntity
  8
0
100
AcDbLine
 62
7
  6
CONTINUOUS
 10
93.5873907958
 20
99.1221169005
 30
0.0
 11
93.5873907958
 21
100.4757673597
 31
0.0
  0
LINE
  5
34F
100
AcDbEntity
  8
0
100
AcDbLine
 62
9
  6
CONTINUOUS
 10
93.6341819071
 20
99.7757673597
 30
0.0
 11
93.6341819071
 21
100.4757673597
 31
0.0
  0
LINE
  5
350
100
AcDbEntity
  8
0
100
AcDbLine
 62
7
  6
CONTINUOUS
 10
93.6873907958
 20
99.7221169005
 30
0.0
 11
93.6873907958
 21
99.5721169005
 31
0.0
  0
LINE
  5
351
100
AcDbEntity
  8
0
100
AcDbLine
 62
7
  6
CONTINUOUS
 10
93.7373907958
 20
99.7757673597
 30
0.0
 11
93.7373907958
 21
99.7721169005
 31
0.0
  0
LINE
  5
352
100
AcDbEntity
  8
0
100
AcDbLine
 62
7
  6
CONTINUOUS
 10
93.7373907958
 20
99.1221169005
 30
0.0
 11
93.7373907958
 21
99.4221169005
 31
0.0
  0
LINE
  5
353
100
AcDbEntity
  8
0
100
AcDbLine
 62
7
  6
CONTINUOUS
 10
93.7873907958
 20
101.5721169005
 30
0.0
 11
93.7873907958
 21
100.4757673597
 31
0.0
  0
LINE
  5
354
100
AcDbEntity
  8
0
100
AcDbLine
 62
7
  6
CONTINUOUS
 10
93.7873907958
 20
99.7757673597
 30
0.0
 11
93.7873907958
 21
99.7721169005
 31
0.0
  0
LINE
  5
355
100
AcDbEntity
  8
0
100
AcDbLine
 62
7
  6
CONTINUOUS
 10
93.7873907958
 20
98.9221169005
 30
0.0
 11
93.7873907958
 21
99.1909780704
 31
0.0
  0
LINE
  5
356
100
AcDbEntity
  8
0
100
AcDbLine
 62
7
  6
CONTINUOUS
 10
93.8373907958
 20
99.0721169005
 30
0.0
 11
93.8373907958
 21
98.9221169005
 31
0.0
  0
LINE
  5
357
100
AcDbEntity
  8
0
100
AcDbLine
 62
7
  6
CONTINUOUS
 10
99.5130491467
 20
99.3490919535
 30
0.0
 11
99.5873907958
 21
99.5721169005
 31
0.0
  0
LINE
  5
358
100
AcDbEntity
  8
0
100
AcDbLine
 62
7
  6
CONTINUOUS
 10
81.3148566708
 20
101.3151919431
 30
0.0
 11
81.3287542903
 21
101.2971169005
 31
0.0
  0
LINE
  5
359
100
AcDbEntity
  8
0
100
AcDbLine
 62
7
  6
CONTINUOUS
 10
93.914133642
 20
99.8757673597
 30
0.0
 11
93.914133642
 21
100.3757673597
 31
0.0
  0
LINE
  5
35A
100
AcDbEntity
  8
0
100
AcDbLine
 62
9
  6
CONTINUOUS
 10
93.9373907958
 20
98.9221169005
 30
0.0
 11
93.9373907958
 21
99.0721169005
 31
0.0
  0
LINE
  5
35B
100
AcDbEntity
  8
0
100
AcDbLine
 62
7
  6
CONTINUOUS
 10
93.9873907958
 20
101.5721169005
 30
0.0
 11
93.9873907958
 21
101.5821169005
 31
0.0
  0
LINE
  5
35C
100
AcDbEntity
  8
0
100
AcDbLine
 62
4
  6
CONTINUOUS
 10
93.9873907958
 20
101.5821169005
 30
0.0
 11
93.9873907958
 21
101.7721169005
 31
0.0
  0
LINE
  5
35D
100
AcDbEntity
  8
0
100
AcDbLine
 62
7
  6
CONTINUOUS
 10
94.0290403084
 20
99.8757673597
 30
0.0
 11
94.0290403084
 21
100.3757673597
 31
0.0
  0
LINE
  5
35E
100
AcDbEntity
  8
0
100
AcDbLine
 62
7
  6
CONTINUOUS
 10
94.1373907958
 20
101.5721169005
 30
0.0
 11
94.1373907958
 21
99.7721169005
 31
0.0
  0
LINE
  5
35F
100
AcDbEntity
  8
0
100
AcDbLine
 62
7
  6
CONTINUOUS
 10
94.1873907958
 20
101.3821169005
 30
0.0
 11
94.1873907958
 21
101.5821169005
 31
0.0
  0
LINE
  5
360
100
AcDbEntity
  8
0
100
AcDbLine
 62
7
  6
CONTINUOUS
 10
94.7873907958
 20
102.2221169005
 30
0.0
 11
94.7873907958
 21
101.7221169005
 31
0.0
  0
LINE
  5
361
100
AcDbEntity
  8
0
100
AcDbLine
 62
7
  6
CONTINUOUS
 10
94.7873907958
 20
101.3821169005
 30
0.0
 11
94.7873907958
 21
101.5821169005
 31
0.0
  0
LINE
  5
362
100
AcDbEntity
  8
0
100
AcDbLine
 62
4
  6
CONTINUOUS
 10
94.9873907958
 20
101.7721169005
 30
0.0
 11
94.9873907958
 21
101.5721169005
 31
0.0
  0
LINE
  5
363
100
AcDbEntity
  8
0
100
AcDbLine
 62
9
  6
CONTINUOUS
 10
95.0373907958
 20
99.0721169005
 30
0.0
 11
95.0373907958
 21
98.9221169005
 31
0.0
  0
LINE
  5
364
100
AcDbEntity
  8
0
100
AcDbLine
 62
7
  6
CONTINUOUS
 10
95.0873907958
 20
99.0721169005
 30
0.0
 11
95.0873907958
 21
101.5721169005
 31
0.0
  0
LINE
  5
365
100
AcDbEntity
  8
0
100
AcDbLine
 62
9
  6
CONTINUOUS
 10
95.1342153794
 20
99.0721169005
 30
0.0
 11
95.1342153794
 21
98.9221169005
 31
0.0
  0
LINE
  5
366
100
AcDbEntity
  8
0
100
AcDbLine
 62
7
  6
CONTINUOUS
 10
95.1373907958
 20
101.7221169005
 30
0.0
 11
95.1373907958
 21
102.2221169005
 31
0.0
  0
LINE
  5
367
100
AcDbEntity
  8
0
100
AcDbLine
 62
9
  6
CONTINUOUS
 10
95.2310399631
 20
98.9221169005
 30
0.0
 11
95.2310399631
 21
99.0721169005
 31
0.0
  0
LINE
  5
368
100
AcDbEntity
  8
0
100
AcDbLine
 62
7
  6
CONTINUOUS
 10
95.2373907958
 20
99.0721169005
 30
0.0
 11
95.2373907958
 21
101.5721169005
 31
0.0
  0
LINE
  5
369
100
AcDbEntity
  8
0
100
AcDbLine
 62
7
  6
CONTINUOUS
 10
95.3373907958
 20
98.9221169005
 30
0.0
 11
95.3373907958
 21
98.5221169005
 31
0.0
  0
LINE
  5
36A
100
AcDbEntity
  8
0
100
AcDbLine
 62
9
  6
CONTINUOUS
 10
95.3373907958
 20
99.0721169005
 30
0.0
 11
95.3373907958
 21
98.9221169005
 31
0.0
  0
LINE
  5
36B
100
AcDbEntity
  8
0
100
AcDbLine
 62
9
  6
CONTINUOUS
 10
95.3623907958
 20
98.5221169005
 30
0.0
 11
95.3623907958
 21
98.9221169005
 31
0.0
  0
LINE
  5
36C
100
AcDbEntity
  8
0
100
AcDbLine
 62
7
  6
CONTINUOUS
 10
95.3873907958
 20
99.0721169005
 30
0.0
 11
95.3873907958
 21
99.6721169005
 31
0.0
  0
LINE
  5
36D
100
AcDbEntity
  8
0
100
AcDbLine
 62
7
  6
CONTINUOUS
 10
95.4239933361
 20
99.0721169005
 30
0.0
 11
95.4239933361
 21
98.9221169005
 31
0.0
  0
LINE
  5
36E
100
AcDbEntity
  8
0
100
AcDbLine
 62
7
  6
CONTINUOUS
 10
95.4373907958
 20
98.9379047017
 30
0.0
 11
95.4373907958
 21
99.5457673597
 31
0.0
  0
LINE
  5
36F
100
AcDbEntity
  8
0
100
AcDbLine
 62
7
  6
CONTINUOUS
 10
81.9577472336
 20
101.2935996198
 30
0.0
 11
82.0759573243
 21
101.164594486
 31
0.0
  0
LINE
  5
370
100
AcDbEntity
  8
0
100
AcDbLine
 62
9
  6
CONTINUOUS
 10
95.9571236862
 20
98.9221169005
 30
0.0
 11
95.9571236862
 21
98.4721169005
 31
0.0
  0
LINE
  5
371
100
AcDbEntity
  8
0
100
AcDbLine
 62
9
  6
CONTINUOUS
 10
96.0523610815
 20
98.5221169005
 30
0.0
 11
96.0523610815
 21
98.9221169005
 31
0.0
  0
LINE
  5
372
100
AcDbEntity
  8
0
100
AcDbLine
 62
9
  6
CONTINUOUS
 10
97.22242051
 20
98.5221169005
 30
0.0
 11
97.22242051
 21
98.9221169005
 31
0.0
  0
LINE
  5
373
100
AcDbEntity
  8
0
100
AcDbLine
 62
9
  6
CONTINUOUS
 10
97.3176579053
 20
98.4721169005
 30
0.0
 11
97.3176579053
 21
98.9221169005
 31
0.0
  0
LINE
  5
374
100
AcDbEntity
  8
0
100
AcDbLine
 62
7
  6
CONTINUOUS
 10
97.8373907958
 20
98.9379047017
 30
0.0
 11
97.8373907958
 21
99.5457673597
 31
0.0
  0
LINE
  5
375
100
AcDbEntity
  8
0
100
AcDbLine
 62
7
  6
CONTINUOUS
 10
97.8507882554
 20
98.9221169005
 30
0.0
 11
97.8507882554
 21
99.0721169005
 31
0.0
  0
LINE
  5
376
100
AcDbEntity
  8
0
100
AcDbLine
 62
7
  6
CONTINUOUS
 10
97.8873907958
 20
99.0721169005
 30
0.0
 11
97.8873907958
 21
99.6721169005
 31
0.0
  0
LINE
  5
377
100
AcDbEntity
  8
0
100
AcDbLine
 62
9
  6
CONTINUOUS
 10
97.9123907958
 20
98.9221169005
 30
0.0
 11
97.9123907958
 21
98.5221169005
 31
0.0
  0
LINE
  5
378
100
AcDbEntity
  8
0
100
AcDbLine
 62
7
  6
CONTINUOUS
 10
97.9373907958
 20
98.5221169005
 30
0.0
 11
97.9373907958
 21
98.9221169005
 31
0.0
  0
LINE
  5
379
100
AcDbEntity
  8
0
100
AcDbLine
 62
9
  6
CONTINUOUS
 10
97.9373907958
 20
98.9221169005
 30
0.0
 11
97.9373907958
 21
99.0721169005
 31
0.0
  0
LINE
  5
37A
100
AcDbEntity
  8
0
100
AcDbLine
 62
7
  6
CONTINUOUS
 10
78.6673907958
 20
94.7221169005
 30
0.0
 11
87.6073907958
 21
94.7221169005
 31
0.0
  0
LINE
  5
37B
100
AcDbEntity
  8
0
100
AcDbLine
 62
7
  6
CONTINUOUS
 10
89.6373907958
 20
95.7221169005
 30
0.0
 11
87.6073907958
 21
95.7221169005
 31
0.0
  0
LINE
  5
37C
100
AcDbEntity
  8
0
100
AcDbLine
 62
7
  6
CONTINUOUS
 10
78.6673907958
 20
95.7221169005
 30
0.0
 11
76.6373907958
 21
95.7221169005
 31
0.0
  0
LINE
  5
37D
100
AcDbEntity
  8
0
100
AcDbLine
 62
7
  6
CONTINUOUS
 10
98.0373907958
 20
99.0721169005
 30
0.0
 11
98.0373907958
 21
101.5721169005
 31
0.0
  0
LINE
  5
37E
100
AcDbEntity
  8
0
100
AcDbLine
 62
9
  6
CONTINUOUS
 10
98.0437416284
 20
99.0721169005
 30
0.0
 11
98.0437416284
 21
98.9221169005
 31
0.0
  0
LINE
  5
37F
100
AcDbEntity
  8
0
100
AcDbLine
 62
7
  6
CONTINUOUS
 10
98.1373907958
 20
102.2221169005
 30
0.0
 11
98.1373907958
 21
101.7221169005
 31
0.0
  0
LINE
  5
380
100
AcDbEntity
  8
0
100
AcDbLine
 62
9
  6
CONTINUOUS
 10
98.1405662121
 20
99.0721169005
 30
0.0
 11
98.1405662121
 21
98.9221169005
 31
0.0
  0
LINE
  5
381
100
AcDbEntity
  8
0
100
AcDbLine
 62
7
  6
CONTINUOUS
 10
98.1873907958
 20
99.0721169005
 30
0.0
 11
98.1873907958
 21
101.5721169005
 31
0.0
  0
LINE
  5
382
100
AcDbEntity
  8
0
100
AcDbLine
 62
9
  6
CONTINUOUS
 10
98.2373907958
 20
98.9221169005
 30
0.0
 11
98.2373907958
 21
99.0721169005
 31
0.0
  0
LINE
  5
383
100
AcDbEntity
  8
0
100
AcDbLine
 62
4
  6
CONTINUOUS
 10
98.2873907958
 20
101.7721169005
 30
0.0
 11
98.2873907958
 21
101.5721169005
 31
0.0
  0
LINE
  5
384
100
AcDbEntity
  8
0
100
AcDbLine
 62
7
  6
CONTINUOUS
 10
98.4873907958
 20
101.3821169005
 30
0.0
 11
98.4873907958
 21
101.5821169005
 31
0.0
  0
LINE
  5
385
100
AcDbEntity
  8
0
100
AcDbLine
 62
7
  6
CONTINUOUS
 10
98.4873907958
 20
101.7221169005
 30
0.0
 11
98.4873907958
 21
102.2221169005
 31
0.0
  0
LINE
  5
386
100
AcDbEntity
  8
0
100
AcDbLine
 62
7
  6
CONTINUOUS
 10
99.0873907958
 20
101.3821169005
 30
0.0
 11
99.0873907958
 21
101.5821169005
 31
0.0
  0
LINE
  5
387
100
AcDbEntity
  8
0
100
AcDbLine
 62
7
  6
CONTINUOUS
 10
99.1373907958
 20
105.7221169005
 30
0.0
 11
99.1373907958
 21
105.5221169005
 31
0.0
  0
LINE
  5
388
100
AcDbEntity
  8
0
100
AcDbLine
 62
7
  6
CONTINUOUS
 10
99.1373907958
 20
101.5721169005
 30
0.0
 11
99.1373907958
 21
99.7721169005
 31
0.0
  0
LINE
  5
389
100
AcDbEntity
  8
0
100
AcDbLine
 62
7
  6
CONTINUOUS
 10
99.2457412831
 20
100.3757673597
 30
0.0
 11
99.2457412831
 21
99.8757673597
 31
0.0
  0
LINE
  5
38A
100
AcDbEntity
  8
0
100
AcDbLine
 62
7
  6
CONTINUOUS
 10
99.2873907958
 20
101.5721169005
 30
0.0
 11
99.2873907958
 21
101.5821169005
 31
0.0
  0
LINE
  5
38B
100
AcDbEntity
  8
0
100
AcDbLine
 62
4
  6
CONTINUOUS
 10
99.2873907958
 20
101.5821169005
 30
0.0
 11
99.2873907958
 21
101.7721169005
 31
0.0
  0
LINE
  5
38C
100
AcDbEntity
  8
0
100
AcDbLine
 62
9
  6
CONTINUOUS
 10
99.3373907958
 20
99.0721169005
 30
0.0
 11
99.3373907958
 21
98.9221169005
 31
0.0
  0
LINE
  5
38D
100
AcDbEntity
  8
0
100
AcDbLine
 62
7
  6
CONTINUOUS
 10
99.3606479495
 20
100.3757673597
 30
0.0
 11
99.3606479495
 21
99.8757673597
 31
0.0
  0
LINE
  5
38E
100
AcDbEntity
  8
0
100
AcDbLine
 62
7
  6
CONTINUOUS
 10
99.4373907958
 20
98.9221169005
 30
0.0
 11
99.4373907958
 21
99.0721169005
 31
0.0
  0
LINE
  5
38F
100
AcDbEntity
  8
0
100
AcDbLine
 62
7
  6
CONTINUOUS
 10
99.4873907958
 20
101.5721169005
 30
0.0
 11
99.4873907958
 21
100.4757673597
 31
0.0
  0
LINE
  5
390
100
AcDbEntity
  8
0
100
AcDbLine
 62
7
  6
CONTINUOUS
 10
99.4873907958
 20
99.7757673597
 30
0.0
 11
99.4873907958
 21
99.7721169005
 31
0.0
  0
LINE
  5
391
100
AcDbEntity
  8
0
100
AcDbLine
 62
7
  6
CONTINUOUS
 10
99.4873907958
 20
98.9221169005
 30
0.0
 11
99.4873907958
 21
99.1909780704
 31
0.0
  0
LINE
  5
392
100
AcDbEntity
  8
0
100
AcDbLine
 62
7
  6
CONTINUOUS
 10
99.5373907958
 20
99.4221169005
 30
0.0
 11
99.5373907958
 21
99.1221169005
 31
0.0
  0
LINE
  5
393
100
AcDbEntity
  8
0
100
AcDbLine
 62
7
  6
CONTINUOUS
 10
99.5373907958
 20
99.7721169005
 30
0.0
 11
99.5373907958
 21
99.7757673597
 31
0.0
  0
LINE
  5
394
100
AcDbEntity
  8
0
100
AcDbLine
 62
7
  6
CONTINUOUS
 10
99.5873907958
 20
99.7221169005
 30
0.0
 11
99.5873907958
 21
99.5721169005
 31
0.0
  0
LINE
  5
395
100
AcDbEntity
  8
0
100
AcDbLine
 62
9
  6
CONTINUOUS
 10
99.6405996844
 20
100.4757673597
 30
0.0
 11
99.6405996844
 21
99.7757673597
 31
0.0
  0
LINE
  5
396
100
AcDbEntity
  8
0
100
AcDbLine
 62
7
  6
CONTINUOUS
 10
99.6873907958
 20
99.1221169005
 30
0.0
 11
99.6873907958
 21
100.4757673597
 31
0.0
  0
LINE
  5
397
100
AcDbEntity
  8
0
100
AcDbLine
 62
4
  6
CONTINUOUS
 10
99.9873907958
 20
98.9221169005
 30
0.0
 11
99.9873907958
 21
99.7221169005
 31
0.0
  0
LINE
  5
398
100
AcDbEntity
  8
0
100
AcDbLine
 62
7
  6
CONTINUOUS
 10
68.3873907958
 20
98.4721169005
 30
0.0
 11
70.8873907958
 21
98.4721169005
 31
0.0
  0
LINE
  5
399
100
AcDbEntity
  8
0
100
AcDbLine
 62
7
  6
CONTINUOUS
 10
95.3873907958
 20
98.4721169005
 30
0.0
 11
97.8873907958
 21
98.4721169005
 31
0.0
  0
LINE
  5
39A
100
AcDbEntity
  8
0
100
AcDbLine
 62
9
  6
CONTINUOUS
 10
97.9373907958
 20
98.5221169005
 30
0.0
 11
95.3373907958
 21
98.5221169005
 31
0.0
  0
LINE
  5
39B
100
AcDbEntity
  8
0
100
AcDbLine
 62
9
  6
CONTINUOUS
 10
70.9373907958
 20
98.5221169005
 30
0.0
 11
68.3373907958
 21
98.5221169005
 31
0.0
  0
LINE
  5
39C
100
AcDbEntity
  8
0
100
AcDbLine
 62
7
  6
CONTINUOUS
 10
93.6873907958
 20
99.5721169005
 30
0.0
 11
93.7617324448
 21
99.3490919535
 31
0.0
  0
LINE
  5
39D
100
AcDbEntity
  8
03__ASM_ALL_CURVES
100
AcDbLine
 62
4
  6
CONTINUOUS
 10
101.6373907958
 20
98.9221169005
 30
0.0
 11
101.6373907958
 21
105.5221169005
 31
0.0
  0
LINE
  5
39E
100
AcDbEntity
  8
03__ASM_ALL_CURVES
100
AcDbLine
 62
4
  6
CONTINUOUS
 10
103.1373907958
 20
98.9221169005
 30
0.0
 11
101.6373907958
 21
98.9221169005
 31
0.0
  0
LINE
  5
39F
100
AcDbEntity
  8
0
100
AcDbLine
 62
4
  6
CONTINUOUS
 10
93.8373907958
 20
98.9221169005
 30
0.0
 11
93.2873907958
 21
98.9221169005
 31
0.0
  0
LINE
  5
3A0
100
AcDbEntity
  8
0
100
AcDbLine
 62
7
  6
CONTINUOUS
 10
93.2873907958
 20
98.9221169005
 30
0.0
 11
90.6373907958
 21
98.9221169005
 31
0.0
  0
LINE
  5
3A1
100
AcDbEntity
  8
0
100
AcDbLine
 62
4
  6
CONTINUOUS
 10
66.8373907958
 20
98.9221169005
 30
0.0
 11
66.2873907958
 21
98.9221169005
 31
0.0
  0
LINE
  5
3A2
100
AcDbEntity
  8
03__ASM_ALL_CURVES
100
AcDbLine
 62
4
  6
CONTINUOUS
 10
64.6373907958
 20
98.9221169005
 30
0.0
 11
63.1373907958
 21
98.9221169005
 31
0.0
  0
LINE
  5
3A3
100
AcDbEntity
  8
0
100
AcDbLine
 62
7
  6
CONTINUOUS
 10
63.1373907958
 20
98.9221169005
 30
0.0
 11
66.2873907958
 21
98.9221169005
 31
0.0
  0
LINE
  5
3A4
100
AcDbEntity
  8
0
100
AcDbLine
 62
4
  6
CONTINUOUS
 10
72.5652744642
 20
98.9221169005
 30
0.0
 11
72.9873907958
 21
98.9221169005
 31
0.0
  0
LINE
  5
3A5
100
AcDbEntity
  8
0
100
AcDbLine
 62
7
  6
CONTINUOUS
 10
66.8373907958
 20
98.9221169005
 30
0.0
 11
72.5652744642
 21
98.9221169005
 31
0.0
  0
LINE
  5
3A6
100
AcDbEntity
  8
0
100
AcDbLine
 62
7
  6
CONTINUOUS
 10
72.9873907958
 20
98.9221169005
 30
0.0
 11
75.6373907958
 21
98.9221169005
 31
0.0
  0
LINE
  5
3A7
100
AcDbEntity
  8
0
100
AcDbLine
 62
7
  6
CONTINUOUS
 10
93.8373907958
 20
98.9221169005
 30
0.0
 11
99.5652744642
 21
98.9221169005
 31
0.0
  0
LINE
  5
3A8
100
AcDbEntity
  8
0
100
AcDbLine
 62
7
  6
CONTINUOUS
 10
99.9873907958
 20
98.9221169005
 30
0.0
 11
103.1373907958
 21
98.9221169005
 31
0.0
  0
LINE
  5
3A9
100
AcDbEntity
  8
0
100
AcDbLine
 62
4
  6
CONTINUOUS
 10
99.5652744642
 20
98.9221169005
 30
0.0
 11
99.9873907958
 21
98.9221169005
 31
0.0
  0
LINE
  5
3AA
100
AcDbEntity
  8
0
100
AcDbLine
 62
7
  6
CONTINUOUS
 10
99.4873907958
 20
99.0721169005
 30
0.0
 11
99.3373907958
 21
99.0721169005
 31
0.0
  0
LINE
  5
3AB
100
AcDbEntity
  8
0
100
AcDbLine
 62
7
  6
CONTINUOUS
 10
93.9373907958
 20
99.0721169005
 30
0.0
 11
93.7873907958
 21
99.0721169005
 31
0.0
  0
LINE
  5
3AC
100
AcDbEntity
  8
0
100
AcDbLine
 62
7
  6
CONTINUOUS
 10
72.4873907958
 20
99.0721169005
 30
0.0
 11
72.3373907958
 21
99.0721169005
 31
0.0
  0
LINE
  5
3AD
100
AcDbEntity
  8
0
100
AcDbLine
 62
7
  6
CONTINUOUS
 10
66.9373907958
 20
99.0721169005
 30
0.0
 11
66.7873907958
 21
99.0721169005
 31
0.0
  0
LINE
  5
3AE
100
AcDbEntity
  8
0
100
AcDbLine
 62
7
  6
CONTINUOUS
 10
68.0373907958
 20
99.0721169005
 30
0.0
 11
68.4239933361
 21
99.0721169005
 31
0.0
  0
LINE
  5
3AF
100
AcDbEntity
  8
0
100
AcDbLine
 62
7
  6
CONTINUOUS
 10
70.8507882554
 20
99.0721169005
 30
0.0
 11
71.2373907958
 21
99.0721169005
 31
0.0
  0
LINE
  5
3B0
100
AcDbEntity
  8
0
100
AcDbLine
 62
7
  6
CONTINUOUS
 10
95.0373907958
 20
99.0721169005
 30
0.0
 11
95.4239933361
 21
99.0721169005
 31
0.0
  0
LINE
  5
3B1
100
AcDbEntity
  8
0
100
AcDbLine
 62
7
  6
CONTINUOUS
 10
97.8507882554
 20
99.0721169005
 30
0.0
 11
98.2373907958
 21
99.0721169005
 31
0.0
  0
LINE
  5
3B2
100
AcDbEntity
  8
0
100
AcDbLine
 62
9
  6
CONTINUOUS
 10
97.8373907958
 20
99.1221169005
 30
0.0
 11
95.4373907958
 21
99.1221169005
 31
0.0
  0
LINE
  5
3B3
100
AcDbEntity
  8
0
100
AcDbLine
 62
9
  6
CONTINUOUS
 10
93.7373907958
 20
99.1221169005
 30
0.0
 11
93.5873907958
 21
99.1221169005
 31
0.0
  0
LINE
  5
3B4
100
AcDbEntity
  8
0
100
AcDbLine
 62
9
  6
CONTINUOUS
 10
70.8373907958
 20
99.1221169005
 30
0.0
 11
68.4373907958
 21
99.1221169005
 31
0.0
  0
LINE
  5
3B5
100
AcDbEntity
  8
0
100
AcDbLine
 62
9
  6
CONTINUOUS
 10
66.7373907958
 20
99.1221169005
 30
0.0
 11
66.5873907958
 21
99.1221169005
 31
0.0
  0
LINE
  5
3B6
100
AcDbEntity
  8
0
100
AcDbLine
 62
9
  6
CONTINUOUS
 10
72.5373907958
 20
99.1221169005
 30
0.0
 11
72.6873907958
 21
99.1221169005
 31
0.0
  0
LINE
  5
3B7
100
AcDbEntity
  8
0
100
AcDbLine
 62
9
  6
CONTINUOUS
 10
99.5373907958
 20
99.1221169005
 30
0.0
 11
99.6873907958
 21
99.1221169005
 31
0.0
  0
LINE
  5
3B8
100
AcDbEntity
  8
0
100
AcDbLine
 62
7
  6
CONTINUOUS
 10
97.8873907958
 20
99.3721169005
 30
0.0
 11
97.8373907958
 21
99.3721169005
 31
0.0
  0
LINE
  5
3B9
100
AcDbEntity
  8
0
100
AcDbLine
 62
7
  6
CONTINUOUS
 10
95.4373907958
 20
99.3721169005
 30
0.0
 11
95.3873907958
 21
99.3721169005
 31
0.0
  0
LINE
  5
3BA
100
AcDbEntity
  8
0
100
AcDbLine
 62
7
  6
CONTINUOUS
 10
70.8873907958
 20
99.3721169005
 30
0.0
 11
70.8373907958
 21
99.3721169005
 31
0.0
  0
LINE
  5
3BB
100
AcDbEntity
  8
0
100
AcDbLine
 62
7
  6
CONTINUOUS
 10
68.4373907958
 20
99.3721169005
 30
0.0
 11
68.3873907958
 21
99.3721169005
 31
0.0
  0
LINE
  5
3BC
100
AcDbEntity
  8
0
100
AcDbLine
 62
7
  6
CONTINUOUS
 10
80.7538984217
 20
99.5221169005
 30
0.0
 11
81.9688844778
 21
99.5221169005
 31
0.0
  0
LINE
  5
3BD
100
AcDbEntity
  8
0
100
AcDbLine
 62
7
  6
CONTINUOUS
 10
84.3048984217
 20
99.5221169005
 30
0.0
 11
85.5198844756
 21
99.5221169005
 31
0.0
  0
LINE
  5
3BE
100
AcDbEntity
  8
0
100
AcDbLine
 62
9
  6
CONTINUOUS
 10
66.5873907958
 20
99.604695027
 30
0.0
 11
66.6873907958
 21
99.604695027
 31
0.0
  0
LINE
  5
3BF
100
AcDbEntity
  8
0
100
AcDbLine
 62
9
  6
CONTINUOUS
 10
72.5873907958
 20
99.604695027
 30
0.0
 11
72.6873907958
 21
99.604695027
 31
0.0
  0
LINE
  5
3C0
100
AcDbEntity
  8
0
100
AcDbLine
 62
9
  6
CONTINUOUS
 10
93.5873907958
 20
99.604695027
 30
0.0
 11
93.6873907958
 21
99.604695027
 31
0.0
  0
LINE
  5
3C1
100
AcDbEntity
  8
0
100
AcDbLine
 62
9
  6
CONTINUOUS
 10
99.5873907958
 20
99.604695027
 30
0.0
 11
99.6873907958
 21
99.604695027
 31
0.0
  0
LINE
  5
3C2
100
AcDbEntity
  8
0
100
AcDbLine
 62
7
  6
CONTINUOUS
 10
97.7373907958
 20
99.6457673597
 30
0.0
 11
95.5373907958
 21
99.6457673597
 31
0.0
  0
LINE
  5
3C3
100
AcDbEntity
  8
0
100
AcDbLine
 62
7
  6
CONTINUOUS
 10
70.7373907958
 20
99.6457673597
 30
0.0
 11
68.5373907958
 21
99.6457673597
 31
0.0
  0
LINE
  5
3C4
100
AcDbEntity
  8
0
100
AcDbLine
 62
9
  6
CONTINUOUS
 10
93.6873907958
 20
99.6574438067
 30
0.0
 11
93.5873907958
 21
99.6574438067
 31
0.0
  0
LINE
  5
3C5
100
AcDbEntity
  8
0
100
AcDbLine
 62
9
  6
CONTINUOUS
 10
66.6873907958
 20
99.6574438067
 30
0.0
 11
66.5873907958
 21
99.6574438067
 31
0.0
  0
LINE
  5
3C6
100
AcDbEntity
  8
0
100
AcDbLine
 62
9
  6
CONTINUOUS
 10
72.5873907958
 20
99.6574438067
 30
0.0
 11
72.6873907958
 21
99.6574438067
 31
0.0
  0
LINE
  5
3C7
100
AcDbEntity
  8
0
100
AcDbLine
 62
9
  6
CONTINUOUS
 10
99.5873907958
 20
99.6574438067
 30
0.0
 11
99.6873907958
 21
99.6574438067
 31
0.0
  0
LINE
  5
3C8
100
AcDbEntity
  8
0
100
AcDbLine
 62
7
  6
CONTINUOUS
 10
68.3873907958
 20
99.6721169005
 30
0.0
 11
70.8873907958
 21
99.6721169005
 31
0.0
  0
LINE
  5
3C9
100
AcDbEntity
  8
0
100
AcDbLine
 62
7
  6
CONTINUOUS
 10
95.3873907958
 20
99.6721169005
 30
0.0
 11
97.8873907958
 21
99.6721169005
 31
0.0
  0
LINE
  5
3CA
100
AcDbEntity
  8
0
100
AcDbLine
 62
4
  6
CONTINUOUS
 10
99.9873907958
 20
99.7221169005
 30
0.0
 11
99.6873907958
 21
99.7221169005
 31
0.0
  0
LINE
  5
3CB
100
AcDbEntity
  8
0
100
AcDbLine
 62
4
  6
CONTINUOUS
 10
72.9873907958
 20
99.7221169005
 30
0.0
 11
72.6873907958
 21
99.7221169005
 31
0.0
  0
LINE
  5
3CC
100
AcDbEntity
  8
0
100
AcDbLine
 62
4
  6
CONTINUOUS
 10
66.2873907958
 20
99.7221169005
 30
0.0
 11
66.5873907958
 21
99.7221169005
 31
0.0
  0
LINE
  5
3CD
100
AcDbEntity
  8
0
100
AcDbLine
 62
4
  6
CONTINUOUS
 10
93.2873907958
 20
99.7221169005
 30
0.0
 11
93.5873907958
 21
99.7221169005
 31
0.0
  0
LINE
  5
3CE
100
AcDbEntity
  8
0
100
AcDbLine
 62
7
  6
CONTINUOUS
 10
99.5373907958
 20
99.7721169005
 30
0.0
 11
99.1373907958
 21
99.7721169005
 31
0.0
  0
LINE
  5
3CF
100
AcDbEntity
  8
0
100
AcDbLine
 62
7
  6
CONTINUOUS
 10
94.1373907958
 20
99.7721169005
 30
0.0
 11
93.7373907958
 21
99.7721169005
 31
0.0
  0
LINE
  5
3D0
100
AcDbEntity
  8
0
100
AcDbLine
 62
7
  6
CONTINUOUS
 10
72.5373907958
 20
99.7721169005
 30
0.0
 11
72.1373907958
 21
99.7721169005
 31
0.0
  0
LINE
  5
3D1
100
AcDbEntity
  8
0
100
AcDbLine
 62
7
  6
CONTINUOUS
 10
67.1373907958
 20
99.7721169005
 30
0.0
 11
66.7373907958
 21
99.7721169005
 31
0.0
  0
LINE
  5
3D2
100
AcDbEntity
  8
0
100
AcDbLine
 62
7
  6
CONTINUOUS
 10
99.6873907958
 20
99.7757673597
 30
0.0
 11
99.310020044
 21
99.7757673597
 31
0.0
  0
LINE
  5
3D3
100
AcDbEntity
  8
0
100
AcDbLine
 62
7
  6
CONTINUOUS
 10
93.9647615475
 20
99.7757673597
 30
0.0
 11
93.5873907958
 21
99.7757673597
 31
0.0
  0
LINE
  5
3D4
100
AcDbEntity
  8
0
100
AcDbLine
 62
7
  6
CONTINUOUS
 10
72.6873907958
 20
99.7757673597
 30
0.0
 11
72.310020044
 21
99.7757673597
 31
0.0
  0
LINE
  5
3D5
100
AcDbEntity
  8
0
100
AcDbLine
 62
7
  6
CONTINUOUS
 10
66.9647615475
 20
99.7757673597
 30
0.0
 11
66.5873907958
 21
99.7757673597
 31
0.0
  0
LINE
  5
3D6
100
AcDbEntity
  8
0
100
AcDbLine
 62
9
  6
CONTINUOUS
 10
99.3606479495
 20
99.8757673597
 30
0.0
 11
99.2457412831
 21
99.8757673597
 31
0.0
  0
LINE
  5
3D7
100
AcDbEntity
  8
0
100
AcDbLine
 62
9
  6
CONTINUOUS
 10
94.0290403084
 20
99.8757673597
 30
0.0
 11
93.914133642
 21
99.8757673597
 31
0.0
  0
LINE
  5
3D8
100
AcDbEntity
  8
0
100
AcDbLine
 62
9
  6
CONTINUOUS
 10
72.3606479495
 20
99.8757673597
 30
0.0
 11
72.2457412831
 21
99.8757673597
 31
0.0
  0
LINE
  5
3D9
100
AcDbEntity
  8
0
100
AcDbLine
 62
9
  6
CONTINUOUS
 10
67.0290403084
 20
99.8757673597
 30
0.0
 11
66.914133642
 21
99.8757673597
 31
0.0
  0
LINE
  5
3DA
100
AcDbEntity
  8
0
100
AcDbLine
 62
7
  6
CONTINUOUS
 10
85.5198844672
 20
100.0221169005
 30
0.0
 11
84.3048981205
 21
100.0221169005
 31
0.0
  0
LINE
  5
3DB
100
AcDbEntity
  8
0
100
AcDbLine
 62
7
  6
CONTINUOUS
 10
81.9688844862
 20
100.0221169005
 30
0.0
 11
80.7538981204
 21
100.0221169005
 31
0.0
  0
LINE
  5
3DC
100
AcDbEntity
  8
0
100
AcDbLine
 62
9
  6
CONTINUOUS
 10
66.914133642
 20
100.3757673597
 30
0.0
 11
67.0290403084
 21
100.3757673597
 31
0.0
  0
LINE
  5
3DD
100
AcDbEntity
  8
0
100
AcDbLine
 62
9
  6
CONTINUOUS
 10
72.2457412831
 20
100.3757673597
 30
0.0
 11
72.3606479495
 21
100.3757673597
 31
0.0
  0
LINE
  5
3DE
100
AcDbEntity
  8
0
100
AcDbLine
 62
9
  6
CONTINUOUS
 10
93.914133642
 20
100.3757673597
 30
0.0
 11
94.0290403084
 21
100.3757673597
 31
0.0
  0
LINE
  5
3DF
100
AcDbEntity
  8
0
100
AcDbLine
 62
9
  6
CONTINUOUS
 10
99.2457412831
 20
100.3757673597
 30
0.0
 11
99.3606479495
 21
100.3757673597
 31
0.0
  0
LINE
  5
3E0
100
AcDbEntity
  8
0
100
AcDbLine
 62
7
  6
CONTINUOUS
 10
66.5873907958
 20
100.4757673597
 30
0.0
 11
66.9647615475
 21
100.4757673597
 31
0.0
  0
LINE
  5
3E1
100
AcDbEntity
  8
0
100
AcDbLine
 62
7
  6
CONTINUOUS
 10
72.310020044
 20
100.4757673597
 30
0.0
 11
72.6873907958
 21
100.4757673597
 31
0.0
  0
LINE
  5
3E2
100
AcDbEntity
  8
0
100
AcDbLine
 62
7
  6
CONTINUOUS
 10
93.5873907958
 20
100.4757673597
 30
0.0
 11
93.9647615475
 21
100.4757673597
 31
0.0
  0
LINE
  5
3E3
100
AcDbEntity
  8
0
100
AcDbLine
 62
7
  6
CONTINUOUS
 10
99.310020044
 20
100.4757673597
 30
0.0
 11
99.6873907958
 21
100.4757673597
 31
0.0
  0
LINE
  5
3E4
100
AcDbEntity
  8
0
100
AcDbLine
 62
7
  6
CONTINUOUS
 10
80.6273907958
 20
100.8471169005
 30
0.0
 11
81.9273907958
 21
100.8471169005
 31
0.0
  0
LINE
  5
3E5
100
AcDbEntity
  8
0
100
AcDbLine
 62
7
  6
CONTINUOUS
 10
84.3473907958
 20
100.8471169005
 30
0.0
 11
85.6473909542
 21
100.8471169005
 31
0.0
  0
LINE
  5
3E6
100
AcDbEntity
  8
03__ASM_ALL_CURVES
100
AcDbLine
 62
4
  6
CONTINUOUS
 10
103.1373907958
 20
105.5221169005
 30
0.0
 11
103.1373907958
 21
98.9221169005
 31
0.0
  0
LINE
  5
3E7
100
AcDbEntity
  8
0
100
AcDbLine
 62
7
  6
CONTINUOUS
 10
103.1373907958
 20
98.9221169005
 30
0.0
 11
103.1373907958
 21
105.5221169005
 31
0.0
  0
LINE
  5
3E8
100
AcDbEntity
  8
0
100
AcDbLine
 62
7
  6
CONTINUOUS
 10
84.9599249207
 20
101.3151919431
 30
0.0
 11
85.1271040835
 21
101.3326251253
 31
0.0
  0
LINE
  5
3E9
100
AcDbEntity
  8
0
100
AcDbLine
 62
7
  6
CONTINUOUS
 10
85.8473907958
 20
101.0721169005
 30
0.0
 11
85.8373907958
 21
101.0721169005
 31
0.0
  0
LINE
  5
3EA
100
AcDbEntity
  8
0
100
AcDbLine
 62
7
  6
CONTINUOUS
 10
80.4373907958
 20
101.0721169005
 30
0.0
 11
80.4273907958
 21
101.0721169005
 31
0.0
  0
LINE
  5
3EB
100
AcDbEntity
  8
0
100
AcDbLine
 62
7
  6
CONTINUOUS
 10
80.6873907958
 20
101.1521169005
 30
0.0
 11
82.0773907958
 21
101.1521169005
 31
0.0
  0
LINE
  5
3EC
100
AcDbEntity
  8
0
100
AcDbLine
 62
7
  6
CONTINUOUS
 10
84.1973907958
 20
101.1521169005
 30
0.0
 11
85.5873907958
 21
101.1521169005
 31
0.0
  0
LINE
  5
3ED
100
AcDbEntity
  8
0
100
AcDbLine
 62
7
  6
CONTINUOUS
 10
81.5830200089
 20
101.2971169005
 30
0.0
 11
81.3287542903
 21
101.2971169005
 31
0.0
  0
LINE
  5
3EE
100
AcDbEntity
  8
0
100
AcDbLine
 62
7
  6
CONTINUOUS
 10
81.5834776091
 20
101.2971169005
 30
0.0
 11
81.9273981657
 21
101.2971169005
 31
0.0
  0
LINE
  5
3EF
100
AcDbEntity
  8
0
100
AcDbLine
 62
7
  6
CONTINUOUS
 10
84.3473909109
 20
101.2971169005
 30
0.0
 11
84.9460273012
 21
101.2971169005
 31
0.0
  0
LINE
  5
3F0
100
AcDbEntity
  8
0
100
AcDbLine
 62
7
  6
CONTINUOUS
 10
80.6873907958
 20
101.3151919431
 30
0.0
 11
81.3148566708
 21
101.3151919431
 31
0.0
  0
LINE
  5
3F1
100
AcDbEntity
  8
0
100
AcDbLine
 62
7
  6
CONTINUOUS
 10
84.9599249207
 20
101.3151919431
 30
0.0
 11
85.5873907958
 21
101.3151919431
 31
0.0
  0
LINE
  5
3F2
100
AcDbEntity
  8
0
100
AcDbLine
 62
7
  6
CONTINUOUS
 10
78.6673907958
 20
101.3721169005
 30
0.0
 11
78.900134952
 21
101.3721169005
 31
0.0
  0
LINE
  5
3F3
100
AcDbEntity
  8
0
100
AcDbLine
 62
7
  6
CONTINUOUS
 10
80.6873907958
 20
101.3721169005
 30
0.0
 11
81.1207415804
 21
101.3721169005
 31
0.0
  0
LINE
  5
3F4
100
AcDbEntity
  8
0
100
AcDbLine
 62
7
  6
CONTINUOUS
 10
85.1540400111
 20
101.3721169005
 30
0.0
 11
85.5873907958
 21
101.3721169005
 31
0.0
  0
LINE
  5
3F5
100
AcDbEntity
  8
0
100
AcDbLine
 62
7
  6
CONTINUOUS
 10
87.3746655628
 20
101.3721169005
 30
0.0
 11
87.6073907958
 21
101.3721169005
 31
0.0
  0
LINE
  5
3F6
100
AcDbEntity
  8
0
100
AcDbLine
 62
7
  6
CONTINUOUS
 10
67.1873907958
 20
101.3821169005
 30
0.0
 11
67.7873907958
 21
101.3821169005
 31
0.0
  0
LINE
  5
3F7
100
AcDbEntity
  8
0
100
AcDbLine
 62
7
  6
CONTINUOUS
 10
71.4873907958
 20
101.3821169005
 30
0.0
 11
72.0873907958
 21
101.3821169005
 31
0.0
  0
LINE
  5
3F8
100
AcDbEntity
  8
0
100
AcDbLine
 62
7
  6
CONTINUOUS
 10
94.1873907958
 20
101.3821169005
 30
0.0
 11
94.7873907958
 21
101.3821169005
 31
0.0
  0
LINE
  5
3F9
100
AcDbEntity
  8
0
100
AcDbLine
 62
7
  6
CONTINUOUS
 10
98.4873907958
 20
101.3821169005
 30
0.0
 11
99.0873907958
 21
101.3821169005
 31
0.0
  0
LINE
  5
3FA
100
AcDbEntity
  8
0
100
AcDbLine
 62
9
  6
CONTINUOUS
 10
87.5823907958
 20
101.5221169204
 30
0.0
 11
87.6073907958
 21
101.5221169602
 31
0.0
  0
LINE
  5
3FB
100
AcDbEntity
  8
0
100
AcDbLine
 62
7
  6
CONTINUOUS
 10
78.6923907958
 20
101.5221169005
 30
0.0
 11
78.9948420803
 21
101.5221169005
 31
0.0
  0
LINE
  5
3FC
100
AcDbEntity
  8
0
100
AcDbLine
 62
7
  6
CONTINUOUS
 10
87.2799583402
 20
101.5221169005
 30
0.0
 11
87.5823907958
 21
101.5221169005
 31
0.0
  0
LINE
  5
3FD
100
AcDbEntity
  8
0
100
AcDbLine
 62
9
  6
CONTINUOUS
 10
78.6673907958
 20
101.5221168316
 30
0.0
 11
78.6923907958
 21
101.5221168776
 31
0.0
  0
LINE
  5
3FE
100
AcDbEntity
  8
0
100
AcDbLine
 62
7
  6
CONTINUOUS
 10
66.7873907958
 20
101.5721169005
 30
0.0
 11
67.1873907958
 21
101.5721169005
 31
0.0
  0
LINE
  5
3FF
100
AcDbEntity
  8
0
100
AcDbLine
 62
7
  6
CONTINUOUS
 10
67.7873907958
 20
101.5721169005
 30
0.0
 11
71.4873907958
 21
101.5721169005
 31
0.0
  0
LINE
  5
400
100
AcDbEntity
  8
0
100
AcDbLine
 62
7
  6
CONTINUOUS
 10
72.0873907958
 20
101.5721169005
 30
0.0
 11
72.4873907958
 21
101.5721169005
 31
0.0
  0
LINE
  5
401
100
AcDbEntity
  8
0
100
AcDbLine
 62
7
  6
CONTINUOUS
 10
93.7873907958
 20
101.5721169005
 30
0.0
 11
94.1873907958
 21
101.5721169005
 31
0.0
  0
LINE
  5
402
100
AcDbEntity
  8
0
100
AcDbLine
 62
7
  6
CONTINUOUS
 10
94.7873907958
 20
101.5721169005
 30
0.0
 11
98.4873907958
 21
101.5721169005
 31
0.0
  0
LINE
  5
403
100
AcDbEntity
  8
0
100
AcDbLine
 62
7
  6
CONTINUOUS
 10
99.0873907958
 20
101.5721169005
 30
0.0
 11
99.4873907958
 21
101.5721169005
 31
0.0
  0
LINE
  5
404
100
AcDbEntity
  8
0
100
AcDbLine
 62
7
  6
CONTINUOUS
 10
66.9873907958
 20
101.5821169005
 30
0.0
 11
67.7873907958
 21
101.5821169005
 31
0.0
  0
LINE
  5
405
100
AcDbEntity
  8
0
100
AcDbLine
 62
7
  6
CONTINUOUS
 10
71.4873907958
 20
101.5821169005
 30
0.0
 11
72.2873907958
 21
101.5821169005
 31
0.0
  0
LINE
  5
406
100
AcDbEntity
  8
0
100
AcDbLine
 62
7
  6
CONTINUOUS
 10
93.9873907958
 20
101.5821169005
 30
0.0
 11
94.7873907958
 21
101.5821169005
 31
0.0
  0
LINE
  5
407
100
AcDbEntity
  8
0
100
AcDbLine
 62
7
  6
CONTINUOUS
 10
98.4873907958
 20
101.5821169005
 30
0.0
 11
99.2873907958
 21
101.5821169005
 31
0.0
  0
LINE
  5
408
100
AcDbEntity
  8
0
100
AcDbLine
 62
7
  6
CONTINUOUS
 10
98.4873907958
 20
101.7221169005
 30
0.0
 11
98.1373907958
 21
101.7221169005
 31
0.0
  0
LINE
  5
409
100
AcDbEntity
  8
0
100
AcDbLine
 62
7
  6
CONTINUOUS
 10
95.1373907958
 20
101.7221169005
 30
0.0
 11
94.7873907958
 21
101.7221169005
 31
0.0
  0
LINE
  5
40A
100
AcDbEntity
  8
0
100
AcDbLine
 62
7
  6
CONTINUOUS
 10
71.4873907958
 20
101.7221169005
 30
0.0
 11
71.1373907958
 21
101.7221169005
 31
0.0
  0
LINE
  5
40B
100
AcDbEntity
  8
0
100
AcDbLine
 62
7
  6
CONTINUOUS
 10
68.1373907958
 20
101.7221169005
 30
0.0
 11
67.7873907958
 21
101.7221169005
 31
0.0
  0
LINE
  5
40C
100
AcDbEntity
  8
0
100
AcDbLine
 62
4
  6
CONTINUOUS
 10
99.2873907958
 20
101.7721169005
 30
0.0
 11
98.2873907958
 21
101.7721169005
 31
0.0
  0
LINE
  5
40D
100
AcDbEntity
  8
0
100
AcDbLine
 62
4
  6
CONTINUOUS
 10
72.2873907958
 20
101.7721169005
 30
0.0
 11
71.2873907958
 21
101.7721169005
 31
0.0
  0
LINE
  5
40E
100
AcDbEntity
  8
0
100
AcDbLine
 62
4
  6
CONTINUOUS
 10
66.9873907958
 20
101.7721169005
 30
0.0
 11
67.9873907958
 21
101.7721169005
 31
0.0
  0
LINE
  5
40F
100
AcDbEntity
  8
0
100
AcDbLine
 62
4
  6
CONTINUOUS
 10
93.9873907958
 20
101.7721169005
 30
0.0
 11
94.9873907958
 21
101.7721169005
 31
0.0
  0
LINE
  5
410
100
AcDbEntity
  8
0
100
AcDbLine
 62
9
  6
CONTINUOUS
 10
78.6923907958
 20
101.8521168942
 30
0.0
 11
78.6673907958
 21
101.8521168814
 31
0.0
  0
LINE
  5
411
100
AcDbEntity
  8
0
100
AcDbLine
 62
9
  6
CONTINUOUS
 10
87.6073907958
 20
101.8521168528
 30
0.0
 11
87.5823907958
 21
101.852116891
 31
0.0
  0
LINE
  5
412
100
AcDbEntity
  8
0
100
AcDbLine
 62
7
  6
CONTINUOUS
 10
87.1685877066
 20
101.9971169005
 30
0.0
 11
85.9973908636
 21
101.9971169005
 31
0.0
  0
LINE
  5
413
100
AcDbEntity
  8
0
100
AcDbLine
 62
7
  6
CONTINUOUS
 10
83.6459694395
 20
101.9971169005
 30
0.0
 11
82.628812152
 21
101.9971169005
 31
0.0
  0
LINE
  5
414
100
AcDbEntity
  8
0
100
AcDbLine
 62
7
  6
CONTINUOUS
 10
82.3459694395
 20
101.9971169005
 30
0.0
 11
81.2208040857
 21
101.9971169005
 31
0.0
  0
LINE
  5
415
100
AcDbEntity
  8
0
100
AcDbLine
 62
7
  6
CONTINUOUS
 10
80.2773906613
 20
101.9971169005
 30
0.0
 11
79.1062748568
 21
101.9971169005
 31
0.0
  0
LINE
  5
416
100
AcDbEntity
  8
0
100
AcDbLine
 62
7
  6
CONTINUOUS
 10
83.928812152
 20
101.9971169005
 30
0.0
 11
85.0539776185
 21
101.9971169005
 31
0.0
  0
LINE
  5
417
100
AcDbEntity
  8
0
100
AcDbLine
 62
7
  6
CONTINUOUS
 10
78.6673907958
 20
102.0521169005
 30
0.0
 11
78.6923907958
 21
102.0521169005
 31
0.0
  0
LINE
  5
418
100
AcDbEntity
  8
0
100
AcDbLine
 62
7
  6
CONTINUOUS
 10
87.5823907958
 20
102.0521169005
 30
0.0
 11
87.6073907958
 21
102.0521169005
 31
0.0
  0
LINE
  5
419
100
AcDbEntity
  8
0
100
AcDbLine
 62
7
  6
CONTINUOUS
 10
78.6923907958
 20
102.0721169005
 30
0.0
 11
87.5823907958
 21
102.0721169005
 31
0.0
  0
LINE
  5
41A
100
AcDbEntity
  8
0
100
AcDbLine
 62
7
  6
CONTINUOUS
 10
67.7873907958
 20
102.2221169005
 30
0.0
 11
68.1373907958
 21
102.2221169005
 31
0.0
  0
LINE
  5
41B
100
AcDbEntity
  8
0
100
AcDbLine
 62
7
  6
CONTINUOUS
 10
71.1373907958
 20
102.2221169005
 30
0.0
 11
71.4873907958
 21
102.2221169005
 31
0.0
  0
LINE
  5
41C
100
AcDbEntity
  8
0
100
AcDbLine
 62
7
  6
CONTINUOUS
 10
94.7873907958
 20
102.2221169005
 30
0.0
 11
95.1373907958
 21
102.2221169005
 31
0.0
  0
LINE
  5
41D
100
AcDbEntity
  8
0
100
AcDbLine
 62
7
  6
CONTINUOUS
 10
98.1373907958
 20
102.2221169005
 30
0.0
 11
98.4873907958
 21
102.2221169005
 31
0.0
  0
LINE
  5
41E
100
AcDbEntity
  8
0
100
AcDbLine
 62
7
  6
CONTINUOUS
 10
79.7123907782
 20
102.3198146304
 30
0.0
 11
79.9123915412
 21
102.3198146304
 31
0.0
  0
LINE
  5
41F
100
AcDbEntity
  8
0
100
AcDbLine
 62
7
  6
CONTINUOUS
 10
79.9623907958
 20
102.3198146304
 30
0.0
 11
80.1623907958
 21
102.3198146304
 31
0.0
  0
LINE
  5
420
100
AcDbEntity
  8
0
100
AcDbLine
 62
7
  6
CONTINUOUS
 10
80.5123906225
 20
102.3198146304
 30
0.0
 11
80.7123904318
 21
102.3198146304
 31
0.0
  0
LINE
  5
421
100
AcDbEntity
  8
0
100
AcDbLine
 62
7
  6
CONTINUOUS
 10
80.7623907958
 20
102.3198146304
 30
0.0
 11
80.9623907958
 21
102.3198146304
 31
0.0
  0
LINE
  5
422
100
AcDbEntity
  8
0
100
AcDbLine
 62
7
  6
CONTINUOUS
 10
81.2873907958
 20
102.3198146304
 30
0.0
 11
81.4873907958
 21
102.3198146304
 31
0.0
  0
LINE
  5
423
100
AcDbEntity
  8
0
100
AcDbLine
 62
7
  6
CONTINUOUS
 10
81.7873911947
 20
102.3198146304
 30
0.0
 11
81.987391004
 21
102.3198146304
 31
0.0
  0
LINE
  5
424
100
AcDbEntity
  8
0
100
AcDbLine
 62
7
  6
CONTINUOUS
 10
82.2873907958
 20
102.3198146304
 30
0.0
 11
82.4873907958
 21
102.3198146304
 31
0.0
  0
LINE
  5
425
100
AcDbEntity
  8
0
100
AcDbLine
 62
7
  6
CONTINUOUS
 10
82.7873911947
 20
102.3198146304
 30
0.0
 11
82.987391004
 21
102.3198146304
 31
0.0
  0
LINE
  5
426
100
AcDbEntity
  8
0
100
AcDbLine
 62
7
  6
CONTINUOUS
 10
83.2873905875
 20
102.3198146304
 30
0.0
 11
83.4873903968
 21
102.3198146304
 31
0.0
  0
LINE
  5
427
100
AcDbEntity
  8
0
100
AcDbLine
 62
7
  6
CONTINUOUS
 10
83.7873907958
 20
102.3198146304
 30
0.0
 11
83.9873907958
 21
102.3198146304
 31
0.0
  0
LINE
  5
428
100
AcDbEntity
  8
0
100
AcDbLine
 62
7
  6
CONTINUOUS
 10
84.2873905875
 20
102.3198146304
 30
0.0
 11
84.4873903968
 21
102.3198146304
 31
0.0
  0
LINE
  5
429
100
AcDbEntity
  8
0
100
AcDbLine
 62
7
  6
CONTINUOUS
 10
84.7873907958
 20
102.3198146304
 30
0.0
 11
84.9873907958
 21
102.3198146304
 31
0.0
  0
LINE
  5
42A
100
AcDbEntity
  8
0
100
AcDbLine
 62
7
  6
CONTINUOUS
 10
85.3123907958
 20
102.3198146304
 30
0.0
 11
85.5123907958
 21
102.3198146304
 31
0.0
  0
LINE
  5
42B
100
AcDbEntity
  8
0
100
AcDbLine
 62
7
  6
CONTINUOUS
 10
85.5623911597
 20
102.3198146304
 30
0.0
 11
85.762390969
 21
102.3198146304
 31
0.0
  0
LINE
  5
42C
100
AcDbEntity
  8
0
100
AcDbLine
 62
7
  6
CONTINUOUS
 10
86.1123907958
 20
102.3198146304
 30
0.0
 11
86.3123907958
 21
102.3198146304
 31
0.0
  0
LINE
  5
42D
100
AcDbEntity
  8
0
100
AcDbLine
 62
7
  6
CONTINUOUS
 10
86.3623900503
 20
102.3198146304
 30
0.0
 11
86.5623908133
 21
102.3198146304
 31
0.0
  0
LINE
  5
42E
100
AcDbEntity
  8
0
100
AcDbLine
 62
7
  6
CONTINUOUS
 10
81.3148566708
 20
101.3151919431
 30
0.0
 11
81.147677508
 21
101.3326251253
 31
0.0
  0
LINE
  5
42F
100
AcDbEntity
  8
0
100
AcDbLine
 62
7
  6
CONTINUOUS
 10
99.5068617129
 20
99.0760638508
 30
0.0
 11
99.5652744642
 21
98.9379047017
 31
0.0
  0
LINE
  5
430
100
AcDbEntity
  8
0
100
AcDbLine
 62
7
  6
CONTINUOUS
 10
103.1373907958
 20
105.5221169005
 30
0.0
 11
99.1373907958
 21
105.5221169005
 31
0.0
  0
LINE
  5
431
100
AcDbEntity
  8
03__ASM_ALL_CURVES
100
AcDbLine
 62
4
  6
CONTINUOUS
 10
63.1373907958
 20
105.5221169005
 30
0.0
 11
64.6373907958
 21
105.5221169005
 31
0.0
  0
LINE
  5
432
100
AcDbEntity
  8
0
100
AcDbLine
 62
7
  6
CONTINUOUS
 10
63.1373907958
 20
105.5221169005
 30
0.0
 11
67.1373907958
 21
105.5221169005
 31
0.0
  0
LINE
  5
433
100
AcDbEntity
  8
03__ASM_ALL_CURVES
100
AcDbLine
 62
4
  6
CONTINUOUS
 10
101.6373907958
 20
105.5221169005
 30
0.0
 11
103.1373907958
 21
105.5221169005
 31
0.0
  0
LINE
  5
434
100
AcDbEntity
  8
0
100
AcDbLine
 62
7
  6
CONTINUOUS
 10
67.1373907958
 20
105.7221169005
 30
0.0
 11
99.1373907958
 21
105.7221169005
 31
0.0
  0
LINE
  5
435
100
AcDbEntity
  8
0
100
AcDbLine
 62
7
  6
CONTINUOUS
 10
154.1782926838
 20
101.4742868062
 30
0.0
 11
154.0839528725
 21
101.3799469949
 31
0.0
  0
LINE
  5
436
100
AcDbEntity
  8
0
100
AcDbLine
 62
7
  6
CONTINUOUS
 10
152.6361227781
 20
94.7221169005
 30
0.0
 11
152.6361227781
 21
101.9971169005
 31
0.0
  0
LINE
  5
437
100
AcDbEntity
  8
0
100
AcDbLine
 62
7
  6
CONTINUOUS
 10
152.9161227781
 20
102.0721169005
 30
0.0
 11
152.9161227781
 21
101.9971169005
 31
0.0
  0
LINE
  5
438
100
AcDbEntity
  8
0
100
AcDbLine
 62
7
  6
CONTINUOUS
 10
152.9661227781
 20
101.9971169005
 30
0.0
 11
152.9661227781
 21
102.0721169005
 31
0.0
  0
LINE
  5
439
100
AcDbEntity
  8
0
100
AcDbLine
 62
7
  6
CONTINUOUS
 10
153.0611199354
 20
101.8471162505
 30
0.0
 11
153.061119903
 21
101.5221132151
 31
0.0
  0
LINE
  5
43A
100
AcDbEntity
  8
0
100
AcDbLine
 62
7
  6
CONTINUOUS
 10
153.2111188869
 20
101.4510239276
 30
0.0
 11
153.2111171989
 21
101.7412473202
 31
0.0
  0
LINE
  5
43B
100
AcDbEntity
  8
0
100
AcDbLine
 62
7
  6
CONTINUOUS
 10
153.2661227781
 20
101.5221169005
 30
0.0
 11
153.2661227781
 21
102.0721169005
 31
0.0
  0
LINE
  5
43C
100
AcDbEntity
  8
0
100
AcDbLine
 62
9
  6
CONTINUOUS
 10
153.916119836
 20
94.7221169005
 30
0.0
 11
153.9161208166
 21
101.3721169005
 31
0.0
  0
LINE
  5
43D
100
AcDbEntity
  8
0
100
AcDbLine
 62
7
  6
CONTINUOUS
 10
154.1861227781
 20
101.5221169005
 30
0.0
 11
154.1861227781
 21
101.8521168433
 31
0.0
  0
LINE
  5
43E
100
AcDbEntity
  8
0
100
AcDbLine
 62
7
  6
CONTINUOUS
 10
154.2261227781
 20
101.9721169005
 30
0.0
 11
154.2261227781
 21
102.0721169005
 31
0.0
  0
LINE
  5
43F
100
AcDbEntity
  8
0
100
AcDbLine
 62
7
  6
CONTINUOUS
 10
154.2961227781
 20
96.7721169005
 30
0.0
 11
154.2961227781
 21
96.6721169005
 31
0.0
  0
LINE
  5
440
100
AcDbEntity
  8
0
100
AcDbLine
 62
7
  6
CONTINUOUS
 10
154.2961227781
 20
98.3721169005
 30
0.0
 11
154.2961227781
 21
98.4721169278
 31
0.0
  0
LINE
  5
441
100
AcDbEntity
  8
0
100
AcDbLine
 62
9
  6
CONTINUOUS
 10
154.4111227781
 20
98.2221169005
 30
0.0
 11
154.4111227781
 21
98.6221169005
 31
0.0
  0
LINE
  5
442
100
AcDbEntity
  8
0
100
AcDbLine
 62
7
  6
CONTINUOUS
 10
154.51612273
 20
100.752114577
 30
0.0
 11
154.5161226158
 21
100.6921168743
 31
0.0
  0
LINE
  5
443
100
AcDbEntity
  8
0
100
AcDbLine
 62
9
  6
CONTINUOUS
 10
154.516122706
 20
98.6221169005
 30
0.0
 11
154.5161226158
 21
100.6921168743
 31
0.0
  0
LINE
  5
444
100
AcDbEntity
  8
0
100
AcDbLine
 62
9
  6
CONTINUOUS
 10
154.5161237357
 20
94.7221169005
 30
0.0
 11
154.516123285
 21
96.5221169005
 31
0.0
  0
LINE
  5
445
100
AcDbEntity
  8
0
100
AcDbLine
 62
7
  6
CONTINUOUS
 10
154.536122778
 20
96.5221169005
 30
0.0
 11
154.536122778
 21
96.9221169005
 31
0.0
  0
LINE
  5
446
100
AcDbEntity
  8
0
100
AcDbLine
 62
7
  6
CONTINUOUS
 10
154.5459014925
 20
101.3821169005
 30
0.0
 11
154.5459014925
 21
101.5821169005
 31
0.0
  0
LINE
  5
447
100
AcDbEntity
  8
0
100
AcDbLine
 62
7
  6
CONTINUOUS
 10
154.5461227781
 20
99.0721169005
 30
0.0
 11
154.5461227781
 21
101.3821169005
 31
0.0
  0
LINE
  5
448
100
AcDbEntity
  8
0
100
AcDbLine
 62
7
  6
CONTINUOUS
 10
154.5611227781
 20
96.5221169005
 30
0.0
 11
154.5611227781
 21
96.9221169005
 31
0.0
  0
LINE
  5
449
100
AcDbEntity
  8
0
100
AcDbLine
 62
7
  6
CONTINUOUS
 10
154.6961227781
 20
98.9221169005
 30
0.0
 11
154.6961227781
 21
101.5721169005
 31
0.0
  0
LINE
  5
44A
100
AcDbEntity
  8
0
100
AcDbLine
 62
7
  6
CONTINUOUS
 10
154.7067258173
 20
100.3757673597
 30
0.0
 11
154.7067258173
 21
99.8757673597
 31
0.0
  0
LINE
  5
44B
100
AcDbEntity
  8
0
100
AcDbLine
 62
9
  6
CONTINUOUS
 10
154.7961227781
 20
98.9221169005
 30
0.0
 11
154.7961227781
 21
99.0721169005
 31
0.0
  0
LINE
  5
44C
100
AcDbEntity
  8
0
100
AcDbLine
 62
7
  6
CONTINUOUS
 10
154.811122778
 20
98.6221169005
 30
0.0
 11
154.811122778
 21
98.2221169005
 31
0.0
  0
LINE
  5
44D
100
AcDbEntity
  8
0
100
AcDbLine
 62
7
  6
CONTINUOUS
 10
154.8961227781
 20
101.5721169005
 30
0.0
 11
154.8961227781
 21
100.4757673597
 31
0.0
  0
LINE
  5
44E
100
AcDbEntity
  8
0
100
AcDbLine
 62
7
  6
CONTINUOUS
 10
154.8961227781
 20
99.7757673597
 30
0.0
 11
154.8961227781
 21
99.7721169005
 31
0.0
  0
LINE
  5
44F
100
AcDbEntity
  8
0
100
AcDbLine
 62
7
  6
CONTINUOUS
 10
155.0359014925
 20
101.5721169005
 30
0.0
 11
155.0359014925
 21
101.5821169005
 31
0.0
  0
LINE
  5
450
100
AcDbEntity
  8
0
100
AcDbLine
 62
9
  6
CONTINUOUS
 10
155.040359303
 20
100.4757673597
 30
0.0
 11
155.040359303
 21
99.7757673597
 31
0.0
  0
LINE
  5
451
100
AcDbEntity
  8
0
100
AcDbLine
 62
9
  6
CONTINUOUS
 10
155.168916825
 20
99.7757673597
 30
0.0
 11
155.168916825
 21
100.4757673597
 31
0.0
  0
LINE
  5
452
100
AcDbEntity
  8
0
100
AcDbLine
 62
9
  6
CONTINUOUS
 10
155.1961227781
 20
99.0721169005
 30
0.0
 11
155.1961227781
 21
98.9221169005
 31
0.0
  0
LINE
  5
453
100
AcDbEntity
  8
0
100
AcDbLine
 62
7
  6
CONTINUOUS
 10
155.2461227781
 20
101.5721169005
 30
0.0
 11
155.2461227781
 21
100.4757673597
 31
0.0
  0
LINE
  5
454
100
AcDbEntity
  8
0
100
AcDbLine
 62
7
  6
CONTINUOUS
 10
155.2461227781
 20
99.7817104793
 30
0.0
 11
155.2461227781
 21
99.1909780704
 31
0.0
  0
LINE
  5
455
100
AcDbEntity
  8
0
100
AcDbLine
 62
7
  6
CONTINUOUS
 10
155.2827253185
 20
99.0721169005
 30
0.0
 11
155.2827253185
 21
98.9221169005
 31
0.0
  0
LINE
  5
456
100
AcDbEntity
  8
0
100
AcDbLine
 62
7
  6
CONTINUOUS
 10
155.2961227781
 20
98.9379047017
 30
0.0
 11
155.2961227781
 21
99.604695027
 31
0.0
  0
LINE
  5
457
100
AcDbEntity
  8
0
100
AcDbLine
 62
7
  6
CONTINUOUS
 10
155.3359014925
 20
101.5721169005
 30
0.0
 11
155.3359014925
 21
101.5821169005
 31
0.0
  0
LINE
  5
458
100
AcDbEntity
  8
0
100
AcDbLine
 62
7
  6
CONTINUOUS
 10
155.3448060762
 20
98.9221169005
 30
0.0
 11
155.3448060762
 21
98.5221169005
 31
0.0
  0
LINE
  5
459
100
AcDbEntity
  8
0
100
AcDbLine
 62
7
  6
CONTINUOUS
 10
155.4561227781
 20
102.0721169005
 30
0.0
 11
155.4561227781
 21
102.0521169005
 31
0.0
  0
LINE
  5
45A
100
AcDbEntity
  8
0
100
AcDbLine
 62
7
  6
CONTINUOUS
 10
155.4961227781
 20
98.4721169005
 30
0.0
 11
155.4961227781
 21
98.2221169005
 31
0.0
  0
LINE
  5
45B
100
AcDbEntity
  8
0
100
AcDbLine
 62
7
  6
CONTINUOUS
 10
155.4961227781
 20
96.9221169005
 30
0.0
 11
155.4961227781
 21
96.5221169005
 31
0.0
  0
LINE
  5
45C
100
AcDbEntity
  8
0
100
AcDbLine
 62
9
  6
CONTINUOUS
 10
155.5179384399
 20
98.5221169005
 30
0.0
 11
155.5179384399
 21
98.9221169005
 31
0.0
  0
LINE
  5
45D
100
AcDbEntity
  8
0
100
AcDbLine
 62
7
  6
CONTINUOUS
 10
155.5461227781
 20
98.9221169005
 30
0.0
 11
155.5461227781
 21
98.5221169005
 31
0.0
  0
LINE
  5
45E
100
AcDbEntity
  8
0
100
AcDbLine
 62
9
  6
CONTINUOUS
 10
155.5711227781
 20
98.5221169005
 30
0.0
 11
155.5711227781
 21
98.9221169005
 31
0.0
  0
LINE
  5
45F
100
AcDbEntity
  8
0
100
AcDbLine
 62
9
  6
CONTINUOUS
 10
155.6061227781
 20
101.5821169005
 30
0.0
 11
155.6061227781
 21
101.5719501875
 31
0.0
  0
LINE
  5
460
100
AcDbEntity
  8
0
100
AcDbLine
 62
7
  6
CONTINUOUS
 10
155.7211227781
 20
102.0721169005
 30
0.0
 11
155.7211227781
 21
102.3198146304
 31
0.0
  0
LINE
  5
461
100
AcDbEntity
  8
0
100
AcDbLine
 62
7
  6
CONTINUOUS
 10
155.7661227781
 20
102.0721169005
 30
0.0
 11
155.7661227781
 21
102.0521169005
 31
0.0
  0
LINE
  5
462
100
AcDbEntity
  8
0
100
AcDbLine
 62
7
  6
CONTINUOUS
 10
155.7961227781
 20
94.7221169005
 30
0.0
 11
155.7961227781
 21
96.9221169005
 31
0.0
  0
LINE
  5
463
100
AcDbEntity
  8
0
100
AcDbLine
 62
7
  6
CONTINUOUS
 10
155.7961227781
 20
98.2221169005
 30
0.0
 11
155.7961227781
 21
98.4721169005
 31
0.0
  0
LINE
  5
464
100
AcDbEntity
  8
0
100
AcDbLine
 62
7
  6
CONTINUOUS
 10
155.8411227781
 20
102.3198146304
 30
0.0
 11
155.8411227781
 21
102.0521169005
 31
0.0
  0
LINE
  5
465
100
AcDbEntity
  8
03__ASM_ALL_CURVES
100
AcDbLine
 62
4
  6
CONTINUOUS
 10
155.8961227781
 20
105.5221169005
 30
0.0
 11
155.8961227781
 21
98.9221169005
 31
0.0
  0
LINE
  5
466
100
AcDbEntity
  8
0
100
AcDbLine
 62
7
  6
CONTINUOUS
 10
155.8961227781
 20
95.7221169005
 30
0.0
 11
155.8961227781
 21
98.4721169005
 31
0.0
  0
LINE
  5
467
100
AcDbEntity
  8
0
100
AcDbLine
 62
7
  6
CONTINUOUS
 10
155.8961227781
 20
98.9221169005
 30
0.0
 11
155.8961227781
 21
105.7221169005
 31
0.0
  0
LINE
  5
468
100
AcDbEntity
  8
03__ASM_ALL_CURVES
100
AcDbLine
 62
4
  6
CONTINUOUS
 10
156.8961227781
 20
105.5221169005
 30
0.0
 11
156.8961227781
 21
98.9221169005
 31
0.0
  0
LINE
  5
469
100
AcDbEntity
  8
0
100
AcDbLine
 62
7
  6
CONTINUOUS
 10
156.8961227781
 20
105.7221169005
 30
0.0
 11
156.8961227781
 21
98.9221169005
 31
0.0
  0
LINE
  5
46A
100
AcDbEntity
  8
0
100
AcDbLine
 62
7
  6
CONTINUOUS
 10
156.8961227781
 20
95.7221169005
 30
0.0
 11
156.8961227781
 21
98.4721169005
 31
0.0
  0
LINE
  5
46B
100
AcDbEntity
  8
0
100
AcDbLine
 62
9
  6
CONTINUOUS
 10
157.0211227781
 20
98.9221169005
 30
0.0
 11
157.0211227781
 21
98.5221169005
 31
0.0
  0
LINE
  5
46C
100
AcDbEntity
  8
0
100
AcDbLine
 62
7
  6
CONTINUOUS
 10
157.0461227781
 20
98.5221169005
 30
0.0
 11
157.0461227781
 21
98.9221169005
 31
0.0
  0
LINE
  5
46D
100
AcDbEntity
  8
0
100
AcDbLine
 62
9
  6
CONTINUOUS
 10
157.0743071164
 20
98.5221169005
 30
0.0
 11
157.0743071164
 21
98.9221169005
 31
0.0
  0
LINE
  5
46E
100
AcDbEntity
  8
0
100
AcDbLine
 62
7
  6
CONTINUOUS
 10
157.2474394801
 20
98.9221169005
 30
0.0
 11
157.2474394801
 21
98.5221169005
 31
0.0
  0
LINE
  5
46F
100
AcDbEntity
  8
0
100
AcDbLine
 62
7
  6
CONTINUOUS
 10
157.3161227781
 20
98.9221169005
 30
0.0
 11
157.3161227781
 21
99.733732099
 31
0.0
  0
LINE
  5
470
100
AcDbEntity
  8
0
100
AcDbLine
 62
7
  6
CONTINUOUS
 10
157.3461227781
 20
100.4721169005
 30
0.0
 11
157.3461227781
 21
100.2785992128
 31
0.0
  0
LINE
  5
471
100
AcDbEntity
  8
0
100
AcDbLine
 62
7
  6
CONTINUOUS
 10
157.3461227781
 20
99.1929060663
 30
0.0
 11
157.3461227781
 21
99.9254727082
 31
0.0
  0
LINE
  5
472
100
AcDbEntity
  8
0
100
AcDbLine
 62
9
  6
CONTINUOUS
 10
157.3830630204
 20
100.2785992128
 30
0.0
 11
157.3830630204
 21
99.9159532369
 31
0.0
  0
LINE
  5
473
100
AcDbEntity
  8
0
100
AcDbLine
 62
9
  6
CONTINUOUS
 10
157.4161227781
 20
98.9221169005
 30
0.0
 11
157.4161227781
 21
99.0721169005
 31
0.0
  0
LINE
  5
474
100
AcDbEntity
  8
0
100
AcDbLine
 62
9
  6
CONTINUOUS
 10
157.4977783076
 20
99.8787961314
 30
0.0
 11
157.4977783076
 21
100.2785992128
 31
0.0
  0
LINE
  5
475
100
AcDbEntity
  8
0
100
AcDbLine
 62
9
  6
CONTINUOUS
 10
157.7961227781
 20
99.0721169005
 30
0.0
 11
157.7961227781
 21
98.9221169005
 31
0.0
  0
LINE
  5
476
100
AcDbEntity
  8
0
100
AcDbLine
 62
7
  6
CONTINUOUS
 10
157.8555033185
 20
99.9785992128
 30
0.0
 11
157.8555033185
 21
100.1785992128
 31
0.0
  0
LINE
  5
477
100
AcDbEntity
  8
0
100
AcDbLine
 62
7
  6
CONTINUOUS
 10
157.8961227781
 20
98.9221169005
 30
0.0
 11
157.8961227781
 21
100.4721169005
 31
0.0
  0
LINE
  5
478
100
AcDbEntity
  8
0
100
AcDbLine
 62
7
  6
CONTINUOUS
 10
157.9961227781
 20
99.6457673597
 30
0.0
 11
157.9961227781
 21
99.1221169005
 31
0.0
  0
LINE
  5
479
100
AcDbEntity
  8
0
100
AcDbLine
 62
7
  6
CONTINUOUS
 10
158.0461227781
 20
99.6721169005
 30
0.0
 11
158.0461227781
 21
100.4521169005
 31
0.0
  0
LINE
  5
47A
100
AcDbEntity
  8
0
100
AcDbLine
 62
7
  6
CONTINUOUS
 10
158.8961227781
 20
105.7221169005
 30
0.0
 11
158.8961227781
 21
100.7221169005
 31
0.0
  0
LINE
  5
47B
100
AcDbEntity
  8
0
100
AcDbLine
 62
7
  6
CONTINUOUS
 10
153.1859532693
 20
101.8589657465
 30
0.0
 11
153.1414330414
 21
101.9432354658
 31
0.0
  0
LINE
  5
47C
100
AcDbEntity
  8
0
100
AcDbLine
 62
9
  6
CONTINUOUS
 10
153.1546172812
 20
101.8482916044
 30
0.0
 11
153.211098231
 21
101.7412039501
 31
0.0
  0
LINE
  5
47D
100
AcDbEntity
  8
0
100
AcDbLine
 62
9
  6
CONTINUOUS
 10
153.2111188869
 20
101.4510239276
 30
0.0
 11
153.1764028559
 21
101.5221083191
 31
0.0
  0
LINE
  5
47E
100
AcDbEntity
  8
0
100
AcDbLine
 62
7
  6
CONTINUOUS
 10
152.6361227781
 20
94.7221169005
 30
0.0
 11
155.7961227781
 21
94.7221169005
 31
0.0
  0
LINE
  5
47F
100
AcDbEntity
  8
0
100
AcDbLine
 62
7
  6
CONTINUOUS
 10
153.4161227781
 20
101.3721169005
 30
0.0
 11
153.2661227781
 21
101.5221169005
 31
0.0
  0
LINE
  5
480
100
AcDbEntity
  8
0
100
AcDbLine
 62
7
  6
CONTINUOUS
 10
155.8961227781
 20
95.7221169005
 30
0.0
 11
156.8961227781
 21
95.7221169005
 31
0.0
  0
LINE
  5
481
100
AcDbEntity
  8
0
100
AcDbLine
 62
7
  6
CONTINUOUS
 10
154.4461227782
 20
96.5221169005
 30
0.0
 11
155.7961227781
 21
96.5221169005
 31
0.0
  0
LINE
  5
482
100
AcDbEntity
  8
0
100
AcDbLine
 62
9
  6
CONTINUOUS
 10
155.4961227709
 20
96.7221169546
 30
0.0
 11
155.7961227781
 21
96.7221169292
 31
0.0
  0
LINE
  5
483
100
AcDbEntity
  8
0
100
AcDbLine
 62
7
  6
CONTINUOUS
 10
155.8961227781
 20
96.9221169005
 30
0.0
 11
154.4461227781
 21
96.9221169005
 31
0.0
  0
LINE
  5
484
100
AcDbEntity
  8
0
100
AcDbLine
 62
9
  6
CONTINUOUS
 10
155.8961227781
 20
97.9221169005
 30
0.0
 11
156.8961227781
 21
97.9221169005
 31
0.0
  0
LINE
  5
485
100
AcDbEntity
  8
0
100
AcDbLine
 62
7
  6
CONTINUOUS
 10
155.7961227781
 20
98.2221169005
 30
0.0
 11
154.4461227781
 21
98.2221169005
 31
0.0
  0
LINE
  5
486
100
AcDbEntity
  8
0
100
AcDbLine
 62
9
  6
CONTINUOUS
 10
155.4961227781
 20
98.3221169005
 30
0.0
 11
155.7961227781
 21
98.3221169005
 31
0.0
  0
LINE
  5
487
100
AcDbEntity
  8
0
100
AcDbLine
 62
7
  6
CONTINUOUS
 10
155.3948060762
 20
98.4721169005
 30
0.0
 11
157.1974394801
 21
98.4721169005
 31
0.0
  0
LINE
  5
488
100
AcDbEntity
  8
0
100
AcDbLine
 62
9
  6
CONTINUOUS
 10
157.2474394801
 20
98.5221169005
 30
0.0
 11
155.3448060762
 21
98.5221169005
 31
0.0
  0
LINE
  5
489
100
AcDbEntity
  8
0
100
AcDbLine
 62
7
  6
CONTINUOUS
 10
154.4461227781
 20
98.6221169005
 30
0.0
 11
155.3448060762
 21
98.6221169005
 31
0.0
  0
LINE
  5
48A
100
AcDbEntity
  8
0
100
AcDbLine
 62
7
  6
CONTINUOUS
 10
154.6961227781
 20
98.9221169005
 30
0.0
 11
157.8961227781
 21
98.9221169005
 31
0.0
  0
LINE
  5
48B
100
AcDbEntity
  8
0
100
AcDbLine
 62
7
  6
CONTINUOUS
 10
157.8961227781
 20
99.0721169005
 30
0.0
 11
157.3161227781
 21
99.0721169005
 31
0.0
  0
LINE
  5
48C
100
AcDbEntity
  8
0
100
AcDbLine
 62
7
  6
CONTINUOUS
 10
154.5461227781
 20
99.0721169005
 30
0.0
 11
155.2827253185
 21
99.0721169005
 31
0.0
  0
LINE
  5
48D
100
AcDbEntity
  8
0
100
AcDbLine
 62
9
  6
CONTINUOUS
 10
157.3161227781
 20
99.0821169005
 30
0.0
 11
156.8961227781
 21
99.0821169005
 31
0.0
  0
LINE
  5
48E
100
AcDbEntity
  8
0
100
AcDbLine
 62
9
  6
CONTINUOUS
 10
155.8961227781
 20
99.1221169005
 30
0.0
 11
155.2961227781
 21
99.1221169005
 31
0.0
  0
LINE
  5
48F
100
AcDbEntity
  8
0
100
AcDbLine
 62
9
  6
CONTINUOUS
 10
157.8961227781
 20
99.1221169005
 30
0.0
 11
157.9961227781
 21
99.1221169005
 31
0.0
  0
LINE
  5
490
100
AcDbEntity
  8
0
100
AcDbLine
 62
9
  6
CONTINUOUS
 10
154.6961227781
 20
99.1909780704
 30
0.0
 11
155.2461227781
 21
99.1909780704
 31
0.0
  0
LINE
  5
491
100
AcDbEntity
  8
0
100
AcDbLine
 62
9
  6
CONTINUOUS
 10
157.3461227781
 20
99.1929060663
 30
0.0
 11
157.8961227781
 21
99.1929060663
 31
0.0
  0
LINE
  5
492
100
AcDbEntity
  8
0
100
AcDbLine
 62
9
  6
CONTINUOUS
 10
157.8961227781
 20
99.3474491025
 30
0.0
 11
157.3461227781
 21
99.3474491025
 31
0.0
  0
LINE
  5
493
100
AcDbEntity
  8
0
100
AcDbLine
 62
9
  6
CONTINUOUS
 10
155.2461227781
 20
99.3490919535
 30
0.0
 11
154.6961227781
 21
99.3490919535
 31
0.0
  0
LINE
  5
494
100
AcDbEntity
  8
0
100
AcDbLine
 62
9
  6
CONTINUOUS
 10
157.8961227781
 20
99.5457673597
 30
0.0
 11
157.9961227781
 21
99.5457673597
 31
0.0
  0
LINE
  5
495
100
AcDbEntity
  8
0
100
AcDbLine
 62
7
  6
CONTINUOUS
 10
154.6961227781
 20
99.5721169005
 30
0.0
 11
155.2461227781
 21
99.5721169005
 31
0.0
  0
LINE
  5
496
100
AcDbEntity
  8
0
100
AcDbLine
 62
7
  6
CONTINUOUS
 10
157.9961227781
 20
99.6457673597
 30
0.0
 11
157.8961227781
 21
99.6457673597
 31
0.0
  0
LINE
  5
497
100
AcDbEntity
  8
0
100
AcDbLine
 62
7
  6
CONTINUOUS
 10
158.0461227781
 20
99.6721169005
 30
0.0
 11
157.3461227781
 21
99.6721169005
 31
0.0
  0
LINE
  5
498
100
AcDbEntity
  8
0
100
AcDbLine
 62
7
  6
CONTINUOUS
 10
158.0461227781
 20
99.7221169005
 30
0.0
 11
157.8961227781
 21
99.7221169005
 31
0.0
  0
LINE
  5
499
100
AcDbEntity
  8
0
100
AcDbLine
 62
9
  6
CONTINUOUS
 10
154.6961227781
 20
99.7221169005
 30
0.0
 11
155.2461227781
 21
99.7221169005
 31
0.0
  0
LINE
  5
49A
100
AcDbEntity
  8
0
100
AcDbLine
 62
7
  6
CONTINUOUS
 10
155.2461227781
 20
99.7721169005
 30
0.0
 11
154.6961227781
 21
99.7721169005
 31
0.0
  0
LINE
  5
49B
100
AcDbEntity
  8
0
100
AcDbLine
 62
7
  6
CONTINUOUS
 10
154.7833302616
 20
99.7757673597
 30
0.0
 11
155.2141703999
 21
99.7757673597
 31
0.0
  0
LINE
  5
49C
100
AcDbEntity
  8
0
100
AcDbLine
 62
9
  6
CONTINUOUS
 10
157.3461227781
 20
99.8221169005
 30
0.0
 11
157.8961227781
 21
99.8221169005
 31
0.0
  0
LINE
  5
49D
100
AcDbEntity
  8
0
100
AcDbLine
 62
7
  6
CONTINUOUS
 10
157.8961227781
 20
99.8721169005
 30
0.0
 11
157.3461227781
 21
99.8721169005
 31
0.0
  0
LINE
  5
49E
100
AcDbEntity
  8
0
100
AcDbLine
 62
7
  6
CONTINUOUS
 10
157.773588114
 20
99.8785992128
 30
0.0
 11
157.5029164839
 21
99.8785992128
 31
0.0
  0
LINE
  5
49F
100
AcDbEntity
  8
0
100
AcDbLine
 62
7
  6
CONTINUOUS
 10
157.4117418422
 20
99.8787961314
 30
0.0
 11
157.4977783076
 21
99.8787961314
 31
0.0
  0
LINE
  5
4A0
100
AcDbEntity
  8
0
100
AcDbLine
 62
7
  6
CONTINUOUS
 10
157.406237284
 20
99.9053840673
 30
0.0
 11
157.3888565863
 21
99.9053840673
 31
0.0
  0
LINE
  5
4A1
100
AcDbEntity
  8
0
100
AcDbLine
 62
7
  6
CONTINUOUS
 10
156.9961227781
 20
100.2785992128
 30
0.0
 11
157.773588114
 21
100.2785992128
 31
0.0
  0
LINE
  5
4A2
100
AcDbEntity
  8
0
100
AcDbLine
 62
7
  6
CONTINUOUS
 10
156.8961227781
 20
100.4721169005
 30
0.0
 11
157.8961227781
 21
100.4721169005
 31
0.0
  0
LINE
  5
4A3
100
AcDbEntity
  8
0
100
AcDbLine
 62
7
  6
CONTINUOUS
 10
154.7833302616
 20
100.4757673597
 30
0.0
 11
155.7961227781
 21
100.4757673597
 31
0.0
  0
LINE
  5
4A4
100
AcDbEntity
  8
0
100
AcDbLine
 62
7
  6
CONTINUOUS
 10
156.8961227781
 20
100.5721169005
 30
0.0
 11
157.1761227781
 21
100.5721169005
 31
0.0
  0
LINE
  5
4A5
100
AcDbEntity
  8
0
100
AcDbLine
 62
7
  6
CONTINUOUS
 10
158.8961227781
 20
100.7221169005
 30
0.0
 11
156.8961227781
 21
100.7221169005
 31
0.0
  0
LINE
  5
4A6
100
AcDbEntity
  8
0
100
AcDbLine
 62
7
  6
CONTINUOUS
 10
153.1801774249
 20
101.3721169005
 30
0.0
 11
154.0361227781
 21
101.3721169005
 31
0.0
  0
LINE
  5
4A7
100
AcDbEntity
  8
0
100
AcDbLine
 62
7
  6
CONTINUOUS
 10
154.5459014925
 20
101.3821169005
 30
0.0
 11
154.6961227781
 21
101.3821169005
 31
0.0
  0
LINE
  5
4A8
100
AcDbEntity
  8
0
100
AcDbLine
 62
7
  6
CONTINUOUS
 10
157.8969170658
 20
100.4726969988
 30
0.0
 11
158.0461227781
 21
100.4521169005
 31
0.0
  0
LINE
  5
4A9
100
AcDbEntity
  8
0
100
AcDbLine
 62
7
  6
CONTINUOUS
 10
157.896877436
 20
100.4724096827
 30
0.0
 11
157.1761227781
 21
100.5721169005
 31
0.0
  0
LINE
  5
4AA
100
AcDbEntity
  8
0
100
AcDbLine
 62
7
  6
CONTINUOUS
 10
153.1546531665
 20
101.8483732453
 30
0.0
 11
153.0611199354
 21
101.8471162505
 31
0.0
  0
LINE
  5
4AB
100
AcDbEntity
  8
0
100
AcDbLine
 62
9
  6
CONTINUOUS
 10
153.061119903
 20
101.5221132151
 30
0.0
 11
153.1764028559
 21
101.5221083191
 31
0.0
  0
LINE
  5
4AC
100
AcDbEntity
  8
0
100
AcDbLine
 62
7
  6
CONTINUOUS
 10
154.6961227781
 20
101.5721169005
 30
0.0
 11
155.5961227781
 21
101.5721169005
 31
0.0
  0
LINE
  5
4AD
100
AcDbEntity
  8
0
100
AcDbLine
 62
7
  6
CONTINUOUS
 10
154.5459014925
 20
101.5821169005
 30
0.0
 11
155.6061227781
 21
101.5821169005
 31
0.0
  0
LINE
  5
4AE
100
AcDbEntity
  8
0
100
AcDbLine
 62
7
  6
CONTINUOUS
 10
153.055433252
 20
101.9971169005
 30
0.0
 11
152.9661227781
 21
101.9971169005
 31
0.0
  0
LINE
  5
4AF
100
AcDbEntity
  8
0
100
AcDbLine
 62
7
  6
CONTINUOUS
 10
152.9513493583
 20
101.9971169005
 30
0.0
 11
152.6361227781
 21
101.9971169005
 31
0.0
  0
LINE
  5
4B0
100
AcDbEntity
  8
0
100
AcDbLine
 62
7
  6
CONTINUOUS
 10
154.3861226989
 20
102.0521169005
 30
0.0
 11
155.8961227781
 21
102.0521169005
 31
0.0
  0
LINE
  5
4B1
100
AcDbEntity
  8
0
100
AcDbLine
 62
7
  6
CONTINUOUS
 10
152.9161227781
 20
102.0721169005
 30
0.0
 11
155.7661227781
 21
102.0721169005
 31
0.0
  0
LINE
  5
4B2
100
AcDbEntity
  8
0
100
AcDbLine
 62
7
  6
CONTINUOUS
 10
155.7211227781
 20
102.3198146304
 30
0.0
 11
155.8411227781
 21
102.3198146304
 31
0.0
  0
LINE
  5
4B3
100
AcDbEntity
  8
0
100
AcDbLine
 62
7
  6
CONTINUOUS
 10
156.8961227781
 20
105.5221169005
 30
0.0
 11
155.8961227781
 21
105.5221169005
 31
0.0
  0
LINE
  5
4B4
100
AcDbEntity
  8
0
100
AcDbLine
 62
7
  6
CONTINUOUS
 10
158.8961227781
 20
105.7221169005
 30
0.0
 11
155.8961227781
 21
105.7221169005
 31
0.0
  0
LINE
  5
4B5
100
AcDbEntity
  8
03__ASM_ALL_CURVES
100
AcDbLine
 62
4
  6
CONTINUOUS
 10
192.4238031652
 20
105.5221169005
 30
0.0
 11
192.4238031652
 21
98.9221169005
 31
0.0
  0
LINE
  5
4B6
100
AcDbEntity
  8
0
100
AcDbLine
 62
7
  6
CONTINUOUS
 10
192.4238031652
 20
105.5221169005
 30
0.0
 11
192.4238031652
 21
98.9221169005
 31
0.0
  0
LINE
  5
4B7
100
AcDbEntity
  8
03__ASM_ALL_CURVES
100
AcDbLine
 62
4
  6
CONTINUOUS
 10
193.9238031652
 20
98.9221169005
 30
0.0
 11
193.9238031652
 21
105.5221169005
 31
0.0
  0
LINE
  5
4B8
100
AcDbEntity
  8
0
100
AcDbLine
 62
7
  6
CONTINUOUS
 10
196.4238031652
 20
105.7221169005
 30
0.0
 11
196.4238031652
 21
105.5221169005
 31
0.0
  0
LINE
  5
4B9
100
AcDbEntity
  8
0
100
AcDbLine
 62
7
  6
CONTINUOUS
 10
196.4238031652
 20
98.9221169005
 30
0.0
 11
196.4238031652
 21
100.6221169005
 31
0.0
  0
LINE
  5
4BA
100
AcDbEntity
  8
0
100
AcDbLine
 62
7
  6
CONTINUOUS
 10
196.5238031652
 20
99.0821169005
 30
0.0
 11
196.5238031652
 21
100.2785992128
 31
0.0
  0
LINE
  5
4BB
100
AcDbEntity
  8
0
100
AcDbLine
 62
9
  6
CONTINUOUS
 10
196.5599727564
 20
99.8787961314
 30
0.0
 11
196.5599727564
 21
100.2785992128
 31
0.0
  0
LINE
  5
4BC
100
AcDbEntity
  8
0
100
AcDbLine
 62
7
  6
CONTINUOUS
 10
196.5738031652
 20
100.4721169005
 30
0.0
 11
196.5738031652
 21
100.2785992128
 31
0.0
  0
LINE
  5
4BD
100
AcDbEntity
  8
0
100
AcDbLine
 62
7
  6
CONTINUOUS
 10
196.5938031652
 20
99.8221169005
 30
0.0
 11
196.5938031652
 21
99.6721169005
 31
0.0
  0
LINE
  5
4BE
100
AcDbEntity
  8
0
100
AcDbLine
 62
9
  6
CONTINUOUS
 10
196.6238031652
 20
98.9339022142
 30
0.0
 11
196.6238031652
 21
98.9221169005
 31
0.0
  0
LINE
  5
4BF
100
AcDbEntity
  8
0
100
AcDbLine
 62
7
  6
CONTINUOUS
 10
196.6738031652
 20
100.6221169005
 30
0.0
 11
196.6738031652
 21
100.4721169005
 31
0.0
  0
LINE
  5
4C0
100
AcDbEntity
  8
0
100
AcDbLine
 62
7
  6
CONTINUOUS
 10
196.6738031652
 20
99.8785992128
 30
0.0
 11
196.6738031652
 21
99.8721169005
 31
0.0
  0
LINE
  5
4C1
100
AcDbEntity
  8
0
100
AcDbLine
 62
7
  6
CONTINUOUS
 10
196.6738031652
 20
99.0821169005
 30
0.0
 11
196.6738031652
 21
99.4259630544
 31
0.0
  0
LINE
  5
4C2
100
AcDbEntity
  8
0
100
AcDbLine
 62
9
  6
CONTINUOUS
 10
196.6838031652
 20
98.9221169005
 30
0.0
 11
196.6838031652
 21
99.0721169005
 31
0.0
  0
LINE
  5
4C3
100
AcDbEntity
  8
0
100
AcDbLine
 62
7
  6
CONTINUOUS
 10
196.7238031652
 20
100.4721169005
 30
0.0
 11
196.7238031652
 21
100.2785992128
 31
0.0
  0
LINE
  5
4C4
100
AcDbEntity
  8
0
100
AcDbLine
 62
7
  6
CONTINUOUS
 10
196.7238031652
 20
99.8785992128
 30
0.0
 11
196.7238031652
 21
99.8721169005
 31
0.0
  0
LINE
  5
4C5
100
AcDbEntity
  8
0
100
AcDbLine
 62
9
  6
CONTINUOUS
 10
196.7238031652
 20
99.0721169005
 30
0.0
 11
196.7238031652
 21
98.9221169005
 31
0.0
  0
LINE
  5
4C6
100
AcDbEntity
  8
0
100
AcDbLine
 62
7
  6
CONTINUOUS
 10
196.7238031652
 20
99.0721169005
 30
0.0
 11
196.7238031652
 21
99.1929060663
 31
0.0
  0
LINE
  5
4C7
100
AcDbEntity
  8
0
100
AcDbLine
 62
7
  6
CONTINUOUS
 10
196.8104545056
 20
99.9785992128
 30
0.0
 11
196.8104545056
 21
100.1785992128
 31
0.0
  0
LINE
  5
4C8
100
AcDbEntity
  8
0
100
AcDbLine
 62
7
  6
CONTINUOUS
 10
196.8238031652
 20
99.0721169005
 30
0.0
 11
196.8238031652
 21
98.9221169005
 31
0.0
  0
LINE
  5
4C9
100
AcDbEntity
  8
0
100
AcDbLine
 62
9
  6
CONTINUOUS
 10
196.9238031652
 20
98.9221169005
 30
0.0
 11
196.9238031652
 21
99.0721169005
 31
0.0
  0
LINE
  5
4CA
100
AcDbEntity
  8
0
100
AcDbLine
 62
7
  6
CONTINUOUS
 10
196.9333273122
 20
99.9785992128
 30
0.0
 11
196.9333273122
 21
100.1785992128
 31
0.0
  0
LINE
  5
4CB
100
AcDbEntity
  8
0
100
AcDbLine
 62
7
  6
CONTINUOUS
 10
197.0738031652
 20
100.4721169005
 30
0.0
 11
197.0738031652
 21
100.6221169005
 31
0.0
  0
LINE
  5
4CC
100
AcDbEntity
  8
0
100
AcDbLine
 62
7
  6
CONTINUOUS
 10
197.1238031652
 20
100.4721169005
 30
0.0
 11
197.1238031652
 21
99.8721169005
 31
0.0
  0
LINE
  5
4CD
100
AcDbEntity
  8
0
100
AcDbLine
 62
7
  6
CONTINUOUS
 10
197.2238031652
 20
100.4724096827
 30
0.0
 11
197.2238031652
 21
100.5721169005
 31
0.0
  0
LINE
  5
4CE
100
AcDbEntity
  8
0
100
AcDbLine
 62
9
  6
CONTINUOUS
 10
197.3238031652
 20
99.0721169005
 30
0.0
 11
197.3238031652
 21
98.9221169005
 31
0.0
  0
LINE
  5
4CF
100
AcDbEntity
  8
0
100
AcDbLine
 62
9
  6
CONTINUOUS
 10
197.4206277489
 20
99.0721169005
 30
0.0
 11
197.4206277489
 21
98.9221169005
 31
0.0
  0
LINE
  5
4D0
100
AcDbEntity
  8
0
100
AcDbLine
 62
9
  6
CONTINUOUS
 10
197.5174523325
 20
98.9221169005
 30
0.0
 11
197.5174523325
 21
99.0721169005
 31
0.0
  0
LINE
  5
4D1
100
AcDbEntity
  8
0
100
AcDbLine
 62
7
  6
CONTINUOUS
 10
197.5833097605
 20
100.6221169005
 30
0.0
 11
197.5833097605
 21
100.5721169005
 31
0.0
  0
LINE
  5
4D2
100
AcDbEntity
  8
0
100
AcDbLine
 62
7
  6
CONTINUOUS
 10
197.6238031652
 20
98.9221169005
 30
0.0
 11
197.6238031652
 21
98.5221169005
 31
0.0
  0
LINE
  5
4D3
100
AcDbEntity
  8
0
100
AcDbLine
 62
9
  6
CONTINUOUS
 10
197.6238031652
 20
99.0721169005
 30
0.0
 11
197.6238031652
 21
98.9221169005
 31
0.0
  0
LINE
  5
4D4
100
AcDbEntity
  8
0
100
AcDbLine
 62
9
  6
CONTINUOUS
 10
197.6488031652
 20
98.5221169005
 30
0.0
 11
197.6488031652
 21
98.9221169005
 31
0.0
  0
LINE
  5
4D5
100
AcDbEntity
  8
0
100
AcDbLine
 62
7
  6
CONTINUOUS
 10
197.6738031652
 20
99.6721169005
 30
0.0
 11
197.6738031652
 21
99.0721169005
 31
0.0
  0
LINE
  5
4D6
100
AcDbEntity
  8
0
100
AcDbLine
 62
7
  6
CONTINUOUS
 10
197.7104057056
 20
99.0721169005
 30
0.0
 11
197.7104057056
 21
98.9221169005
 31
0.0
  0
LINE
  5
4D7
100
AcDbEntity
  8
0
100
AcDbLine
 62
7
  6
CONTINUOUS
 10
197.7238031652
 20
98.9379047017
 30
0.0
 11
197.7238031652
 21
99.5457673597
 31
0.0
  0
LINE
  5
4D8
100
AcDbEntity
  8
0
100
AcDbLine
 62
7
  6
CONTINUOUS
 10
197.7238031652
 20
99.7221169005
 30
0.0
 11
197.7238031652
 21
100.4728065557
 31
0.0
  0
LINE
  5
4D9
100
AcDbEntity
  8
0
100
AcDbLine
 62
7
  6
CONTINUOUS
 10
197.7538031652
 20
99.7221169005
 30
0.0
 11
197.7538031652
 21
99.6721169005
 31
0.0
  0
LINE
  5
4DA
100
AcDbEntity
  8
0
100
AcDbLine
 62
7
  6
CONTINUOUS
 10
197.8738031652
 20
99.7221169005
 30
0.0
 11
197.8738031652
 21
100.4521169005
 31
0.0
  0
LINE
  5
4DB
100
AcDbEntity
  8
0
100
AcDbLine
 62
7
  6
CONTINUOUS
 10
197.9038031652
 20
99.7221169005
 30
0.0
 11
197.9038031652
 21
99.6721169005
 31
0.0
  0
LINE
  5
4DC
100
AcDbEntity
  8
0
100
AcDbLine
 62
9
  6
CONTINUOUS
 10
198.0381067535
 20
100.6221169005
 30
0.0
 11
198.0381067535
 21
100.5721169005
 31
0.0
  0
LINE
  5
4DD
100
AcDbEntity
  8
0
100
AcDbLine
 62
7
  6
CONTINUOUS
 10
201.1482749136
 20
99.3474145878
 30
0.0
 11
201.2538031652
 21
99.6721169005
 31
0.0
  0
LINE
  5
4DE
100
AcDbEntity
  8
0
100
AcDbLine
 62
9
  6
CONTINUOUS
 10
198.1773796016
 20
100.5721169005
 30
0.0
 11
198.1773796016
 21
100.6221169005
 31
0.0
  0
LINE
  5
4DF
100
AcDbEntity
  8
0
100
AcDbLine
 62
9
  6
CONTINUOUS
 10
198.2435360556
 20
98.9221169005
 30
0.0
 11
198.2435360556
 21
98.4721169005
 31
0.0
  0
LINE
  5
4E0
100
AcDbEntity
  8
0
100
AcDbLine
 62
9
  6
CONTINUOUS
 10
198.338773451
 20
98.5221169005
 30
0.0
 11
198.338773451
 21
98.9221169005
 31
0.0
  0
LINE
  5
4E1
100
AcDbEntity
  8
0
100
AcDbLine
 62
7
  6
CONTINUOUS
 10
199.319898007
 20
100.5721169005
 30
0.0
 11
199.319898007
 21
100.6221169005
 31
0.0
  0
LINE
  5
4E2
100
AcDbEntity
  8
0
100
AcDbLine
 62
9
  6
CONTINUOUS
 10
199.5088328795
 20
98.5221169005
 30
0.0
 11
199.5088328795
 21
98.9221169005
 31
0.0
  0
LINE
  5
4E3
100
AcDbEntity
  8
0
100
AcDbLine
 62
9
  6
CONTINUOUS
 10
199.6040702748
 20
98.4721169005
 30
0.0
 11
199.6040702748
 21
98.9221169005
 31
0.0
  0
LINE
  5
4E4
100
AcDbEntity
  8
0
100
AcDbLine
 62
7
  6
CONTINUOUS
 10
199.9438031652
 20
99.7221169005
 30
0.0
 11
199.9438031652
 21
99.6721169005
 31
0.0
  0
LINE
  5
4E5
100
AcDbEntity
  8
0
100
AcDbLine
 62
7
  6
CONTINUOUS
 10
199.9738031652
 20
99.7221169005
 30
0.0
 11
199.9738031652
 21
100.4521169005
 31
0.0
  0
LINE
  5
4E6
100
AcDbEntity
  8
0
100
AcDbLine
 62
7
  6
CONTINUOUS
 10
200.0938031652
 20
99.7221169005
 30
0.0
 11
200.0938031652
 21
99.6721169005
 31
0.0
  0
LINE
  5
4E7
100
AcDbEntity
  8
0
100
AcDbLine
 62
7
  6
CONTINUOUS
 10
200.1238031652
 20
98.9379047017
 30
0.0
 11
200.1238031652
 21
99.5457673597
 31
0.0
  0
LINE
  5
4E8
100
AcDbEntity
  8
0
100
AcDbLine
 62
7
  6
CONTINUOUS
 10
200.1238031652
 20
99.7221169005
 30
0.0
 11
200.1238031652
 21
100.4728065557
 31
0.0
  0
LINE
  5
4E9
100
AcDbEntity
  8
0
100
AcDbLine
 62
7
  6
CONTINUOUS
 10
200.1372006248
 20
98.9221169005
 30
0.0
 11
200.1372006248
 21
99.0721169005
 31
0.0
  0
LINE
  5
4EA
100
AcDbEntity
  8
0
100
AcDbLine
 62
7
  6
CONTINUOUS
 10
200.1738031652
 20
99.0721169005
 30
0.0
 11
200.1738031652
 21
99.6721169005
 31
0.0
  0
LINE
  5
4EB
100
AcDbEntity
  8
0
100
AcDbLine
 62
9
  6
CONTINUOUS
 10
200.1988031652
 20
98.9221169005
 30
0.0
 11
200.1988031652
 21
98.5221169005
 31
0.0
  0
LINE
  5
4EC
100
AcDbEntity
  8
0
100
AcDbLine
 62
7
  6
CONTINUOUS
 10
200.2238031652
 20
98.5221169005
 30
0.0
 11
200.2238031652
 21
98.9221169005
 31
0.0
  0
LINE
  5
4ED
100
AcDbEntity
  8
0
100
AcDbLine
 62
9
  6
CONTINUOUS
 10
200.2238031652
 20
98.9221169005
 30
0.0
 11
200.2238031652
 21
99.0721169005
 31
0.0
  0
LINE
  5
4EE
100
AcDbEntity
  8
0
100
AcDbLine
 62
9
  6
CONTINUOUS
 10
200.3301539979
 20
99.0721169005
 30
0.0
 11
200.3301539979
 21
98.9221169005
 31
0.0
  0
LINE
  5
4EF
100
AcDbEntity
  8
0
100
AcDbLine
 62
9
  6
CONTINUOUS
 10
200.4269785816
 20
99.0721169005
 30
0.0
 11
200.4269785816
 21
98.9221169005
 31
0.0
  0
LINE
  5
4F0
100
AcDbEntity
  8
0
100
AcDbLine
 62
9
  6
CONTINUOUS
 10
200.5238031652
 20
98.9221169005
 30
0.0
 11
200.5238031652
 21
99.0721169005
 31
0.0
  0
LINE
  5
4F1
100
AcDbEntity
  8
0
100
AcDbLine
 62
7
  6
CONTINUOUS
 10
200.6238031652
 20
100.5721169005
 30
0.0
 11
200.6238031652
 21
100.4724096827
 31
0.0
  0
LINE
  5
4F2
100
AcDbEntity
  8
0
100
AcDbLine
 62
7
  6
CONTINUOUS
 10
200.7238031652
 20
100.4721169005
 30
0.0
 11
200.7238031652
 21
99.8721169005
 31
0.0
  0
LINE
  5
4F3
100
AcDbEntity
  8
0
100
AcDbLine
 62
7
  6
CONTINUOUS
 10
200.7738031652
 20
100.6221169005
 30
0.0
 11
200.7738031652
 21
100.4721169005
 31
0.0
  0
LINE
  5
4F4
100
AcDbEntity
  8
0
100
AcDbLine
 62
7
  6
CONTINUOUS
 10
200.9142790182
 20
100.1785992128
 30
0.0
 11
200.9142790182
 21
99.9785992128
 31
0.0
  0
LINE
  5
4F5
100
AcDbEntity
  8
0
100
AcDbLine
 62
9
  6
CONTINUOUS
 10
200.9238031652
 20
99.0721169005
 30
0.0
 11
200.9238031652
 21
98.9221169005
 31
0.0
  0
LINE
  5
4F6
100
AcDbEntity
  8
0
100
AcDbLine
 62
7
  6
CONTINUOUS
 10
201.0238031652
 20
98.9221169005
 30
0.0
 11
201.0238031652
 21
99.0721169005
 31
0.0
  0
LINE
  5
4F7
100
AcDbEntity
  8
0
100
AcDbLine
 62
7
  6
CONTINUOUS
 10
201.0371518249
 20
100.1785992128
 30
0.0
 11
201.0371518249
 21
99.9785992128
 31
0.0
  0
LINE
  5
4F8
100
AcDbEntity
  8
0
100
AcDbLine
 62
7
  6
CONTINUOUS
 10
201.1238031652
 20
100.4721169005
 30
0.0
 11
201.1238031652
 21
100.2785992128
 31
0.0
  0
LINE
  5
4F9
100
AcDbEntity
  8
0
100
AcDbLine
 62
7
  6
CONTINUOUS
 10
201.1238031652
 20
99.8785992128
 30
0.0
 11
201.1238031652
 21
99.8721169005
 31
0.0
  0
LINE
  5
4FA
100
AcDbEntity
  8
0
100
AcDbLine
 62
9
  6
CONTINUOUS
 10
201.1238031652
 20
98.9221169005
 30
0.0
 11
201.1238031652
 21
99.0721169005
 31
0.0
  0
LINE
  5
4FB
100
AcDbEntity
  8
0
100
AcDbLine
 62
7
  6
CONTINUOUS
 10
201.1238031652
 20
99.0721169005
 30
0.0
 11
201.1238031652
 21
99.1929060663
 31
0.0
  0
LINE
  5
4FC
100
AcDbEntity
  8
0
100
AcDbLine
 62
9
  6
CONTINUOUS
 10
201.1638031652
 20
98.9221169005
 30
0.0
 11
201.1638031652
 21
99.0721169005
 31
0.0
  0
LINE
  5
4FD
100
AcDbEntity
  8
0
100
AcDbLine
 62
7
  6
CONTINUOUS
 10
201.1738031652
 20
99.4259630544
 30
0.0
 11
201.1738031652
 21
99.0821169005
 31
0.0
  0
LINE
  5
4FE
100
AcDbEntity
  8
0
100
AcDbLine
 62
7
  6
CONTINUOUS
 10
201.1738031652
 20
99.8721169005
 30
0.0
 11
201.1738031652
 21
99.8785992128
 31
0.0
  0
LINE
  5
4FF
100
AcDbEntity
  8
0
100
AcDbLine
 62
7
  6
CONTINUOUS
 10
201.1738031652
 20
100.4721169005
 30
0.0
 11
201.1738031652
 21
100.6221169005
 31
0.0
  0
LINE
  5
500
100
AcDbEntity
  8
0
100
AcDbLine
 62
9
  6
CONTINUOUS
 10
201.2238031652
 20
98.9221169005
 30
0.0
 11
201.2238031652
 21
98.9339019554
 31
0.0
  0
LINE
  5
501
100
AcDbEntity
  8
0
100
AcDbLine
 62
7
  6
CONTINUOUS
 10
201.2538031652
 20
99.8221169005
 30
0.0
 11
201.2538031652
 21
99.6721169005
 31
0.0
  0
LINE
  5
502
100
AcDbEntity
  8
0
100
AcDbLine
 62
7
  6
CONTINUOUS
 10
201.2738031652
 20
100.2785992128
 30
0.0
 11
201.2738031652
 21
100.4721169005
 31
0.0
  0
LINE
  5
503
100
AcDbEntity
  8
0
100
AcDbLine
 62
9
  6
CONTINUOUS
 10
201.2876335741
 20
100.2785992128
 30
0.0
 11
201.2876335741
 21
99.8787961314
 31
0.0
  0
LINE
  5
504
100
AcDbEntity
  8
0
100
AcDbLine
 62
7
  6
CONTINUOUS
 10
201.3238031652
 20
99.0821169005
 30
0.0
 11
201.3238031652
 21
100.2785992128
 31
0.0
  0
LINE
  5
505
100
AcDbEntity
  8
0
100
AcDbLine
 62
7
  6
CONTINUOUS
 10
201.4238031652
 20
100.6221169005
 30
0.0
 11
201.4238031652
 21
98.9221169005
 31
0.0
  0
LINE
  5
506
100
AcDbEntity
  8
0
100
AcDbLine
 62
7
  6
CONTINUOUS
 10
196.5938031652
 20
99.6721169005
 30
0.0
 11
196.6993201996
 21
99.3474491025
 31
0.0
  0
LINE
  5
507
100
AcDbEntity
  8
0
100
AcDbLine
 62
7
  6
CONTINUOUS
 10
205.9238031652
 20
95.7221169005
 30
0.0
 11
205.9238031652
 21
97.9221169005
 31
0.0
  0
LINE
  5
508
100
AcDbEntity
  8
0
100
AcDbLine
 62
7
  6
CONTINUOUS
 10
207.6738031652
 20
105.7221169005
 30
0.0
 11
207.6738031652
 21
100.7221169005
 31
0.0
  0
LINE
  5
509
100
AcDbEntity
  8
0
100
AcDbLine
 62
7
  6
CONTINUOUS
 10
207.9538031652
 20
94.7221169005
 30
0.0
 11
207.9538031652
 21
95.7221169005
 31
0.0
  0
LINE
  5
50A
100
AcDbEntity
  8
0
100
AcDbLine
 62
9
  6
CONTINUOUS
 10
209.2338034751
 20
95.7221169005
 30
0.0
 11
209.2338034298
 21
94.7221169005
 31
0.0
  0
LINE
  5
50B
100
AcDbEntity
  8
0
100
AcDbLine
 62
7
  6
CONTINUOUS
 10
212.9188031652
 20
95.7221169005
 30
0.0
 11
212.9188031652
 21
94.7221169005
 31
0.0
  0
LINE
  5
50C
100
AcDbEntity
  8
0
100
AcDbLine
 62
7
  6
CONTINUOUS
 10
212.9288031652
 20
95.7221169005
 30
0.0
 11
212.9288031652
 21
94.7221169005
 31
0.0
  0
LINE
  5
50D
100
AcDbEntity
  8
0
100
AcDbLine
 62
9
  6
CONTINUOUS
 10
215.6138041227
 20
94.7221169005
 30
0.0
 11
215.6138039975
 21
95.7221169005
 31
0.0
  0
LINE
  5
50E
100
AcDbEntity
  8
0
100
AcDbLine
 62
7
  6
CONTINUOUS
 10
216.8938031652
 20
95.7221169005
 30
0.0
 11
216.8938031652
 21
94.7221169005
 31
0.0
  0
LINE
  5
50F
100
AcDbEntity
  8
0
100
AcDbLine
 62
7
  6
CONTINUOUS
 10
217.1738031652
 20
100.7221169005
 30
0.0
 11
217.1738031652
 21
105.7221169005
 31
0.0
  0
LINE
  5
510
100
AcDbEntity
  8
0
100
AcDbLine
 62
7
  6
CONTINUOUS
 10
218.9238031652
 20
95.7221169005
 30
0.0
 11
218.9238031652
 21
97.9221169005
 31
0.0
  0
LINE
  5
511
100
AcDbEntity
  8
0
100
AcDbLine
 62
7
  6
CONTINUOUS
 10
228.1482749136
 20
99.3474145878
 30
0.0
 11
228.2538031652
 21
99.6721169005
 31
0.0
  0
LINE
  5
512
100
AcDbEntity
  8
0
100
AcDbLine
 62
7
  6
CONTINUOUS
 10
223.4238031652
 20
98.9221169005
 30
0.0
 11
223.4238031652
 21
100.6221169005
 31
0.0
  0
LINE
  5
513
100
AcDbEntity
  8
0
100
AcDbLine
 62
7
  6
CONTINUOUS
 10
223.5238031652
 20
99.0821169005
 30
0.0
 11
223.5238031652
 21
100.2785992128
 31
0.0
  0
LINE
  5
514
100
AcDbEntity
  8
0
100
AcDbLine
 62
9
  6
CONTINUOUS
 10
223.5599727564
 20
99.8787961314
 30
0.0
 11
223.5599727564
 21
100.2785992128
 31
0.0
  0
LINE
  5
515
100
AcDbEntity
  8
0
100
AcDbLine
 62
7
  6
CONTINUOUS
 10
223.5738031652
 20
100.4721169005
 30
0.0
 11
223.5738031652
 21
100.2785992128
 31
0.0
  0
LINE
  5
516
100
AcDbEntity
  8
0
100
AcDbLine
 62
7
  6
CONTINUOUS
 10
223.5938031652
 20
99.8221169005
 30
0.0
 11
223.5938031652
 21
99.6721169005
 31
0.0
  0
LINE
  5
517
100
AcDbEntity
  8
0
100
AcDbLine
 62
9
  6
CONTINUOUS
 10
223.6238031652
 20
98.9339022142
 30
0.0
 11
223.6238031652
 21
98.9221169005
 31
0.0
  0
LINE
  5
518
100
AcDbEntity
  8
0
100
AcDbLine
 62
7
  6
CONTINUOUS
 10
223.6738031652
 20
100.6221169005
 30
0.0
 11
223.6738031652
 21
100.4721169005
 31
0.0
  0
LINE
  5
519
100
AcDbEntity
  8
0
100
AcDbLine
 62
7
  6
CONTINUOUS
 10
223.6738031652
 20
99.8785992128
 30
0.0
 11
223.6738031652
 21
99.8721169005
 31
0.0
  0
LINE
  5
51A
100
AcDbEntity
  8
0
100
AcDbLine
 62
7
  6
CONTINUOUS
 10
223.6738031652
 20
99.0821169005
 30
0.0
 11
223.6738031652
 21
99.4259630544
 31
0.0
  0
LINE
  5
51B
100
AcDbEntity
  8
0
100
AcDbLine
 62
9
  6
CONTINUOUS
 10
223.6838031652
 20
98.9221169005
 30
0.0
 11
223.6838031652
 21
99.0721169005
 31
0.0
  0
LINE
  5
51C
100
AcDbEntity
  8
0
100
AcDbLine
 62
7
  6
CONTINUOUS
 10
223.7238031652
 20
100.4721169005
 30
0.0
 11
223.7238031652
 21
100.2785992128
 31
0.0
  0
LINE
  5
51D
100
AcDbEntity
  8
0
100
AcDbLine
 62
7
  6
CONTINUOUS
 10
223.7238031652
 20
99.8785992128
 30
0.0
 11
223.7238031652
 21
99.8721169005
 31
0.0
  0
LINE
  5
51E
100
AcDbEntity
  8
0
100
AcDbLine
 62
9
  6
CONTINUOUS
 10
223.7238031652
 20
99.0721169005
 30
0.0
 11
223.7238031652
 21
98.9221169005
 31
0.0
  0
LINE
  5
51F
100
AcDbEntity
  8
0
100
AcDbLine
 62
7
  6
CONTINUOUS
 10
223.7238031652
 20
99.0721169005
 30
0.0
 11
223.7238031652
 21
99.1929060663
 31
0.0
  0
LINE
  5
520
100
AcDbEntity
  8
0
100
AcDbLine
 62
7
  6
CONTINUOUS
 10
223.8104545056
 20
99.9785992128
 30
0.0
 11
223.8104545056
 21
100.1785992128
 31
0.0
  0
LINE
  5
521
100
AcDbEntity
  8
0
100
AcDbLine
 62
7
  6
CONTINUOUS
 10
223.8238031652
 20
99.0721169005
 30
0.0
 11
223.8238031652
 21
98.9221169005
 31
0.0
  0
LINE
  5
522
100
AcDbEntity
  8
0
100
AcDbLine
 62
9
  6
CONTINUOUS
 10
223.9238031652
 20
98.9221169005
 30
0.0
 11
223.9238031652
 21
99.0721169005
 31
0.0
  0
LINE
  5
523
100
AcDbEntity
  8
0
100
AcDbLine
 62
7
  6
CONTINUOUS
 10
223.9333273122
 20
99.9785992128
 30
0.0
 11
223.9333273122
 21
100.1785992128
 31
0.0
  0
LINE
  5
524
100
AcDbEntity
  8
0
100
AcDbLine
 62
7
  6
CONTINUOUS
 10
224.0738031652
 20
100.4721169005
 30
0.0
 11
224.0738031652
 21
100.6221169005
 31
0.0
  0
LINE
  5
525
100
AcDbEntity
  8
0
100
AcDbLine
 62
7
  6
CONTINUOUS
 10
224.1238031652
 20
100.4721169005
 30
0.0
 11
224.1238031652
 21
99.8721169005
 31
0.0
  0
LINE
  5
526
100
AcDbEntity
  8
0
100
AcDbLine
 62
7
  6
CONTINUOUS
 10
224.2238031652
 20
100.4724096827
 30
0.0
 11
224.2238031652
 21
100.5721169005
 31
0.0
  0
LINE
  5
527
100
AcDbEntity
  8
0
100
AcDbLine
 62
9
  6
CONTINUOUS
 10
224.3238031652
 20
99.0721169005
 30
0.0
 11
224.3238031652
 21
98.9221169005
 31
0.0
  0
LINE
  5
528
100
AcDbEntity
  8
0
100
AcDbLine
 62
9
  6
CONTINUOUS
 10
224.4206277489
 20
99.0721169005
 30
0.0
 11
224.4206277489
 21
98.9221169005
 31
0.0
  0
LINE
  5
529
100
AcDbEntity
  8
0
100
AcDbLine
 62
9
  6
CONTINUOUS
 10
224.5174523325
 20
98.9221169005
 30
0.0
 11
224.5174523325
 21
99.0721169005
 31
0.0
  0
LINE
  5
52A
100
AcDbEntity
  8
0
100
AcDbLine
 62
7
  6
CONTINUOUS
 10
224.5833097605
 20
100.6221169005
 30
0.0
 11
224.5833097605
 21
100.5721169005
 31
0.0
  0
LINE
  5
52B
100
AcDbEntity
  8
0
100
AcDbLine
 62
7
  6
CONTINUOUS
 10
224.6238031652
 20
98.9221169005
 30
0.0
 11
224.6238031652
 21
98.5221169005
 31
0.0
  0
LINE
  5
52C
100
AcDbEntity
  8
0
100
AcDbLine
 62
9
  6
CONTINUOUS
 10
224.6238031652
 20
99.0721169005
 30
0.0
 11
224.6238031652
 21
98.9221169005
 31
0.0
  0
LINE
  5
52D
100
AcDbEntity
  8
0
100
AcDbLine
 62
9
  6
CONTINUOUS
 10
224.6488031652
 20
98.5221169005
 30
0.0
 11
224.6488031652
 21
98.9221169005
 31
0.0
  0
LINE
  5
52E
100
AcDbEntity
  8
0
100
AcDbLine
 62
7
  6
CONTINUOUS
 10
224.6738031652
 20
99.6721169005
 30
0.0
 11
224.6738031652
 21
99.0721169005
 31
0.0
  0
LINE
  5
52F
100
AcDbEntity
  8
0
100
AcDbLine
 62
7
  6
CONTINUOUS
 10
224.7104057056
 20
99.0721169005
 30
0.0
 11
224.7104057056
 21
98.9221169005
 31
0.0
  0
LINE
  5
530
100
AcDbEntity
  8
0
100
AcDbLine
 62
7
  6
CONTINUOUS
 10
224.7238031652
 20
98.9379047017
 30
0.0
 11
224.7238031652
 21
99.5457673597
 31
0.0
  0
LINE
  5
531
100
AcDbEntity
  8
0
100
AcDbLine
 62
7
  6
CONTINUOUS
 10
224.7238031652
 20
99.7221169005
 30
0.0
 11
224.7238031652
 21
100.4728065557
 31
0.0
  0
LINE
  5
532
100
AcDbEntity
  8
0
100
AcDbLine
 62
7
  6
CONTINUOUS
 10
224.7538031652
 20
99.7221169005
 30
0.0
 11
224.7538031652
 21
99.6721169005
 31
0.0
  0
LINE
  5
533
100
AcDbEntity
  8
0
100
AcDbLine
 62
7
  6
CONTINUOUS
 10
224.8738031652
 20
99.7221169005
 30
0.0
 11
224.8738031652
 21
100.4521169005
 31
0.0
  0
LINE
  5
534
100
AcDbEntity
  8
0
100
AcDbLine
 62
7
  6
CONTINUOUS
 10
224.9038031652
 20
99.7221169005
 30
0.0
 11
224.9038031652
 21
99.6721169005
 31
0.0
  0
LINE
  5
535
100
AcDbEntity
  8
0
100
AcDbLine
 62
9
  6
CONTINUOUS
 10
225.0381067535
 20
100.6221169005
 30
0.0
 11
225.0381067535
 21
100.5721169005
 31
0.0
  0
LINE
  5
536
100
AcDbEntity
  8
0
100
AcDbLine
 62
9
  6
CONTINUOUS
 10
225.1773796016
 20
100.5721169005
 30
0.0
 11
225.1773796016
 21
100.6221169005
 31
0.0
  0
LINE
  5
537
100
AcDbEntity
  8
0
100
AcDbLine
 62
9
  6
CONTINUOUS
 10
225.2435360556
 20
98.9221169005
 30
0.0
 11
225.2435360556
 21
98.4721169005
 31
0.0
  0
LINE
  5
538
100
AcDbEntity
  8
0
100
AcDbLine
 62
9
  6
CONTINUOUS
 10
225.338773451
 20
98.5221169005
 30
0.0
 11
225.338773451
 21
98.9221169005
 31
0.0
  0
LINE
  5
539
100
AcDbEntity
  8
0
100
AcDbLine
 62
7
  6
CONTINUOUS
 10
226.319898007
 20
100.5721169005
 30
0.0
 11
226.319898007
 21
100.6221169005
 31
0.0
  0
LINE
  5
53A
100
AcDbEntity
  8
0
100
AcDbLine
 62
9
  6
CONTINUOUS
 10
226.5088328795
 20
98.5221169005
 30
0.0
 11
226.5088328795
 21
98.9221169005
 31
0.0
  0
LINE
  5
53B
100
AcDbEntity
  8
0
100
AcDbLine
 62
9
  6
CONTINUOUS
 10
226.6040702748
 20
98.4721169005
 30
0.0
 11
226.6040702748
 21
98.9221169005
 31
0.0
  0
LINE
  5
53C
100
AcDbEntity
  8
0
100
AcDbLine
 62
7
  6
CONTINUOUS
 10
226.9438031652
 20
99.7221169005
 30
0.0
 11
226.9438031652
 21
99.6721169005
 31
0.0
  0
LINE
  5
53D
100
AcDbEntity
  8
0
100
AcDbLine
 62
7
  6
CONTINUOUS
 10
226.9738031652
 20
99.7221169005
 30
0.0
 11
226.9738031652
 21
100.4521169005
 31
0.0
  0
LINE
  5
53E
100
AcDbEntity
  8
0
100
AcDbLine
 62
7
  6
CONTINUOUS
 10
227.0938031652
 20
99.7221169005
 30
0.0
 11
227.0938031652
 21
99.6721169005
 31
0.0
  0
LINE
  5
53F
100
AcDbEntity
  8
0
100
AcDbLine
 62
7
  6
CONTINUOUS
 10
227.1238031652
 20
98.9379047017
 30
0.0
 11
227.1238031652
 21
99.5457673597
 31
0.0
  0
LINE
  5
540
100
AcDbEntity
  8
0
100
AcDbLine
 62
7
  6
CONTINUOUS
 10
227.1238031652
 20
99.7221169005
 30
0.0
 11
227.1238031652
 21
100.4728065557
 31
0.0
  0
LINE
  5
541
100
AcDbEntity
  8
0
100
AcDbLine
 62
7
  6
CONTINUOUS
 10
227.1372006248
 20
98.9221169005
 30
0.0
 11
227.1372006248
 21
99.0721169005
 31
0.0
  0
LINE
  5
542
100
AcDbEntity
  8
0
100
AcDbLine
 62
7
  6
CONTINUOUS
 10
227.1738031652
 20
99.0721169005
 30
0.0
 11
227.1738031652
 21
99.6721169005
 31
0.0
  0
LINE
  5
543
100
AcDbEntity
  8
0
100
AcDbLine
 62
9
  6
CONTINUOUS
 10
227.1988031652
 20
98.9221169005
 30
0.0
 11
227.1988031652
 21
98.5221169005
 31
0.0
  0
LINE
  5
544
100
AcDbEntity
  8
0
100
AcDbLine
 62
7
  6
CONTINUOUS
 10
227.2238031652
 20
98.5221169005
 30
0.0
 11
227.2238031652
 21
98.9221169005
 31
0.0
  0
LINE
  5
545
100
AcDbEntity
  8
0
100
AcDbLine
 62
9
  6
CONTINUOUS
 10
227.2238031652
 20
98.9221169005
 30
0.0
 11
227.2238031652
 21
99.0721169005
 31
0.0
  0
LINE
  5
546
100
AcDbEntity
  8
0
100
AcDbLine
 62
7
  6
CONTINUOUS
 10
207.9538031652
 20
94.7221169005
 30
0.0
 11
212.9188031652
 21
94.7221169005
 31
0.0
  0
LINE
  5
547
100
AcDbEntity
  8
0
100
AcDbLine
 62
7
  6
CONTINUOUS
 10
212.9288031652
 20
94.7221169005
 30
0.0
 11
216.8938031652
 21
94.7221169005
 31
0.0
  0
LINE
  5
548
100
AcDbEntity
  8
0
100
AcDbLine
 62
7
  6
CONTINUOUS
 10
205.9238031652
 20
95.7221169005
 30
0.0
 11
218.9238031652
 21
95.7221169005
 31
0.0
  0
LINE
  5
549
100
AcDbEntity
  8
0
100
AcDbLine
 62
9
  6
CONTINUOUS
 10
227.3301539979
 20
99.0721169005
 30
0.0
 11
227.3301539979
 21
98.9221169005
 31
0.0
  0
LINE
  5
54A
100
AcDbEntity
  8
0
100
AcDbLine
 62
9
  6
CONTINUOUS
 10
227.4269785816
 20
99.0721169005
 30
0.0
 11
227.4269785816
 21
98.9221169005
 31
0.0
  0
LINE
  5
54B
100
AcDbEntity
  8
0
100
AcDbLine
 62
9
  6
CONTINUOUS
 10
227.5238031652
 20
98.9221169005
 30
0.0
 11
227.5238031652
 21
99.0721169005
 31
0.0
  0
LINE
  5
54C
100
AcDbEntity
  8
0
100
AcDbLine
 62
7
  6
CONTINUOUS
 10
227.6238031652
 20
100.5721169005
 30
0.0
 11
227.6238031652
 21
100.4724096827
 31
0.0
  0
LINE
  5
54D
100
AcDbEntity
  8
0
100
AcDbLine
 62
7
  6
CONTINUOUS
 10
227.7238031652
 20
100.4721169005
 30
0.0
 11
227.7238031652
 21
99.8721169005
 31
0.0
  0
LINE
  5
54E
100
AcDbEntity
  8
0
100
AcDbLine
 62
7
  6
CONTINUOUS
 10
227.7738031652
 20
100.6221169005
 30
0.0
 11
227.7738031652
 21
100.4721169005
 31
0.0
  0
LINE
  5
54F
100
AcDbEntity
  8
0
100
AcDbLine
 62
7
  6
CONTINUOUS
 10
227.9142790182
 20
100.1785992128
 30
0.0
 11
227.9142790182
 21
99.9785992128
 31
0.0
  0
LINE
  5
550
100
AcDbEntity
  8
0
100
AcDbLine
 62
9
  6
CONTINUOUS
 10
227.9238031652
 20
99.0721169005
 30
0.0
 11
227.9238031652
 21
98.9221169005
 31
0.0
  0
LINE
  5
551
100
AcDbEntity
  8
0
100
AcDbLine
 62
7
  6
CONTINUOUS
 10
228.0238031652
 20
98.9221169005
 30
0.0
 11
228.0238031652
 21
99.0721169005
 31
0.0
  0
LINE
  5
552
100
AcDbEntity
  8
0
100
AcDbLine
 62
7
  6
CONTINUOUS
 10
228.0371518249
 20
100.1785992128
 30
0.0
 11
228.0371518249
 21
99.9785992128
 31
0.0
  0
LINE
  5
553
100
AcDbEntity
  8
0
100
AcDbLine
 62
7
  6
CONTINUOUS
 10
228.1238031652
 20
100.4721169005
 30
0.0
 11
228.1238031652
 21
100.2785992128
 31
0.0
  0
LINE
  5
554
100
AcDbEntity
  8
0
100
AcDbLine
 62
7
  6
CONTINUOUS
 10
228.1238031652
 20
99.8785992128
 30
0.0
 11
228.1238031652
 21
99.8721169005
 31
0.0
  0
LINE
  5
555
100
AcDbEntity
  8
0
100
AcDbLine
 62
9
  6
CONTINUOUS
 10
228.1238031652
 20
98.9221169005
 30
0.0
 11
228.1238031652
 21
99.0721169005
 31
0.0
  0
LINE
  5
556
100
AcDbEntity
  8
0
100
AcDbLine
 62
7
  6
CONTINUOUS
 10
228.1238031652
 20
99.0721169005
 30
0.0
 11
228.1238031652
 21
99.1929060663
 31
0.0
  0
LINE
  5
557
100
AcDbEntity
  8
0
100
AcDbLine
 62
9
  6
CONTINUOUS
 10
228.1638031652
 20
98.9221169005
 30
0.0
 11
228.1638031652
 21
99.0721169005
 31
0.0
  0
LINE
  5
558
100
AcDbEntity
  8
0
100
AcDbLine
 62
7
  6
CONTINUOUS
 10
228.1738031652
 20
99.4259630544
 30
0.0
 11
228.1738031652
 21
99.0821169005
 31
0.0
  0
LINE
  5
559
100
AcDbEntity
  8
0
100
AcDbLine
 62
7
  6
CONTINUOUS
 10
228.1738031652
 20
99.8721169005
 30
0.0
 11
228.1738031652
 21
99.8785992128
 31
0.0
  0
LINE
  5
55A
100
AcDbEntity
  8
0
100
AcDbLine
 62
7
  6
CONTINUOUS
 10
228.1738031652
 20
100.4721169005
 30
0.0
 11
228.1738031652
 21
100.6221169005
 31
0.0
  0
LINE
  5
55B
100
AcDbEntity
  8
0
100
AcDbLine
 62
9
  6
CONTINUOUS
 10
228.2238031652
 20
98.9221169005
 30
0.0
 11
228.2238031652
 21
98.9339019554
 31
0.0
  0
LINE
  5
55C
100
AcDbEntity
  8
0
100
AcDbLine
 62
7
  6
CONTINUOUS
 10
228.2538031652
 20
99.8221169005
 30
0.0
 11
228.2538031652
 21
99.6721169005
 31
0.0
  0
LINE
  5
55D
100
AcDbEntity
  8
0
100
AcDbLine
 62
7
  6
CONTINUOUS
 10
228.2738031652
 20
100.2785992128
 30
0.0
 11
228.2738031652
 21
100.4721169005
 31
0.0
  0
LINE
  5
55E
100
AcDbEntity
  8
0
100
AcDbLine
 62
9
  6
CONTINUOUS
 10
228.2876335741
 20
100.2785992128
 30
0.0
 11
228.2876335741
 21
99.8787961314
 31
0.0
  0
LINE
  5
55F
100
AcDbEntity
  8
0
100
AcDbLine
 62
7
  6
CONTINUOUS
 10
228.3238031652
 20
99.0821169005
 30
0.0
 11
228.3238031652
 21
100.2785992128
 31
0.0
  0
LINE
  5
560
100
AcDbEntity
  8
0
100
AcDbLine
 62
7
  6
CONTINUOUS
 10
228.4238031652
 20
105.7221169005
 30
0.0
 11
228.4238031652
 21
105.5221169005
 31
0.0
  0
LINE
  5
561
100
AcDbEntity
  8
0
100
AcDbLine
 62
7
  6
CONTINUOUS
 10
228.4238031652
 20
100.6221169005
 30
0.0
 11
228.4238031652
 21
98.9221169005
 31
0.0
  0
LINE
  5
562
100
AcDbEntity
  8
0
100
AcDbLine
 62
7
  6
CONTINUOUS
 10
226.8728713284
 20
100.543717836
 30
0.0
 11
227.0170393118
 21
100.5721169005
 31
0.0
  0
LINE
  5
563
100
AcDbEntity
  8
0
100
AcDbLine
 62
7
  6
CONTINUOUS
 10
226.9738031652
 20
100.4521169005
 30
0.0
 11
227.1238031652
 21
100.4728065557
 31
0.0
  0
LINE
  5
564
100
AcDbEntity
  8
0
100
AcDbLine
 62
7
  6
CONTINUOUS
 10
197.6738031652
 20
98.4721169005
 30
0.0
 11
200.1738031652
 21
98.4721169005
 31
0.0
  0
LINE
  5
565
100
AcDbEntity
  8
0
100
AcDbLine
 62
7
  6
CONTINUOUS
 10
224.6738031652
 20
98.4721169005
 30
0.0
 11
227.1738031652
 21
98.4721169005
 31
0.0
  0
LINE
  5
566
100
AcDbEntity
  8
0
100
AcDbLine
 62
9
  6
CONTINUOUS
 10
227.2238031652
 20
98.5221169005
 30
0.0
 11
224.6238031652
 21
98.5221169005
 31
0.0
  0
LINE
  5
567
100
AcDbEntity
  8
0
100
AcDbLine
 62
9
  6
CONTINUOUS
 10
200.2238031652
 20
98.5221169005
 30
0.0
 11
197.6238031652
 21
98.5221169005
 31
0.0
  0
LINE
  5
568
100
AcDbEntity
  8
0
100
AcDbLine
 62
7
  6
CONTINUOUS
 10
197.7238031652
 20
100.4728065557
 30
0.0
 11
197.8738031652
 21
100.4521169005
 31
0.0
  0
LINE
  5
569
100
AcDbEntity
  8
0
100
AcDbLine
 62
7
  6
CONTINUOUS
 10
223.5938031652
 20
99.6721169005
 30
0.0
 11
223.6993201996
 21
99.3474491025
 31
0.0
  0
LINE
  5
56A
100
AcDbEntity
  8
03__ASM_ALL_CURVES
100
AcDbLine
 62
4
  6
CONTINUOUS
 10
230.9238031652
 20
105.5221169005
 30
0.0
 11
230.9238031652
 21
98.9221169005
 31
0.0
  0
LINE
  5
56B
100
AcDbEntity
  8
0
100
AcDbLine
 62
7
  6
CONTINUOUS
 10
224.2238031652
 20
100.4724617281
 30
0.0
 11
224.1238031652
 21
100.4721169005
 31
0.0
  0
LINE
  5
56C
100
AcDbEntity
  8
0
100
AcDbLine
 62
7
  6
CONTINUOUS
 10
197.2238031652
 20
100.4724617281
 30
0.0
 11
197.1238031652
 21
100.4721169005
 31
0.0
  0
LINE
  5
56D
100
AcDbEntity
  8
0
100
AcDbLine
 62
7
  6
CONTINUOUS
 10
232.4238031652
 20
98.9221169005
 30
0.0
 11
228.1663070123
 21
98.9221169005
 31
0.0
  0
LINE
  5
56E
100
AcDbEntity
  8
0
100
AcDbLine
 62
7
  6
CONTINUOUS
 10
223.6813029864
 20
98.9221169005
 30
0.0
 11
219.9238031652
 21
98.9221169005
 31
0.0
  0
LINE
  5
56F
100
AcDbEntity
  8
03__ASM_ALL_CURVES
100
AcDbLine
 62
4
  6
CONTINUOUS
 10
192.4238031652
 20
98.9221169005
 30
0.0
 11
193.9238031652
 21
98.9221169005
 31
0.0
  0
LINE
  5
570
100
AcDbEntity
  8
0
100
AcDbLine
 62
7
  6
CONTINUOUS
 10
192.4238031652
 20
98.9221169005
 30
0.0
 11
196.6813029864
 21
98.9221169005
 31
0.0
  0
LINE
  5
571
100
AcDbEntity
  8
0
100
AcDbLine
 62
7
  6
CONTINUOUS
 10
196.6838031652
 20
98.9221169005
 30
0.0
 11
201.1638031652
 21
98.9221169005
 31
0.0
  0
LINE
  5
572
100
AcDbEntity
  8
0
100
AcDbLine
 62
7
  6
CONTINUOUS
 10
201.1663070123
 20
98.9221169005
 30
0.0
 11
204.9238031652
 21
98.9221169005
 31
0.0
  0
LINE
  5
573
100
AcDbEntity
  8
0
100
AcDbLine
 62
7
  6
CONTINUOUS
 10
223.6838031652
 20
98.9221169005
 30
0.0
 11
228.1638031652
 21
98.9221169005
 31
0.0
  0
LINE
  5
574
100
AcDbEntity
  8
03__ASM_ALL_CURVES
100
AcDbLine
 62
4
  6
CONTINUOUS
 10
230.9238031652
 20
98.9221169005
 30
0.0
 11
232.4238031652
 21
98.9221169005
 31
0.0
  0
LINE
  5
575
100
AcDbEntity
  8
0
100
AcDbLine
 62
7
  6
CONTINUOUS
 10
228.1638031652
 20
99.0721169005
 30
0.0
 11
227.9238031652
 21
99.0721169005
 31
0.0
  0
LINE
  5
576
100
AcDbEntity
  8
0
100
AcDbLine
 62
7
  6
CONTINUOUS
 10
223.9238031652
 20
99.0721169005
 30
0.0
 11
223.6838031652
 21
99.0721169005
 31
0.0
  0
LINE
  5
577
100
AcDbEntity
  8
0
100
AcDbLine
 62
7
  6
CONTINUOUS
 10
201.1638031652
 20
99.0721169005
 30
0.0
 11
200.9238031652
 21
99.0721169005
 31
0.0
  0
LINE
  5
578
100
AcDbEntity
  8
0
100
AcDbLine
 62
7
  6
CONTINUOUS
 10
196.9238031652
 20
99.0721169005
 30
0.0
 11
196.6838031652
 21
99.0721169005
 31
0.0
  0
LINE
  5
579
100
AcDbEntity
  8
0
100
AcDbLine
 62
7
  6
CONTINUOUS
 10
197.3238031652
 20
99.0721169005
 30
0.0
 11
197.7104057056
 21
99.0721169005
 31
0.0
  0
LINE
  5
57A
100
AcDbEntity
  8
0
100
AcDbLine
 62
7
  6
CONTINUOUS
 10
200.1372006248
 20
99.0721169005
 30
0.0
 11
200.5238031652
 21
99.0721169005
 31
0.0
  0
LINE
  5
57B
100
AcDbEntity
  8
0
100
AcDbLine
 62
7
  6
CONTINUOUS
 10
224.3238031652
 20
99.0721169005
 30
0.0
 11
224.7104057056
 21
99.0721169005
 31
0.0
  0
LINE
  5
57C
100
AcDbEntity
  8
0
100
AcDbLine
 62
7
  6
CONTINUOUS
 10
227.1372006248
 20
99.0721169005
 30
0.0
 11
227.5238031652
 21
99.0721169005
 31
0.0
  0
LINE
  5
57D
100
AcDbEntity
  8
0
100
AcDbLine
 62
9
  6
CONTINUOUS
 10
228.3238031652
 20
99.0821169005
 30
0.0
 11
228.1738031652
 21
99.0821169005
 31
0.0
  0
LINE
  5
57E
100
AcDbEntity
  8
0
100
AcDbLine
 62
9
  6
CONTINUOUS
 10
201.3238031652
 20
99.0821169005
 30
0.0
 11
201.1738031652
 21
99.0821169005
 31
0.0
  0
LINE
  5
57F
100
AcDbEntity
  8
0
100
AcDbLine
 62
9
  6
CONTINUOUS
 10
196.5238031652
 20
99.0821169005
 30
0.0
 11
196.6738031652
 21
99.0821169005
 31
0.0
  0
LINE
  5
580
100
AcDbEntity
  8
0
100
AcDbLine
 62
9
  6
CONTINUOUS
 10
223.5238031652
 20
99.0821169005
 30
0.0
 11
223.6738031652
 21
99.0821169005
 31
0.0
  0
LINE
  5
581
100
AcDbEntity
  8
0
100
AcDbLine
 62
9
  6
CONTINUOUS
 10
227.1238031652
 20
99.1221169005
 30
0.0
 11
224.7238031652
 21
99.1221169005
 31
0.0
  0
LINE
  5
582
100
AcDbEntity
  8
0
100
AcDbLine
 62
9
  6
CONTINUOUS
 10
200.1238031652
 20
99.1221169005
 30
0.0
 11
197.7238031652
 21
99.1221169005
 31
0.0
  0
LINE
  5
583
100
AcDbEntity
  8
0
100
AcDbLine
 62
7
  6
CONTINUOUS
 10
227.1738031652
 20
99.3721169005
 30
0.0
 11
227.1238031652
 21
99.3721169005
 31
0.0
  0
LINE
  5
584
100
AcDbEntity
  8
0
100
AcDbLine
 62
7
  6
CONTINUOUS
 10
224.7238031652
 20
99.3721169005
 30
0.0
 11
224.6738031652
 21
99.3721169005
 31
0.0
  0
LINE
  5
585
100
AcDbEntity
  8
0
100
AcDbLine
 62
7
  6
CONTINUOUS
 10
200.1738031652
 20
99.3721169005
 30
0.0
 11
200.1238031652
 21
99.3721169005
 31
0.0
  0
LINE
  5
586
100
AcDbEntity
  8
0
100
AcDbLine
 62
7
  6
CONTINUOUS
 10
197.7238031652
 20
99.3721169005
 30
0.0
 11
197.6738031652
 21
99.3721169005
 31
0.0
  0
LINE
  5
587
100
AcDbEntity
  8
0
100
AcDbLine
 62
7
  6
CONTINUOUS
 10
227.0238031652
 20
99.6457673597
 30
0.0
 11
224.8238031652
 21
99.6457673597
 31
0.0
  0
LINE
  5
588
100
AcDbEntity
  8
0
100
AcDbLine
 62
7
  6
CONTINUOUS
 10
200.0238031652
 20
99.6457673597
 30
0.0
 11
197.8238031652
 21
99.6457673597
 31
0.0
  0
LINE
  5
589
100
AcDbEntity
  8
0
100
AcDbLine
 62
7
  6
CONTINUOUS
 10
197.6738031652
 20
99.6721169005
 30
0.0
 11
200.1738031652
 21
99.6721169005
 31
0.0
  0
LINE
  5
58A
100
AcDbEntity
  8
0
100
AcDbLine
 62
7
  6
CONTINUOUS
 10
224.6738031652
 20
99.6721169005
 30
0.0
 11
227.1738031652
 21
99.6721169005
 31
0.0
  0
LINE
  5
58B
100
AcDbEntity
  8
0
100
AcDbLine
 62
7
  6
CONTINUOUS
 10
197.7238031652
 20
99.7221169005
 30
0.0
 11
197.9038031652
 21
99.7221169005
 31
0.0
  0
LINE
  5
58C
100
AcDbEntity
  8
0
100
AcDbLine
 62
7
  6
CONTINUOUS
 10
199.9438031652
 20
99.7221169005
 30
0.0
 11
200.1238031652
 21
99.7221169005
 31
0.0
  0
LINE
  5
58D
100
AcDbEntity
  8
0
100
AcDbLine
 62
7
  6
CONTINUOUS
 10
224.7238031652
 20
99.7221169005
 30
0.0
 11
224.9038031652
 21
99.7221169005
 31
0.0
  0
LINE
  5
58E
100
AcDbEntity
  8
0
100
AcDbLine
 62
7
  6
CONTINUOUS
 10
226.9438031652
 20
99.7221169005
 30
0.0
 11
227.1238031652
 21
99.7221169005
 31
0.0
  0
LINE
  5
58F
100
AcDbEntity
  8
0
100
AcDbLine
 62
9
  6
CONTINUOUS
 10
196.5238031652
 20
99.733732099
 30
0.0
 11
196.5938031652
 21
99.733732099
 31
0.0
  0
LINE
  5
590
100
AcDbEntity
  8
0
100
AcDbLine
 62
9
  6
CONTINUOUS
 10
201.2538031652
 20
99.733732099
 30
0.0
 11
201.3238031652
 21
99.733732099
 31
0.0
  0
LINE
  5
591
100
AcDbEntity
  8
0
100
AcDbLine
 62
9
  6
CONTINUOUS
 10
223.5238031652
 20
99.733732099
 30
0.0
 11
223.5938031652
 21
99.733732099
 31
0.0
  0
LINE
  5
592
100
AcDbEntity
  8
0
100
AcDbLine
 62
9
  6
CONTINUOUS
 10
228.2538031652
 20
99.733732099
 30
0.0
 11
228.3238031652
 21
99.733732099
 31
0.0
  0
LINE
  5
593
100
AcDbEntity
  8
0
100
AcDbLine
 62
9
  6
CONTINUOUS
 10
223.5938031652
 20
99.8004410185
 30
0.0
 11
223.5238031652
 21
99.8004410185
 31
0.0
  0
LINE
  5
594
100
AcDbEntity
  8
0
100
AcDbLine
 62
9
  6
CONTINUOUS
 10
196.5938031652
 20
99.8004410185
 30
0.0
 11
196.5238031652
 21
99.8004410185
 31
0.0
  0
LINE
  5
595
100
AcDbEntity
  8
0
100
AcDbLine
 62
9
  6
CONTINUOUS
 10
201.2538031652
 20
99.8004410185
 30
0.0
 11
201.3238031652
 21
99.8004410185
 31
0.0
  0
LINE
  5
596
100
AcDbEntity
  8
0
100
AcDbLine
 62
9
  6
CONTINUOUS
 10
228.2538031652
 20
99.8004410185
 30
0.0
 11
228.3238031652
 21
99.8004410185
 31
0.0
  0
LINE
  5
597
100
AcDbEntity
  8
0
100
AcDbLine
 62
7
  6
CONTINUOUS
 10
228.2038031652
 20
99.8721169005
 30
0.0
 11
227.7238031652
 21
99.8721169005
 31
0.0
  0
LINE
  5
598
100
AcDbEntity
  8
0
100
AcDbLine
 62
7
  6
CONTINUOUS
 10
224.1238031652
 20
99.8721169005
 30
0.0
 11
223.6438031652
 21
99.8721169005
 31
0.0
  0
LINE
  5
599
100
AcDbEntity
  8
0
100
AcDbLine
 62
7
  6
CONTINUOUS
 10
201.2038031652
 20
99.8721169005
 30
0.0
 11
200.7238031652
 21
99.8721169005
 31
0.0
  0
LINE
  5
59A
100
AcDbEntity
  8
0
100
AcDbLine
 62
7
  6
CONTINUOUS
 10
197.1238031652
 20
99.8721169005
 30
0.0
 11
196.6438031652
 21
99.8721169005
 31
0.0
  0
LINE
  5
59B
100
AcDbEntity
  8
0
100
AcDbLine
 62
7
  6
CONTINUOUS
 10
228.2840357843
 20
99.8785992128
 30
0.0
 11
227.9716366619
 21
99.8785992128
 31
0.0
  0
LINE
  5
59C
100
AcDbEntity
  8
0
100
AcDbLine
 62
7
  6
CONTINUOUS
 10
223.8759696686
 20
99.8785992128
 30
0.0
 11
223.5635705461
 21
99.8785992128
 31
0.0
  0
LINE
  5
59D
100
AcDbEntity
  8
0
100
AcDbLine
 62
7
  6
CONTINUOUS
 10
201.2840357843
 20
99.8785992128
 30
0.0
 11
200.9716366619
 21
99.8785992128
 31
0.0
  0
LINE
  5
59E
100
AcDbEntity
  8
0
100
AcDbLine
 62
7
  6
CONTINUOUS
 10
196.8759696686
 20
99.8785992128
 30
0.0
 11
196.5635705461
 21
99.8785992128
 31
0.0
  0
LINE
  5
59F
100
AcDbEntity
  8
0
100
AcDbLine
 62
9
  6
CONTINUOUS
 10
228.0371518249
 20
99.9785992128
 30
0.0
 11
227.9142790182
 21
99.9785992128
 31
0.0
  0
LINE
  5
5A0
100
AcDbEntity
  8
0
100
AcDbLine
 62
9
  6
CONTINUOUS
 10
223.9333273122
 20
99.9785992128
 30
0.0
 11
223.8104545056
 21
99.9785992128
 31
0.0
  0
LINE
  5
5A1
100
AcDbEntity
  8
0
100
AcDbLine
 62
9
  6
CONTINUOUS
 10
201.0371518249
 20
99.9785992128
 30
0.0
 11
200.9142790182
 21
99.9785992128
 31
0.0
  0
LINE
  5
5A2
100
AcDbEntity
  8
0
100
AcDbLine
 62
9
  6
CONTINUOUS
 10
196.9333273122
 20
99.9785992128
 30
0.0
 11
196.8104545056
 21
99.9785992128
 31
0.0
  0
LINE
  5
5A3
100
AcDbEntity
  8
0
100
AcDbLine
 62
9
  6
CONTINUOUS
 10
196.8104545056
 20
100.1785992128
 30
0.0
 11
196.9333273122
 21
100.1785992128
 31
0.0
  0
LINE
  5
5A4
100
AcDbEntity
  8
0
100
AcDbLine
 62
9
  6
CONTINUOUS
 10
200.9142790182
 20
100.1785992128
 30
0.0
 11
201.0371518249
 21
100.1785992128
 31
0.0
  0
LINE
  5
5A5
100
AcDbEntity
  8
0
100
AcDbLine
 62
9
  6
CONTINUOUS
 10
223.8104545056
 20
100.1785992128
 30
0.0
 11
223.9333273122
 21
100.1785992128
 31
0.0
  0
LINE
  5
5A6
100
AcDbEntity
  8
0
100
AcDbLine
 62
9
  6
CONTINUOUS
 10
227.9142790182
 20
100.1785992128
 30
0.0
 11
228.0371518249
 21
100.1785992128
 31
0.0
  0
LINE
  5
5A7
100
AcDbEntity
  8
0
100
AcDbLine
 62
7
  6
CONTINUOUS
 10
196.5238031652
 20
100.2785992128
 30
0.0
 11
196.8759696686
 21
100.2785992128
 31
0.0
  0
LINE
  5
5A8
100
AcDbEntity
  8
0
100
AcDbLine
 62
7
  6
CONTINUOUS
 10
200.9716366619
 20
100.2785992128
 30
0.0
 11
201.3238031652
 21
100.2785992128
 31
0.0
  0
LINE
  5
5A9
100
AcDbEntity
  8
0
100
AcDbLine
 62
7
  6
CONTINUOUS
 10
223.5238031652
 20
100.2785992128
 30
0.0
 11
223.8759696686
 21
100.2785992128
 31
0.0
  0
LINE
  5
5AA
100
AcDbEntity
  8
0
100
AcDbLine
 62
7
  6
CONTINUOUS
 10
227.9716366619
 20
100.2785992128
 30
0.0
 11
228.3238031652
 21
100.2785992128
 31
0.0
  0
LINE
  5
5AB
100
AcDbEntity
  8
0
100
AcDbLine
 62
7
  6
CONTINUOUS
 10
226.9738031652
 20
100.4521169005
 30
0.0
 11
224.8738031652
 21
100.4521169005
 31
0.0
  0
LINE
  5
5AC
100
AcDbEntity
  8
0
100
AcDbLine
 62
7
  6
CONTINUOUS
 10
199.9738031652
 20
100.4521169005
 30
0.0
 11
197.8738031652
 21
100.4521169005
 31
0.0
  0
LINE
  5
5AD
100
AcDbEntity
  8
0
100
AcDbLine
 62
7
  6
CONTINUOUS
 10
196.5738031652
 20
100.4721169005
 30
0.0
 11
197.1238031652
 21
100.4721169005
 31
0.0
  0
LINE
  5
5AE
100
AcDbEntity
  8
0
100
AcDbLine
 62
7
  6
CONTINUOUS
 10
200.7238031652
 20
100.4721169005
 30
0.0
 11
201.2738031652
 21
100.4721169005
 31
0.0
  0
LINE
  5
5AF
100
AcDbEntity
  8
0
100
AcDbLine
 62
7
  6
CONTINUOUS
 10
223.5738031652
 20
100.4721169005
 30
0.0
 11
224.1238031652
 21
100.4721169005
 31
0.0
  0
LINE
  5
5B0
100
AcDbEntity
  8
0
100
AcDbLine
 62
7
  6
CONTINUOUS
 10
227.7238031652
 20
100.4721169005
 30
0.0
 11
228.2738031652
 21
100.4721169005
 31
0.0
  0
LINE
  5
5B1
100
AcDbEntity
  8
0
100
AcDbLine
 62
7
  6
CONTINUOUS
 10
197.2238031652
 20
100.4728065557
 30
0.0
 11
197.7238031652
 21
100.4728065557
 31
0.0
  0
LINE
  5
5B2
100
AcDbEntity
  8
0
100
AcDbLine
 62
7
  6
CONTINUOUS
 10
200.1238031652
 20
100.4728065557
 30
0.0
 11
200.6238031652
 21
100.4728065557
 31
0.0
  0
LINE
  5
5B3
100
AcDbEntity
  8
0
100
AcDbLine
 62
7
  6
CONTINUOUS
 10
224.2238031652
 20
100.4728065557
 30
0.0
 11
224.7238031652
 21
100.4728065557
 31
0.0
  0
LINE
  5
5B4
100
AcDbEntity
  8
0
100
AcDbLine
 62
7
  6
CONTINUOUS
 10
227.1238031652
 20
100.4728065557
 30
0.0
 11
227.6238031652
 21
100.4728065557
 31
0.0
  0
LINE
  5
5B5
100
AcDbEntity
  8
0
100
AcDbLine
 62
7
  6
CONTINUOUS
 10
197.2238031652
 20
100.5721169005
 30
0.0
 11
200.6238031652
 21
100.5721169005
 31
0.0
  0
LINE
  5
5B6
100
AcDbEntity
  8
0
100
AcDbLine
 62
7
  6
CONTINUOUS
 10
224.2238031652
 20
100.5721169005
 30
0.0
 11
227.6238031652
 21
100.5721169005
 31
0.0
  0
LINE
  5
5B7
100
AcDbEntity
  8
0
100
AcDbLine
 62
7
  6
CONTINUOUS
 10
196.4238031652
 20
100.6221169005
 30
0.0
 11
201.4238031652
 21
100.6221169005
 31
0.0
  0
LINE
  5
5B8
100
AcDbEntity
  8
0
100
AcDbLine
 62
7
  6
CONTINUOUS
 10
223.4238031652
 20
100.6221169005
 30
0.0
 11
228.4238031652
 21
100.6221169005
 31
0.0
  0
LINE
  5
5B9
100
AcDbEntity
  8
0
100
AcDbLine
 62
7
  6
CONTINUOUS
 10
207.6738031652
 20
100.7221169005
 30
0.0
 11
217.1738031652
 21
100.7221169005
 31
0.0
  0
LINE
  5
5BA
100
AcDbEntity
  8
0
100
AcDbLine
 62
7
  6
CONTINUOUS
 10
200.7238031652
 20
100.4721169005
 30
0.0
 11
200.6238031652
 21
100.4724617281
 31
0.0
  0
LINE
  5
5BB
100
AcDbEntity
  8
0
100
AcDbLine
 62
7
  6
CONTINUOUS
 10
227.7238031652
 20
100.4721169005
 30
0.0
 11
227.6238031652
 21
100.4724617281
 31
0.0
  0
LINE
  5
5BC
100
AcDbEntity
  8
0
100
AcDbLine
 62
7
  6
CONTINUOUS
 10
199.40448066
 20
100.5721169005
 30
0.0
 11
199.7335984804
 21
100.5403305862
 31
0.0
  0
LINE
  5
5BD
100
AcDbEntity
  8
03__ASM_ALL_CURVES
100
AcDbLine
 62
4
  6
CONTINUOUS
 10
232.4238031652
 20
98.9221169005
 30
0.0
 11
232.4238031652
 21
105.5221169005
 31
0.0
  0
LINE
  5
5BE
100
AcDbEntity
  8
0
100
AcDbLine
 62
7
  6
CONTINUOUS
 10
232.4238031652
 20
98.9221169005
 30
0.0
 11
232.4238031652
 21
105.5221169005
 31
0.0
  0
LINE
  5
5BF
100
AcDbEntity
  8
0
100
AcDbLine
 62
7
  6
CONTINUOUS
 10
199.8728713284
 20
100.543717836
 30
0.0
 11
200.0170393118
 21
100.5721169005
 31
0.0
  0
LINE
  5
5C0
100
AcDbEntity
  8
0
100
AcDbLine
 62
7
  6
CONTINUOUS
 10
199.9738031652
 20
100.4521169005
 30
0.0
 11
200.1238031652
 21
100.4728065557
 31
0.0
  0
LINE
  5
5C1
100
AcDbEntity
  8
0
100
AcDbLine
 62
7
  6
CONTINUOUS
 10
226.40448066
 20
100.5721169005
 30
0.0
 11
226.7335984804
 21
100.5403305862
 31
0.0
  0
LINE
  5
5C2
100
AcDbEntity
  8
0
100
AcDbLine
 62
7
  6
CONTINUOUS
 10
224.7238031652
 20
100.4728065557
 30
0.0
 11
224.8738031652
 21
100.4521169005
 31
0.0
  0
LINE
  5
5C3
100
AcDbEntity
  8
03__ASM_ALL_CURVES
100
AcDbLine
 62
4
  6
CONTINUOUS
 10
232.4238031652
 20
105.5221169005
 30
0.0
 11
230.9238031652
 21
105.5221169005
 31
0.0
  0
LINE
  5
5C4
100
AcDbEntity
  8
0
100
AcDbLine
 62
7
  6
CONTINUOUS
 10
232.4238031652
 20
105.5221169005
 30
0.0
 11
228.4238031652
 21
105.5221169005
 31
0.0
  0
LINE
  5
5C5
100
AcDbEntity
  8
03__ASM_ALL_CURVES
100
AcDbLine
 62
4
  6
CONTINUOUS
 10
193.9238031652
 20
105.5221169005
 30
0.0
 11
192.4238031652
 21
105.5221169005
 31
0.0
  0
LINE
  5
5C6
100
AcDbEntity
  8
0
100
AcDbLine
 62
7
  6
CONTINUOUS
 10
192.4238031652
 20
105.5221169005
 30
0.0
 11
196.4238031652
 21
105.5221169005
 31
0.0
  0
LINE
  5
5C7
100
AcDbEntity
  8
0
100
AcDbLine
 62
7
  6
CONTINUOUS
 10
228.4238031652
 20
105.7221169005
 30
0.0
 11
196.4238031652
 21
105.7221169005
 31
0.0
  0
ARC
  5
5C8
100
AcDbEntity
  8
0
100
AcDbCircle
 62
7
  6
CONTINUOUS
 10
75.6373907958
 20
97.9221169005
 30
0.0
 40
1.0
100
AcDbArc
 50
0.0
 51
90.0
  0
ARC
  5
5C9
100
AcDbEntity
  8
0
100
AcDbCircle
 62
7
  6
CONTINUOUS
 10
72.9873907958
 20
99.1909780704
 30
0.0
 40
0.5
100
AcDbArc
 50
161.5650511775
 51
180.0
  0
ARC
  5
5CA
100
AcDbEntity
  8
0
100
AcDbCircle
 62
7
  6
CONTINUOUS
 10
66.2873907958
 20
99.1909780704
 30
0.0
 40
0.5
100
AcDbArc
 50
0.0
 51
18.4349488234
  0
ARC
  5
5CB
100
AcDbEntity
  8
0
100
AcDbCircle
 62
7
  6
CONTINUOUS
 10
72.4873907958
 20
99.1221169005
 30
0.0
 40
0.2
100
AcDbArc
 50
270.0
 51
360.0
  0
ARC
  5
5CC
100
AcDbEntity
  8
0
100
AcDbCircle
 62
7
  6
CONTINUOUS
 10
66.7873907958
 20
99.1221169005
 30
0.0
 40
0.2
100
AcDbArc
 50
180.0
 51
270.0
  0
ARC
  5
5CD
100
AcDbEntity
  8
0
100
AcDbCircle
 62
7
  6
CONTINUOUS
 10
70.7373907958
 20
99.5457673597
 30
0.0
 40
0.1
100
AcDbArc
 50
0.0
 51
90.0
  0
ARC
  5
5CE
100
AcDbEntity
  8
0
100
AcDbCircle
 62
7
  6
CONTINUOUS
 10
68.5373907958
 20
99.5457673597
 30
0.0
 40
0.1
100
AcDbArc
 50
90.0
 51
179.9999999999
  0
ARC
  5
5CF
100
AcDbEntity
  8
0
100
AcDbCircle
 62
7
  6
CONTINUOUS
 10
70.8873907958
 20
98.5221169005
 30
0.0
 40
0.05
100
AcDbArc
 50
270.0
 51
360.0
  0
ARC
  5
5D0
100
AcDbEntity
  8
0
100
AcDbCircle
 62
7
  6
CONTINUOUS
 10
68.3873907958
 20
98.5221169005
 30
0.0
 40
0.05
100
AcDbArc
 50
180.0
 51
270.0
  0
ARC
  5
5D1
100
AcDbEntity
  8
0
100
AcDbCircle
 62
7
  6
CONTINUOUS
 10
70.1623907958
 20
99.6221169005
 30
0.0
 40
0.05
100
AcDbArc
 50
28.2793338019
 51
90.0
  0
ARC
  5
5D2
100
AcDbEntity
  8
0
100
AcDbCircle
 62
7
  6
CONTINUOUS
 10
69.1123907958
 20
99.6221169005
 30
0.0
 40
0.05
100
AcDbArc
 50
90.0
 51
151.7206661981
  0
ARC
  5
5D3
100
AcDbEntity
  8
0
100
AcDbCircle
 62
7
  6
CONTINUOUS
 10
72.4873907958
 20
99.1221169005
 30
0.0
 40
0.05
100
AcDbArc
 50
270.0
 51
360.0
  0
ARC
  5
5D4
100
AcDbEntity
  8
0
100
AcDbCircle
 62
7
  6
CONTINUOUS
 10
66.7873907958
 20
99.1221169005
 30
0.0
 40
0.05
100
AcDbArc
 50
180.0
 51
270.0
  0
ARC
  5
5D5
100
AcDbEntity
  8
0
100
AcDbCircle
 62
7
  6
CONTINUOUS
 10
72.5373907958
 20
99.7221169005
 30
0.0
 40
0.05
100
AcDbArc
 50
0.0000000002
 51
90.0
  0
ARC
  5
5D6
100
AcDbEntity
  8
0
100
AcDbCircle
 62
7
  6
CONTINUOUS
 10
66.7373907958
 20
99.7221169005
 30
0.0
 40
0.05
100
AcDbArc
 50
90.0
 51
180.0000000001
  0
ARC
  5
5D7
100
AcDbEntity
  8
0
100
AcDbCircle
 62
7
  6
CONTINUOUS
 10
80.6273907958
 20
101.0471169005
 30
0.0
 40
0.2
100
AcDbArc
 50
180.0000453783
 51
270.0000000003
  0
ARC
  5
5D8
100
AcDbEntity
  8
0
100
AcDbCircle
 62
7
  6
CONTINUOUS
 10
81.9273907958
 20
101.1471169005
 30
0.0
 40
0.15
100
AcDbArc
 50
0.0000000096
 51
89.9971630642
  0
ARC
  5
5D9
100
AcDbEntity
  8
0
100
AcDbCircle
 62
7
  6
CONTINUOUS
 10
81.9273907958
 20
100.9971169005
 30
0.0
 40
0.15
100
AcDbArc
 50
269.9999999998
 51
359.9999999998
  0
ARC
  5
5DA
100
AcDbEntity
  8
0
100
AcDbCircle
 62
7
  6
CONTINUOUS
 10
80.2773907958
 20
101.8471169005
 30
0.0
 40
0.15
100
AcDbArc
 50
0.0000000003
 51
90.0
  0
ARC
  5
5DB
100
AcDbEntity
  8
0
100
AcDbCircle
 62
7
  6
CONTINUOUS
 10
82.4873907958
 20
102.0471169005
 30
0.0
 40
0.15
100
AcDbArc
 50
199.4712206345
 51
340.5287793655
  0
ARC
  5
5DC
100
AcDbEntity
  8
0
100
AcDbCircle
 62
7
  6
CONTINUOUS
 10
90.6373907958
 20
97.9221169005
 30
0.0
 40
1.0
100
AcDbArc
 50
90.0
 51
180.0
  0
ARC
  5
5DD
100
AcDbEntity
  8
0
100
AcDbCircle
 62
7
  6
CONTINUOUS
 10
99.9873907958
 20
99.1909780704
 30
0.0
 40
0.5
100
AcDbArc
 50
161.5650511775
 51
180.0
  0
ARC
  5
5DE
100
AcDbEntity
  8
0
100
AcDbCircle
 62
7
  6
CONTINUOUS
 10
93.2873907958
 20
99.1909780704
 30
0.0
 40
0.5
100
AcDbArc
 50
0.0
 51
18.4349488234
  0
ARC
  5
5DF
100
AcDbEntity
  8
0
100
AcDbCircle
 62
7
  6
CONTINUOUS
 10
99.4873907958
 20
99.1221169005
 30
0.0
 40
0.2
100
AcDbArc
 50
270.0
 51
360.0
  0
ARC
  5
5E0
100
AcDbEntity
  8
0
100
AcDbCircle
 62
7
  6
CONTINUOUS
 10
93.7873907958
 20
99.1221169005
 30
0.0
 40
0.2
100
AcDbArc
 50
180.0
 51
270.0
  0
ARC
  5
5E1
100
AcDbEntity
  8
0
100
AcDbCircle
 62
7
  6
CONTINUOUS
 10
97.7373907958
 20
99.5457673597
 30
0.0
 40
0.1
100
AcDbArc
 50
0.0
 51
90.0
  0
ARC
  5
5E2
100
AcDbEntity
  8
0
100
AcDbCircle
 62
7
  6
CONTINUOUS
 10
95.5373907958
 20
99.5457673597
 30
0.0
 40
0.1
100
AcDbArc
 50
90.0
 51
179.9999999999
  0
ARC
  5
5E3
100
AcDbEntity
  8
0
100
AcDbCircle
 62
7
  6
CONTINUOUS
 10
97.8873907958
 20
98.5221169005
 30
0.0
 40
0.05
100
AcDbArc
 50
270.0
 51
360.0
  0
ARC
  5
5E4
100
AcDbEntity
  8
0
100
AcDbCircle
 62
7
  6
CONTINUOUS
 10
95.3873907958
 20
98.5221169005
 30
0.0
 40
0.05
100
AcDbArc
 50
180.0
 51
270.0
  0
ARC
  5
5E5
100
AcDbEntity
  8
0
100
AcDbCircle
 62
7
  6
CONTINUOUS
 10
97.1623907958
 20
99.6221169005
 30
0.0
 40
0.05
100
AcDbArc
 50
28.2793338019
 51
90.0
  0
ARC
  5
5E6
100
AcDbEntity
  8
0
100
AcDbCircle
 62
7
  6
CONTINUOUS
 10
96.1123907958
 20
99.6221169005
 30
0.0
 40
0.05
100
AcDbArc
 50
90.0
 51
151.7206661981
  0
ARC
  5
5E7
100
AcDbEntity
  8
0
100
AcDbCircle
 62
7
  6
CONTINUOUS
 10
99.4873907958
 20
99.1221169005
 30
0.0
 40
0.05
100
AcDbArc
 50
270.0
 51
360.0
  0
ARC
  5
5E8
100
AcDbEntity
  8
0
100
AcDbCircle
 62
7
  6
CONTINUOUS
 10
93.7873907958
 20
99.1221169005
 30
0.0
 40
0.05
100
AcDbArc
 50
180.0
 51
270.0
  0
ARC
  5
5E9
100
AcDbEntity
  8
0
100
AcDbCircle
 62
7
  6
CONTINUOUS
 10
99.5373907958
 20
99.7221169005
 30
0.0
 40
0.05
100
AcDbArc
 50
0.0000000002
 51
90.0
  0
ARC
  5
5EA
100
AcDbEntity
  8
0
100
AcDbCircle
 62
7
  6
CONTINUOUS
 10
93.7373907958
 20
99.7221169005
 30
0.0
 40
0.05
100
AcDbArc
 50
90.0
 51
180.0000000001
  0
ARC
  5
5EB
100
AcDbEntity
  8
0
100
AcDbCircle
 62
7
  6
CONTINUOUS
 10
85.6473907958
 20
101.0471169005
 30
0.0
 40
0.2
100
AcDbArc
 50
270.0000453784
 51
359.9999999999
  0
ARC
  5
5EC
100
AcDbEntity
  8
0
100
AcDbCircle
 62
7
  6
CONTINUOUS
 10
85.9973907958
 20
101.8471169005
 30
0.0
 40
0.15
100
AcDbArc
 50
90.0000000001
 51
180.0
  0
ARC
  5
5ED
100
AcDbEntity
  8
0
100
AcDbCircle
 62
7
  6
CONTINUOUS
 10
84.3473907958
 20
100.9971169005
 30
0.0
 40
0.15
100
AcDbArc
 50
180.0000000096
 51
270.0000000096
  0
ARC
  5
5EE
100
AcDbEntity
  8
0
100
AcDbCircle
 62
7
  6
CONTINUOUS
 10
84.3473907958
 20
101.1471169005
 30
0.0
 40
0.15
100
AcDbArc
 50
89.9999704374
 51
179.9999704399
  0
ARC
  5
5EF
100
AcDbEntity
  8
0
100
AcDbCircle
 62
7
  6
CONTINUOUS
 10
83.7873907958
 20
102.0471169005
 30
0.0
 40
0.15
100
AcDbArc
 50
199.4712206345
 51
340.5287793655
  0
ARC
  5
5F0
100
AcDbEntity
  8
0
100
AcDbCircle
 62
7
  6
CONTINUOUS
 10
154.7961227781
 20
99.1221169005
 30
0.0
 40
0.2
100
AcDbArc
 50
194.4858395092
 51
239.9842926661
  0
ARC
  5
5F1
100
AcDbEntity
  8
0
100
AcDbCircle
 62
7
  6
CONTINUOUS
 10
154.4461227781
 20
98.4721169005
 30
0.0
 40
0.15
100
AcDbArc
 50
90.0
 51
180.0
  0
ARC
  5
5F2
100
AcDbEntity
  8
0
100
AcDbCircle
 62
7
  6
CONTINUOUS
 10
154.4461227781
 20
96.6721169005
 30
0.0
 40
0.15
100
AcDbArc
 50
180.0000000109
 51
270.0000000096
  0
ARC
  5
5F3
100
AcDbEntity
  8
0
100
AcDbCircle
 62
7
  6
CONTINUOUS
 10
154.4461227781
 20
96.7721169005
 30
0.0
 40
0.15
100
AcDbArc
 50
89.9999999998
 51
179.9999999985
  0
ARC
  5
5F4
100
AcDbEntity
  8
0
100
AcDbCircle
 62
7
  6
CONTINUOUS
 10
154.4461227781
 20
98.3721169005
 30
0.0
 40
0.15
100
AcDbArc
 50
180.0
 51
270.0
  0
ARC
  5
5F5
100
AcDbEntity
  8
0
100
AcDbCircle
 62
7
  6
CONTINUOUS
 10
155.3948060762
 20
98.5221169005
 30
0.0
 40
0.05
100
AcDbArc
 50
180.0
 51
270.0
  0
ARC
  5
5F6
100
AcDbEntity
  8
0
100
AcDbCircle
 62
7
  6
CONTINUOUS
 10
153.59063341
 20
101.4512024764
 30
0.0
 40
0.3795041913
100
AcDbArc
 50
180.0280662101
 51
182.7905250229
  0
ARC
  5
5F7
100
AcDbEntity
  8
0
100
AcDbCircle
 62
7
  6
CONTINUOUS
 10
153.573629536
 20
101.4503588513
 30
0.0
 40
0.3624794092
100
AcDbArc
 50
182.7881859655
 51
185.548089554
  0
ARC
  5
5F8
100
AcDbEntity
  8
0
100
AcDbCircle
 62
7
  6
CONTINUOUS
 10
153.5419255743
 20
101.4470991075
 30
0.0
 40
0.3306088605
100
AcDbArc
 50
185.517016705
 51
189.4921202564
  0
ARC
  5
5F9
100
AcDbEntity
  8
0
100
AcDbCircle
 62
7
  6
CONTINUOUS
 10
154.7161227781
 20
100.7521169005
 30
0.0
 40
0.2
100
AcDbArc
 50
148.3580672375
 51
180.0006656306
  0
ARC
  5
5FA
100
AcDbEntity
  8
0
100
AcDbCircle
 62
7
  6
CONTINUOUS
 10
154.3861227781
 20
101.8521169005
 30
0.0
 40
0.2
100
AcDbArc
 50
90.0000226895
 51
180.0000164009
  0
ARC
  5
5FB
100
AcDbEntity
  8
0
100
AcDbCircle
 62
7
  6
CONTINUOUS
 10
154.6661227781
 20
100.6921169005
 30
0.0
 40
0.15
100
AcDbArc
 50
179.9999740204
 51
216.7905901376
  0
ARC
  5
5FC
100
AcDbEntity
  8
0
100
AcDbCircle
 62
7
  6
CONTINUOUS
 10
154.0361227781
 20
101.5221169005
 30
0.0
 40
0.15
100
AcDbArc
 50
270.0000000045
 51
360.0
  0
ARC
  5
5FD
100
AcDbEntity
  8
0
100
AcDbCircle
 62
7
  6
CONTINUOUS
 10
153.2913831217
 20
101.4810950495
 30
0.0
 40
0.1172669174
100
AcDbArc
 50
201.67955154
 51
206.0724285622
  0
ARC
  5
5FE
100
AcDbEntity
  8
0
100
AcDbCircle
 62
7
  6
CONTINUOUS
 10
155.2141703999
 20
99.853488153
 30
0.0
 40
0.0777207933
100
AcDbArc
 50
270.0
 51
288.1257748693
  0
ARC
  5
5FF
100
AcDbEntity
  8
0
100
AcDbCircle
 62
7
  6
CONTINUOUS
 10
155.3738435714
 20
99.604695027
 30
0.0
 40
0.0777207933
100
AcDbArc
 50
137.2581841277
 51
179.9999999998
  0
ARC
  5
600
100
AcDbEntity
  8
0
100
AcDbCircle
 62
7
  6
CONTINUOUS
 10
155.2616824486
 20
99.7083459953
 30
0.0
 40
0.075
100
AcDbArc
 50
317.2581841274
 51
108.1257748693
  0
ARC
  5
601
100
AcDbEntity
  8
0
100
AcDbCircle
 62
7
  6
CONTINUOUS
 10
157.7961227781
 20
99.1221169005
 30
0.0
 40
0.2
100
AcDbArc
 50
300.0157032859
 51
360.0
  0
ARC
  5
602
100
AcDbEntity
  8
0
100
AcDbCircle
 62
7
  6
CONTINUOUS
 10
155.9461227781
 20
97.8221169005
 30
0.0
 40
0.1
100
AcDbArc
 50
138.5903778906
 51
239.8791916333
  0
ARC
  5
603
100
AcDbEntity
  8
0
100
AcDbCircle
 62
7
  6
CONTINUOUS
 10
155.7961227781
 20
97.9544044661
 30
0.0
 40
0.1
100
AcDbArc
 50
318.5903778906
 51
325.5410161318
  0
ARC
  5
604
100
AcDbEntity
  8
0
100
AcDbCircle
 62
7
  6
CONTINUOUS
 10
155.7961227781
 20
98.1221169005
 30
0.0
 40
0.1
100
AcDbArc
 50
0.0
 51
90.0
  0
ARC
  5
605
100
AcDbEntity
  8
0
100
AcDbCircle
 62
7
  6
CONTINUOUS
 10
157.1974394801
 20
98.5221169005
 30
0.0
 40
0.05
100
AcDbArc
 50
270.0
 51
360.0
  0
ARC
  5
606
100
AcDbEntity
  8
0
100
AcDbCircle
 62
7
  6
CONTINUOUS
 10
155.5961227781
 20
98.5221169005
 30
0.0
 40
0.05
100
AcDbArc
 50
180.0
 51
270.0
  0
ARC
  5
607
100
AcDbEntity
  8
0
100
AcDbCircle
 62
7
  6
CONTINUOUS
 10
156.9961227781
 20
98.5221169005
 30
0.0
 40
0.05
100
AcDbArc
 50
270.0
 51
360.0
  0
ARC
  5
608
100
AcDbEntity
  8
0
100
AcDbCircle
 62
7
  6
CONTINUOUS
 10
155.5961227781
 20
101.2721169005
 30
0.0
 40
0.3
100
AcDbArc
 50
0.0
 51
90.0
  0
ARC
  5
609
100
AcDbEntity
  8
0
100
AcDbCircle
 62
7
  6
CONTINUOUS
 10
155.6061227781
 20
101.2821169005
 30
0.0
 40
0.3
100
AcDbArc
 50
14.5635101187
 51
90.0
  0
ARC
  5
60A
100
AcDbEntity
  8
0
100
AcDbCircle
 62
7
  6
CONTINUOUS
 10
157.2383524109
 20
99.7465355222
 30
0.0
 40
0.218075133
100
AcDbArc
 50
37.3362108331
 51
38.8156631031
  0
ARC
  5
60B
100
AcDbEntity
  8
0
100
AcDbCircle
 62
7
  6
CONTINUOUS
 10
155.7961227781
 20
100.3757673597
 30
0.0
 40
0.1
100
AcDbArc
 50
0.0
 51
90.0
  0
ARC
  5
60C
100
AcDbEntity
  8
0
100
AcDbCircle
 62
7
  6
CONTINUOUS
 10
156.9961227781
 20
100.1785992128
 30
0.0
 40
0.1
100
AcDbArc
 50
90.0
 51
180.0
  0
ARC
  5
60D
100
AcDbEntity
  8
0
100
AcDbCircle
 62
7
  6
CONTINUOUS
 10
157.2161227781
 20
99.733732099
 30
0.0
 40
0.1
100
AcDbArc
 50
0.0
 51
41.8428030669
  0
ARC
  5
60E
100
AcDbEntity
  8
0
100
AcDbCircle
 62
7
  6
CONTINUOUS
 10
157.3464939029
 20
99.8504727082
 30
0.0
 40
0.075
100
AcDbArc
 50
60.8178139788
 51
221.8428030663
  0
ARC
  5
60F
100
AcDbEntity
  8
0
100
AcDbCircle
 62
7
  6
CONTINUOUS
 10
157.5029186664
 20
99.9457895596
 30
0.0
 40
0.0671903469
100
AcDbArc
 50
265.6123321901
 51
269.9981389031
  0
ARC
  5
610
100
AcDbEntity
  8
0
100
AcDbCircle
 62
7
  6
CONTINUOUS
 10
212.0788031652
 20
95.8652000179
 30
0.0
 40
0.16
100
AcDbArc
 50
243.7610300858
 51
296.1969660656
  0
ARC
  5
611
100
AcDbEntity
  8
0
100
AcDbCircle
 62
7
  6
CONTINUOUS
 10
212.0788031652
 20
95.8652000179
 30
0.0
 40
0.15
100
AcDbArc
 50
253.0351326761
 51
286.9069253054
  0
ARC
  5
612
100
AcDbEntity
  8
0
100
AcDbCircle
 62
7
  6
CONTINUOUS
 10
204.9238031652
 20
97.9221169005
 30
0.0
 40
1.0
100
AcDbArc
 50
0.0
 51
90.0
  0
ARC
  5
613
100
AcDbEntity
  8
0
100
AcDbCircle
 62
7
  6
CONTINUOUS
 10
196.2238031652
 20
99.1929060663
 30
0.0
 40
0.5
100
AcDbArc
 50
0.0
 51
18.0041616059
  0
ARC
  5
614
100
AcDbEntity
  8
0
100
AcDbCircle
 62
7
  6
CONTINUOUS
 10
201.6238031652
 20
99.1929060663
 30
0.0
 40
0.5
100
AcDbArc
 50
161.9999971201
 51
180.0
  0
ARC
  5
615
100
AcDbEntity
  8
0
100
AcDbCircle
 62
7
  6
CONTINUOUS
 10
196.6838031652
 20
99.0821169005
 30
0.0
 40
0.16
100
AcDbArc
 50
180.0
 51
270.0
  0
ARC
  5
616
100
AcDbEntity
  8
0
100
AcDbCircle
 62
7
  6
CONTINUOUS
 10
201.1638031652
 20
99.0821169005
 30
0.0
 40
0.16
100
AcDbArc
 50
270.0
 51
360.0
  0
ARC
  5
617
100
AcDbEntity
  8
0
100
AcDbCircle
 62
7
  6
CONTINUOUS
 10
200.0238031652
 20
99.5457673597
 30
0.0
 40
0.1
100
AcDbArc
 50
0.0000000001
 51
90.0
  0
ARC
  5
618
100
AcDbEntity
  8
0
100
AcDbCircle
 62
7
  6
CONTINUOUS
 10
197.8238031652
 20
99.5457673597
 30
0.0
 40
0.1
100
AcDbArc
 50
90.0
 51
180.0
  0
ARC
  5
619
100
AcDbEntity
  8
0
100
AcDbCircle
 62
7
  6
CONTINUOUS
 10
197.6738031652
 20
98.5221169005
 30
0.0
 40
0.05
100
AcDbArc
 50
180.0
 51
270.0000000001
  0
ARC
  5
61A
100
AcDbEntity
  8
0
100
AcDbCircle
 62
7
  6
CONTINUOUS
 10
200.1738031652
 20
98.5221169005
 30
0.0
 40
0.05
100
AcDbArc
 50
270.0000000001
 51
360.0
  0
ARC
  5
61B
100
AcDbEntity
  8
0
100
AcDbCircle
 62
7
  6
CONTINUOUS
 10
198.3988031652
 20
99.6221169005
 30
0.0
 40
0.05
100
AcDbArc
 50
90.0
 51
151.7206661981
  0
ARC
  5
61C
100
AcDbEntity
  8
0
100
AcDbCircle
 62
7
  6
CONTINUOUS
 10
199.4488031652
 20
99.6221169005
 30
0.0
 40
0.05
100
AcDbArc
 50
28.2793338019
 51
90.0
  0
ARC
  5
61D
100
AcDbEntity
  8
0
100
AcDbCircle
 62
7
  6
CONTINUOUS
 10
196.6438031652
 20
99.8221169005
 30
0.0
 40
0.05
100
AcDbArc
 50
90.0
 51
180.0
  0
ARC
  5
61E
100
AcDbEntity
  8
0
100
AcDbCircle
 62
7
  6
CONTINUOUS
 10
201.2038031652
 20
99.8221169005
 30
0.0
 40
0.05
100
AcDbArc
 50
0.0
 51
90.0
  0
ARC
  5
61F
100
AcDbEntity
  8
0
100
AcDbCircle
 62
7
  6
CONTINUOUS
 10
196.563575496
 20
99.9116547088
 30
0.0
 40
0.0330554964
100
AcDbArc
 50
263.7428665209
 51
269.9914203146
  0
ARC
  5
620
100
AcDbEntity
  8
0
100
AcDbCircle
 62
7
  6
CONTINUOUS
 10
201.2840308345
 20
99.9116547088
 30
0.0
 40
0.0330554964
100
AcDbArc
 50
270.0085796854
 51
276.2571334791
  0
ARC
  5
621
100
AcDbEntity
  8
0
100
AcDbCircle
 62
7
  6
CONTINUOUS
 10
196.6838031652
 20
99.0821169005
 30
0.0
 40
0.01
100
AcDbArc
 50
180.0
 51
270.0
  0
ARC
  5
622
100
AcDbEntity
  8
0
100
AcDbCircle
 62
7
  6
CONTINUOUS
 10
201.1638031652
 20
99.0821169005
 30
0.0
 40
0.01
100
AcDbArc
 50
270.0
 51
360.0
  0
ARC
  5
623
100
AcDbEntity
  8
0
100
AcDbCircle
 62
7
  6
CONTINUOUS
 10
219.9238031652
 20
97.9221169005
 30
0.0
 40
1.0
100
AcDbArc
 50
90.0
 51
180.0
  0
ARC
  5
624
100
AcDbEntity
  8
0
100
AcDbCircle
 62
7
  6
CONTINUOUS
 10
223.2238031652
 20
99.1929060663
 30
0.0
 40
0.5
100
AcDbArc
 50
0.0
 51
18.0041616059
  0
ARC
  5
625
100
AcDbEntity
  8
0
100
AcDbCircle
 62
7
  6
CONTINUOUS
 10
228.6238031652
 20
99.1929060663
 30
0.0
 40
0.5
100
AcDbArc
 50
161.9999971201
 51
180.0
  0
ARC
  5
626
100
AcDbEntity
  8
0
100
AcDbCircle
 62
7
  6
CONTINUOUS
 10
223.6838031652
 20
99.0821169005
 30
0.0
 40
0.16
100
AcDbArc
 50
180.0
 51
270.0
  0
ARC
  5
627
100
AcDbEntity
  8
0
100
AcDbCircle
 62
7
  6
CONTINUOUS
 10
228.1638031652
 20
99.0821169005
 30
0.0
 40
0.16
100
AcDbArc
 50
270.0
 51
360.0
  0
ARC
  5
628
100
AcDbEntity
  8
0
100
AcDbCircle
 62
7
  6
CONTINUOUS
 10
227.0238031652
 20
99.5457673597
 30
0.0
 40
0.1
100
AcDbArc
 50
0.0000000001
 51
90.0
  0
ARC
  5
629
100
AcDbEntity
  8
0
100
AcDbCircle
 62
7
  6
CONTINUOUS
 10
224.8238031652
 20
99.5457673597
 30
0.0
 40
0.1
100
AcDbArc
 50
90.0
 51
180.0
  0
ARC
  5
62A
100
AcDbEntity
  8
0
100
AcDbCircle
 62
7
  6
CONTINUOUS
 10
224.6738031652
 20
98.5221169005
 30
0.0
 40
0.05
100
AcDbArc
 50
180.0
 51
270.0000000001
  0
ARC
  5
62B
100
AcDbEntity
  8
0
100
AcDbCircle
 62
7
  6
CONTINUOUS
 10
227.1738031652
 20
98.5221169005
 30
0.0
 40
0.05
100
AcDbArc
 50
270.0000000001
 51
360.0
  0
ARC
  5
62C
100
AcDbEntity
  8
0
100
AcDbCircle
 62
7
  6
CONTINUOUS
 10
225.3988031652
 20
99.6221169005
 30
0.0
 40
0.05
100
AcDbArc
 50
90.0
 51
151.7206661981
  0
ARC
  5
62D
100
AcDbEntity
  8
0
100
AcDbCircle
 62
7
  6
CONTINUOUS
 10
226.4488031652
 20
99.6221169005
 30
0.0
 40
0.05
100
AcDbArc
 50
28.2793338019
 51
90.0
  0
ARC
  5
62E
100
AcDbEntity
  8
0
100
AcDbCircle
 62
7
  6
CONTINUOUS
 10
223.6438031652
 20
99.8221169005
 30
0.0
 40
0.05
100
AcDbArc
 50
90.0
 51
180.0
  0
ARC
  5
62F
100
AcDbEntity
  8
0
100
AcDbCircle
 62
7
  6
CONTINUOUS
 10
228.2038031652
 20
99.8221169005
 30
0.0
 40
0.05
100
AcDbArc
 50
0.0
 51
90.0
  0
ARC
  5
630
100
AcDbEntity
  8
0
100
AcDbCircle
 62
7
  6
CONTINUOUS
 10
223.563575496
 20
99.9116547088
 30
0.0
 40
0.0330554964
100
AcDbArc
 50
263.7428665209
 51
269.9914203146
  0
ARC
  5
631
100
AcDbEntity
  8
0
100
AcDbCircle
 62
7
  6
CONTINUOUS
 10
228.2840308345
 20
99.9116547088
 30
0.0
 40
0.0330554964
100
AcDbArc
 50
270.0085796854
 51
276.2571334791
  0
ARC
  5
632
100
AcDbEntity
  8
0
100
AcDbCircle
 62
7
  6
CONTINUOUS
 10
223.6838031652
 20
99.0821169005
 30
0.0
 40
0.01
100
AcDbArc
 50
180.0
 51
270.0
  0
ARC
  5
633
100
AcDbEntity
  8
0
100
AcDbCircle
 62
7
  6
CONTINUOUS
 10
228.1638031652
 20
99.0821169005
 30
0.0
 40
0.01
100
AcDbArc
 50
270.0
 51
360.0
  0
SPLINE
  5
634
100
AcDbEntity
  8
0
100
AcDbSpline
 62
7
  6
CONTINUOUS
 70
0
 71
3
 72
10
 73
6
 74
0
 42
0.0000001
 43
0.0000001
 44
0.0000000001
 40
0.0
 40
0.0
 40
0.0
 40
0.0
 40
0.3654635649
 40
0.6465516544
 40
1.0
 40
1.0
 40
1.0
 40
1.0
 10
68.4239933361
 20
99.0721169005
 30
0.0
 10
68.425750648
 20
99.0721169005
 30
0.0
 10
68.4289003917
 20
99.0722445101
 30
0.0
 10
68.433521536
 20
99.0729169533
 30
0.0
 10
68.4367623795
 20
99.0744847624
 30
0.0
 10
68.4373907958
 20
99.0760638508
 30
0.0
  0
SPLINE
  5
635
100
AcDbEntity
  8
0
100
AcDbSpline
 62
7
  6
CONTINUOUS
 70
0
 71
3
 72
10
 73
6
 74
0
 42
0.0000001
 43
0.0000001
 44
0.0000000001
 40
0.0
 40
0.0
 40
0.0
 40
0.0
 40
0.3534483456
 40
0.6345364351
 40
1.0
 40
1.0
 40
1.0
 40
1.0
 10
70.8373907958
 20
99.0760638508
 30
0.0
 10
70.838019212
 20
99.0744847624
 30
0.0
 10
70.8412600555
 20
99.0729169533
 30
0.0
 10
70.8458811998
 20
99.0722445101
 30
0.0
 10
70.8490309435
 20
99.0721169005
 30
0.0
 10
70.8507882554
 20
99.0721169005
 30
0.0
  0
SPLINE
  5
636
100
AcDbEntity
  8
0
100
AcDbSpline
 62
7
  6
CONTINUOUS
 70
0
 71
3
 72
13
 73
9
 74
0
 42
0.0000001
 43
0.0000001
 44
0.0000000001
 40
0.0
 40
0.0
 40
0.0
 40
0.0
 40
0.2964528954
 40
0.5676707349
 40
0.6890408501
 40
0.8000690374
 40
0.9026039519
 40
1.0
 40
1.0
 40
1.0
 40
1.0
 10
72.2457412831
 20
100.3757673597
 30
0.0
 10
72.2457412831
 20
100.3886289994
 30
0.0
 10
72.2487435055
 20
100.4133562682
 30
0.0
 10
72.2602138039
 20
100.4415239466
 30
0.0
 10
72.2736030893
 20
100.4589518671
 30
0.0
 10
72.2847794524
 20
100.4684464872
 30
0.0
 10
72.2970715884
 20
100.474386156
 30
0.0
 10
72.3057945064
 20
100.4757673597
 30
0.0
 10
72.310020044
 20
100.4757673597
 30
0.0
  0
SPLINE
  5
637
100
AcDbEntity
  8
0
100
AcDbSpline
 62
7
  6
CONTINUOUS
 70
0
 71
3
 72
13
 73
9
 74
0
 42
0.0000001
 43
0.0000001
 44
0.0000000001
 40
0.0
 40
0.0
 40
0.0
 40
0.0
 40
0.097396111
 40
0.1999311609
 40
0.3109594369
 40
0.4323295765
 40
0.7035473805
 40
1.0
 40
1.0
 40
1.0
 40
1.0
 10
72.310020044
 20
99.7757673597
 30
0.0
 10
72.3057945037
 20
99.7757673597
 30
0.0
 10
72.2970715786
 20
99.7771485727
 30
0.0
 10
72.2847794299
 20
99.7830882431
 30
0.0
 10
72.2736030651
 20
99.7925828793
 30
0.0
 10
72.2602137851
 20
99.8100108071
 30
0.0
 10
72.2487435014
 20
99.8381784776
 30
0.0
 10
72.2457412831
 20
99.862905732
 30
0.0
 10
72.2457412831
 20
99.8757673597
 30
0.0
  0
SPLINE
  5
638
100
AcDbEntity
  8
0
100
AcDbSpline
 62
7
  6
CONTINUOUS
 70
0
 71
3
 72
13
 73
9
 74
0
 42
0.0000001
 43
0.0000001
 44
0.0000000001
 40
0.0
 40
0.0
 40
0.0
 40
0.0
 40
0.097396111
 40
0.1999311609
 40
0.3109594369
 40
0.4323295765
 40
0.7035473805
 40
1.0
 40
1.0
 40
1.0
 40
1.0
 10
66.9647615475
 20
100.4757673597
 30
0.0
 10
66.9689870879
 20
100.4757673597
 30
0.0
 10
66.977710013
 20
100.4743861467
 30
0.0
 10
66.9900021616
 20
100.4684464763
 30
0.0
 10
67.0011785264
 20
100.4589518401
 30
0.0
 10
67.0145678064
 20
100.4415239123
 30
0.0
 10
67.0260380901
 20
100.4133562418
 30
0.0
 10
67.0290403084
 20
100.3886289874
 30
0.0
 10
67.0290403084
 20
100.3757673597
 30
0.0
  0
SPLINE
  5
639
100
AcDbEntity
  8
0
100
AcDbSpline
 62
7
  6
CONTINUOUS
 70
0
 71
3
 72
13
 73
9
 74
0
 42
0.0000001
 43
0.0000001
 44
0.0000000001
 40
0.0
 40
0.0
 40
0.0
 40
0.0
 40
0.2964528955
 40
0.5676707349
 40
0.6890408501
 40
0.8000690374
 40
0.9026039519
 40
1.0
 40
1.0
 40
1.0
 40
1.0
 10
67.0290403084
 20
99.8757673597
 30
0.0
 10
67.0290403084
 20
99.8629057199
 30
0.0
 10
67.026038086
 20
99.8381784512
 30
0.0
 10
67.0145677876
 20
99.8100107728
 30
0.0
 10
67.0011785022
 20
99.7925828523
 30
0.0
 10
66.9900021391
 20
99.7830882322
 30
0.0
 10
66.9777100031
 20
99.7771485633
 30
0.0
 10
66.9689870852
 20
99.7757673597
 30
0.0
 10
66.9647615475
 20
99.7757673597
 30
0.0
  0
SPLINE
  5
63A
100
AcDbEntity
  8
0
100
AcDbSpline
 62
9
  6
CONTINUOUS
 70
0
 71
3
 72
13
 73
9
 74
0
 42
0.0000001
 43
0.0000001
 44
0.0000000001
 40
0.0
 40
0.0
 40
0.0
 40
0.0
 40
0.087227615
 40
0.1818669428
 40
0.2885522418
 40
0.4092930864
 40
0.688535613
 40
1.0
 40
1.0
 40
1.0
 40
1.0
 10
69.0795717659
 20
98.4721169005
 30
0.0
 10
69.0777749059
 20
98.4721169005
 30
0.0
 10
69.074002685
 20
98.4728350604
 30
0.0
 10
69.0687852086
 20
98.4758575979
 30
0.0
 10
69.0640799651
 20
98.4806213588
 30
0.0
 10
69.0583854376
 20
98.4894327577
 30
0.0
 10
69.0536089282
 20
98.5035022074
 30
0.0
 10
69.0523610815
 20
98.5157008374
 30
0.0
 10
69.0523610815
 20
98.5221169005
 30
0.0
  0
SPLINE
  5
63B
100
AcDbEntity
  8
0
100
AcDbSpline
 62
9
  6
CONTINUOUS
 70
0
 71
3
 72
13
 73
9
 74
0
 42
0.0000001
 43
0.0000001
 44
0.0000000001
 40
0.0
 40
0.0
 40
0.0
 40
0.0
 40
0.311464387
 40
0.5907069136
 40
0.7114477582
 40
0.8181330572
 40
0.912772385
 40
1.0
 40
1.0
 40
1.0
 40
1.0
 10
70.22242051
 20
98.5221169005
 30
0.0
 10
70.22242051
 20
98.5157008374
 30
0.0
 10
70.2211726633
 20
98.5035022074
 30
0.0
 10
70.2163961539
 20
98.4894327577
 30
0.0
 10
70.2107016264
 20
98.4806213588
 30
0.0
 10
70.2059963829
 20
98.4758575979
 30
0.0
 10
70.2007789066
 20
98.4728350604
 30
0.0
 10
70.1970066856
 20
98.4721169005
 30
0.0
 10
70.1952098256
 20
98.4721169005
 30
0.0
  0
SPLINE
  5
63C
100
AcDbEntity
  8
0
100
AcDbSpline
 62
7
  6
CONTINUOUS
 70
0
 71
3
 72
13
 73
9
 74
0
 42
0.0000001
 43
0.0000001
 44
0.0000000001
 40
0.0
 40
0.0
 40
0.0
 40
0.0
 40
0.097396111
 40
0.1999311609
 40
0.3109594369
 40
0.4323295765
 40
0.7035473805
 40
1.0
 40
1.0
 40
1.0
 40
1.0
 10
66.849854881
 20
99.7757673597
 30
0.0
 10
66.8540804214
 20
99.7757673597
 30
0.0
 10
66.8628033465
 20
99.7771485727
 30
0.0
 10
66.8750954952
 20
99.7830882431
 30
0.0
 10
66.88627186
 20
99.7925828793
 30
0.0
 10
66.8996611399
 20
99.8100108071
 30
0.0
 10
66.9111314237
 20
99.8381784776
 30
0.0
 10
66.914133642
 20
99.862905732
 30
0.0
 10
66.914133642
 20
99.8757673597
 30
0.0
  0
SPLINE
  5
63D
100
AcDbEntity
  8
0
100
AcDbSpline
 62
7
  6
CONTINUOUS
 70
0
 71
3
 72
13
 73
9
 74
0
 42
0.0000001
 43
0.0000001
 44
0.0000000001
 40
0.0
 40
0.0
 40
0.0
 40
0.0
 40
0.2964528954
 40
0.5676707349
 40
0.6890408501
 40
0.8000690374
 40
0.9026039519
 40
1.0
 40
1.0
 40
1.0
 40
1.0
 10
66.914133642
 20
100.3757673597
 30
0.0
 10
66.914133642
 20
100.3886289994
 30
0.0
 10
66.9111314195
 20
100.4133562682
 30
0.0
 10
66.8996611211
 20
100.4415239466
 30
0.0
 10
66.8862718357
 20
100.4589518671
 30
0.0
 10
66.8750954726
 20
100.4684464872
 30
0.0
 10
66.8628033367
 20
100.474386156
 30
0.0
 10
66.8540804187
 20
100.4757673597
 30
0.0
 10
66.849854881
 20
100.4757673597
 30
0.0
  0
SPLINE
  5
63E
100
AcDbEntity
  8
0
100
AcDbSpline
 62
7
  6
CONTINUOUS
 70
0
 71
3
 72
13
 73
9
 74
0
 42
0.0000001
 43
0.0000001
 44
0.0000000001
 40
0.0
 40
0.0
 40
0.0
 40
0.0
 40
0.2964528954
 40
0.5676707349
 40
0.6890408501
 40
0.8000690374
 40
0.9026039519
 40
1.0
 40
1.0
 40
1.0
 40
1.0
 10
72.3606479495
 20
99.8757673597
 30
0.0
 10
72.3606479495
 20
99.8629057199
 30
0.0
 10
72.363650172
 20
99.8381784512
 30
0.0
 10
72.3751204704
 20
99.8100107728
 30
0.0
 10
72.3885097558
 20
99.7925828523
 30
0.0
 10
72.3996861189
 20
99.7830882322
 30
0.0
 10
72.4119782548
 20
99.7771485633
 30
0.0
 10
72.4207011728
 20
99.7757673597
 30
0.0
 10
72.4249267105
 20
99.7757673597
 30
0.0
  0
SPLINE
  5
63F
100
AcDbEntity
  8
0
100
AcDbSpline
 62
7
  6
CONTINUOUS
 70
0
 71
3
 72
13
 73
9
 74
0
 42
0.0000001
 43
0.0000001
 44
0.0000000001
 40
0.0
 40
0.0
 40
0.0
 40
0.0
 40
0.097396111
 40
0.1999311609
 40
0.3109594369
 40
0.4323295765
 40
0.7035473805
 40
1.0
 40
1.0
 40
1.0
 40
1.0
 10
72.4249267105
 20
100.4757673597
 30
0.0
 10
72.4207011701
 20
100.4757673597
 30
0.0
 10
72.411978245
 20
100.4743861467
 30
0.0
 10
72.3996860963
 20
100.4684464763
 30
0.0
 10
72.3885097315
 20
100.4589518401
 30
0.0
 10
72.3751204516
 20
100.4415239123
 30
0.0
 10
72.3636501679
 20
100.4133562418
 30
0.0
 10
72.3606479495
 20
100.3886289874
 30
0.0
 10
72.3606479495
 20
100.3757673597
 30
0.0
  0
SPLINE
  5
640
100
AcDbEntity
  8
0
100
AcDbSpline
 62
7
  6
CONTINUOUS
 70
0
 71
3
 72
11
 73
7
 74
0
 42
0.0000001
 43
0.0000001
 44
0.0000000001
 40
0.0
 40
0.0
 40
0.0
 40
0.0
 40
0.2324912544
 40
0.4473774485
 40
0.6915452932
 40
1.0
 40
1.0
 40
1.0
 40
1.0
 10
70.8507882554
 20
98.9221169005
 30
0.0
 10
70.8490032414
 20
98.9221169005
 30
0.0
 10
70.8454834184
 20
98.9226272639
 30
0.0
 10
70.8410545603
 20
98.9259294603
 30
0.0
 10
70.8383645686
 20
98.9313368382
 30
0.0
 10
70.8376252556
 20
98.9355480925
 30
0.0
 10
70.8373907958
 20
98.9379047017
 30
0.0
  0
SPLINE
  5
641
100
AcDbEntity
  8
0
100
AcDbSpline
 62
7
  6
CONTINUOUS
 70
0
 71
3
 72
11
 73
7
 74
0
 42
0.0000001
 43
0.0000001
 44
0.0000000001
 40
0.0
 40
0.0
 40
0.0
 40
0.0
 40
0.3084547068
 40
0.5526225515
 40
0.7675087456
 40
1.0
 40
1.0
 40
1.0
 40
1.0
 10
68.4373907958
 20
98.9379047017
 30
0.0
 10
68.4371563359
 20
98.9355480925
 30
0.0
 10
68.4364170229
 20
98.9313368382
 30
0.0
 10
68.4337270313
 20
98.9259294603
 30
0.0
 10
68.4292981731
 20
98.9226272639
 30
0.0
 10
68.4257783501
 20
98.9221169005
 30
0.0
 10
68.4239933361
 20
98.9221169005
 30
0.0
  0
SPLINE
  5
642
100
AcDbEntity
  8
0
100
AcDbSpline
 62
9
  6
CONTINUOUS
 70
0
 71
3
 72
13
 73
9
 74
0
 42
0.0000001
 43
0.0000001
 44
0.0000000001
 40
0.0
 40
0.0
 40
0.0
 40
0.0
 40
0.3347188641
 40
0.6198814572
 40
0.7369964237
 40
0.8369727447
 40
0.9222911988
 40
1.0
 40
1.0
 40
1.0
 40
1.0
 10
70.9123907958
 20
98.5221169005
 30
0.0
 10
70.9123861632
 20
98.5153830155
 30
0.0
 10
70.9111397659
 20
98.502890359
 30
0.0
 10
70.9065181942
 20
98.4885888266
 30
0.0
 10
70.9010804035
 20
98.4800077582
 30
0.0
 10
70.8968331557
 20
98.4755842153
 30
0.0
 10
70.8922615104
 20
98.4727681626
 30
0.0
 10
70.8889541443
 20
98.4721169005
 30
0.0
 10
70.8873907958
 20
98.4721169005
 30
0.0
  0
SPLINE
  5
643
100
AcDbEntity
  8
0
100
AcDbSpline
 62
9
  6
CONTINUOUS
 70
0
 71
3
 72
13
 73
9
 74
0
 42
0.0000001
 43
0.0000001
 44
0.0000000001
 40
0.0
 40
0.0
 40
0.0
 40
0.0
 40
0.0785111996
 40
0.1640197421
 40
0.2637522628
 40
0.3805180747
 40
0.6654846421
 40
1.0
 40
1.0
 40
1.0
 40
1.0
 10
68.3873907958
 20
98.4721169005
 30
0.0
 10
68.3858103838
 20
98.4721169005
 30
0.0
 10
68.3824795376
 20
98.4727551582
 30
0.0
 10
68.3778772287
 20
98.4755608341
 30
0.0
 10
68.373637317
 20
98.4799897013
 30
0.0
 10
68.3682669792
 20
98.4886018408
 30
0.0
 10
68.3636728629
 20
98.5028916976
 30
0.0
 10
68.3623828451
 20
98.51538319
 30
0.0
 10
68.3623907958
 20
98.5221169005
 30
0.0
  0
SPLINE
  5
644
100
AcDbEntity
  8
0
100
AcDbSpline
 62
7
  6
CONTINUOUS
 70
0
 71
3
 72
10
 73
6
 74
0
 42
0.0000001
 43
0.0000001
 44
0.0000000001
 40
0.0
 40
0.0
 40
0.0
 40
0.0
 40
0.3654635649
 40
0.6465516544
 40
1.0
 40
1.0
 40
1.0
 40
1.0
 10
95.4239933361
 20
99.0721169005
 30
0.0
 10
95.425750648
 20
99.0721169005
 30
0.0
 10
95.4289003917
 20
99.0722445101
 30
0.0
 10
95.433521536
 20
99.0729169533
 30
0.0
 10
95.4367623795
 20
99.0744847624
 30
0.0
 10
95.4373907958
 20
99.0760638508
 30
0.0
  0
SPLINE
  5
645
100
AcDbEntity
  8
0
100
AcDbSpline
 62
7
  6
CONTINUOUS
 70
0
 71
3
 72
10
 73
6
 74
0
 42
0.0000001
 43
0.0000001
 44
0.0000000001
 40
0.0
 40
0.0
 40
0.0
 40
0.0
 40
0.3534483456
 40
0.6345364351
 40
1.0
 40
1.0
 40
1.0
 40
1.0
 10
97.8373907958
 20
99.0760638508
 30
0.0
 10
97.838019212
 20
99.0744847624
 30
0.0
 10
97.8412600555
 20
99.0729169533
 30
0.0
 10
97.8458811998
 20
99.0722445101
 30
0.0
 10
97.8490309435
 20
99.0721169005
 30
0.0
 10
97.8507882554
 20
99.0721169005
 30
0.0
  0
SPLINE
  5
646
100
AcDbEntity
  8
0
100
AcDbSpline
 62
7
  6
CONTINUOUS
 70
0
 71
3
 72
13
 73
9
 74
0
 42
0.0000001
 43
0.0000001
 44
0.0000000001
 40
0.0
 40
0.0
 40
0.0
 40
0.0
 40
0.2964528954
 40
0.5676707349
 40
0.6890408501
 40
0.8000690374
 40
0.9026039519
 40
1.0
 40
1.0
 40
1.0
 40
1.0
 10
99.2457412831
 20
100.3757673597
 30
0.0
 10
99.2457412831
 20
100.3886289994
 30
0.0
 10
99.2487435055
 20
100.4133562682
 30
0.0
 10
99.2602138039
 20
100.4415239466
 30
0.0
 10
99.2736030893
 20
100.4589518671
 30
0.0
 10
99.2847794524
 20
100.4684464872
 30
0.0
 10
99.2970715884
 20
100.474386156
 30
0.0
 10
99.3057945064
 20
100.4757673597
 30
0.0
 10
99.310020044
 20
100.4757673597
 30
0.0
  0
SPLINE
  5
647
100
AcDbEntity
  8
0
100
AcDbSpline
 62
7
  6
CONTINUOUS
 70
0
 71
3
 72
13
 73
9
 74
0
 42
0.0000001
 43
0.0000001
 44
0.0000000001
 40
0.0
 40
0.0
 40
0.0
 40
0.0
 40
0.097396111
 40
0.1999311609
 40
0.3109594369
 40
0.4323295765
 40
0.7035473805
 40
1.0
 40
1.0
 40
1.0
 40
1.0
 10
99.310020044
 20
99.7757673597
 30
0.0
 10
99.3057945037
 20
99.7757673597
 30
0.0
 10
99.2970715786
 20
99.7771485727
 30
0.0
 10
99.2847794299
 20
99.7830882431
 30
0.0
 10
99.2736030651
 20
99.7925828793
 30
0.0
 10
99.2602137851
 20
99.8100108071
 30
0.0
 10
99.2487435014
 20
99.8381784776
 30
0.0
 10
99.2457412831
 20
99.862905732
 30
0.0
 10
99.2457412831
 20
99.8757673597
 30
0.0
  0
SPLINE
  5
648
100
AcDbEntity
  8
0
100
AcDbSpline
 62
7
  6
CONTINUOUS
 70
0
 71
3
 72
13
 73
9
 74
0
 42
0.0000001
 43
0.0000001
 44
0.0000000001
 40
0.0
 40
0.0
 40
0.0
 40
0.0
 40
0.097396111
 40
0.1999311609
 40
0.3109594369
 40
0.4323295765
 40
0.7035473805
 40
1.0
 40
1.0
 40
1.0
 40
1.0
 10
93.9647615475
 20
100.4757673597
 30
0.0
 10
93.9689870879
 20
100.4757673597
 30
0.0
 10
93.977710013
 20
100.4743861467
 30
0.0
 10
93.9900021616
 20
100.4684464763
 30
0.0
 10
94.0011785264
 20
100.4589518401
 30
0.0
 10
94.0145678064
 20
100.4415239123
 30
0.0
 10
94.0260380901
 20
100.4133562418
 30
0.0
 10
94.0290403084
 20
100.3886289874
 30
0.0
 10
94.0290403084
 20
100.3757673597
 30
0.0
  0
SPLINE
  5
649
100
AcDbEntity
  8
0
100
AcDbSpline
 62
7
  6
CONTINUOUS
 70
0
 71
3
 72
13
 73
9
 74
0
 42
0.0000001
 43
0.0000001
 44
0.0000000001
 40
0.0
 40
0.0
 40
0.0
 40
0.0
 40
0.2964528955
 40
0.5676707349
 40
0.6890408501
 40
0.8000690374
 40
0.9026039519
 40
1.0
 40
1.0
 40
1.0
 40
1.0
 10
94.0290403084
 20
99.8757673597
 30
0.0
 10
94.0290403084
 20
99.8629057199
 30
0.0
 10
94.026038086
 20
99.8381784512
 30
0.0
 10
94.0145677876
 20
99.8100107728
 30
0.0
 10
94.0011785022
 20
99.7925828523
 30
0.0
 10
93.9900021391
 20
99.7830882322
 30
0.0
 10
93.9777100031
 20
99.7771485633
 30
0.0
 10
93.9689870852
 20
99.7757673597
 30
0.0
 10
93.9647615475
 20
99.7757673597
 30
0.0
  0
SPLINE
  5
64A
100
AcDbEntity
  8
0
100
AcDbSpline
 62
9
  6
CONTINUOUS
 70
0
 71
3
 72
13
 73
9
 74
0
 42
0.0000001
 43
0.0000001
 44
0.0000000001
 40
0.0
 40
0.0
 40
0.0
 40
0.0
 40
0.087227615
 40
0.1818669428
 40
0.2885522418
 40
0.4092930864
 40
0.688535613
 40
1.0
 40
1.0
 40
1.0
 40
1.0
 10
96.0795717659
 20
98.4721169005
 30
0.0
 10
96.0777749059
 20
98.4721169005
 30
0.0
 10
96.074002685
 20
98.4728350604
 30
0.0
 10
96.0687852086
 20
98.4758575979
 30
0.0
 10
96.0640799651
 20
98.4806213588
 30
0.0
 10
96.0583854376
 20
98.4894327577
 30
0.0
 10
96.0536089282
 20
98.5035022074
 30
0.0
 10
96.0523610815
 20
98.5157008374
 30
0.0
 10
96.0523610815
 20
98.5221169005
 30
0.0
  0
SPLINE
  5
64B
100
AcDbEntity
  8
0
100
AcDbSpline
 62
9
  6
CONTINUOUS
 70
0
 71
3
 72
13
 73
9
 74
0
 42
0.0000001
 43
0.0000001
 44
0.0000000001
 40
0.0
 40
0.0
 40
0.0
 40
0.0
 40
0.311464387
 40
0.5907069136
 40
0.7114477582
 40
0.8181330572
 40
0.912772385
 40
1.0
 40
1.0
 40
1.0
 40
1.0
 10
97.22242051
 20
98.5221169005
 30
0.0
 10
97.22242051
 20
98.5157008374
 30
0.0
 10
97.2211726633
 20
98.5035022074
 30
0.0
 10
97.2163961539
 20
98.4894327577
 30
0.0
 10
97.2107016264
 20
98.4806213588
 30
0.0
 10
97.2059963829
 20
98.4758575979
 30
0.0
 10
97.2007789066
 20
98.4728350604
 30
0.0
 10
97.1970066856
 20
98.4721169005
 30
0.0
 10
97.1952098256
 20
98.4721169005
 30
0.0
  0
SPLINE
  5
64C
100
AcDbEntity
  8
0
100
AcDbSpline
 62
7
  6
CONTINUOUS
 70
0
 71
3
 72
13
 73
9
 74
0
 42
0.0000001
 43
0.0000001
 44
0.0000000001
 40
0.0
 40
0.0
 40
0.0
 40
0.0
 40
0.097396111
 40
0.1999311609
 40
0.3109594369
 40
0.4323295765
 40
0.7035473805
 40
1.0
 40
1.0
 40
1.0
 40
1.0
 10
93.849854881
 20
99.7757673597
 30
0.0
 10
93.8540804214
 20
99.7757673597
 30
0.0
 10
93.8628033465
 20
99.7771485727
 30
0.0
 10
93.8750954952
 20
99.7830882431
 30
0.0
 10
93.88627186
 20
99.7925828793
 30
0.0
 10
93.8996611399
 20
99.8100108071
 30
0.0
 10
93.9111314237
 20
99.8381784776
 30
0.0
 10
93.914133642
 20
99.862905732
 30
0.0
 10
93.914133642
 20
99.8757673597
 30
0.0
  0
SPLINE
  5
64D
100
AcDbEntity
  8
0
100
AcDbSpline
 62
7
  6
CONTINUOUS
 70
0
 71
3
 72
13
 73
9
 74
0
 42
0.0000001
 43
0.0000001
 44
0.0000000001
 40
0.0
 40
0.0
 40
0.0
 40
0.0
 40
0.2964528955
 40
0.5676707349
 40
0.6890408501
 40
0.8000690374
 40
0.9026039519
 40
1.0
 40
1.0
 40
1.0
 40
1.0
 10
93.914133642
 20
100.3757673597
 30
0.0
 10
93.914133642
 20
100.3886289994
 30
0.0
 10
93.9111314195
 20
100.4133562682
 30
0.0
 10
93.8996611211
 20
100.4415239466
 30
0.0
 10
93.8862718357
 20
100.4589518671
 30
0.0
 10
93.8750954726
 20
100.4684464872
 30
0.0
 10
93.8628033367
 20
100.474386156
 30
0.0
 10
93.8540804187
 20
100.4757673597
 30
0.0
 10
93.849854881
 20
100.4757673597
 30
0.0
  0
SPLINE
  5
64E
100
AcDbEntity
  8
0
100
AcDbSpline
 62
7
  6
CONTINUOUS
 70
0
 71
3
 72
13
 73
9
 74
0
 42
0.0000001
 43
0.0000001
 44
0.0000000001
 40
0.0
 40
0.0
 40
0.0
 40
0.0
 40
0.2964528955
 40
0.5676707349
 40
0.6890408501
 40
0.8000690374
 40
0.9026039519
 40
1.0
 40
1.0
 40
1.0
 40
1.0
 10
99.3606479495
 20
99.8757673597
 30
0.0
 10
99.3606479495
 20
99.8629057199
 30
0.0
 10
99.363650172
 20
99.8381784512
 30
0.0
 10
99.3751204704
 20
99.8100107728
 30
0.0
 10
99.3885097558
 20
99.7925828523
 30
0.0
 10
99.3996861189
 20
99.7830882322
 30
0.0
 10
99.4119782548
 20
99.7771485633
 30
0.0
 10
99.4207011728
 20
99.7757673597
 30
0.0
 10
99.4249267105
 20
99.7757673597
 30
0.0
  0
SPLINE
  5
64F
100
AcDbEntity
  8
0
100
AcDbSpline
 62
7
  6
CONTINUOUS
 70
0
 71
3
 72
13
 73
9
 74
0
 42
0.0000001
 43
0.0000001
 44
0.0000000001
 40
0.0
 40
0.0
 40
0.0
 40
0.0
 40
0.097396111
 40
0.1999311609
 40
0.3109594369
 40
0.4323295765
 40
0.7035473805
 40
1.0
 40
1.0
 40
1.0
 40
1.0
 10
99.4249267105
 20
100.4757673597
 30
0.0
 10
99.4207011701
 20
100.4757673597
 30
0.0
 10
99.411978245
 20
100.4743861467
 30
0.0
 10
99.3996860963
 20
100.4684464763
 30
0.0
 10
99.3885097315
 20
100.4589518401
 30
0.0
 10
99.3751204516
 20
100.4415239123
 30
0.0
 10
99.3636501679
 20
100.4133562418
 30
0.0
 10
99.3606479495
 20
100.3886289874
 30
0.0
 10
99.3606479495
 20
100.3757673597
 30
0.0
  0
SPLINE
  5
650
100
AcDbEntity
  8
0
100
AcDbSpline
 62
7
  6
CONTINUOUS
 70
0
 71
3
 72
11
 73
7
 74
0
 42
0.0000001
 43
0.0000001
 44
0.0000000001
 40
0.0
 40
0.0
 40
0.0
 40
0.0
 40
0.2324912544
 40
0.4473774485
 40
0.6915452932
 40
1.0
 40
1.0
 40
1.0
 40
1.0
 10
97.8507882554
 20
98.9221169005
 30
0.0
 10
97.8490032414
 20
98.9221169005
 30
0.0
 10
97.8454834184
 20
98.9226272639
 30
0.0
 10
97.8410545603
 20
98.9259294603
 30
0.0
 10
97.8383645686
 20
98.9313368382
 30
0.0
 10
97.8376252556
 20
98.9355480925
 30
0.0
 10
97.8373907958
 20
98.9379047017
 30
0.0
  0
SPLINE
  5
651
100
AcDbEntity
  8
0
100
AcDbSpline
 62
7
  6
CONTINUOUS
 70
0
 71
3
 72
11
 73
7
 74
0
 42
0.0000001
 43
0.0000001
 44
0.0000000001
 40
0.0
 40
0.0
 40
0.0
 40
0.0
 40
0.3084547068
 40
0.5526225515
 40
0.7675087456
 40
1.0
 40
1.0
 40
1.0
 40
1.0
 10
95.4373907958
 20
98.9379047017
 30
0.0
 10
95.4371563359
 20
98.9355480925
 30
0.0
 10
95.4364170229
 20
98.9313368382
 30
0.0
 10
95.4337270313
 20
98.9259294603
 30
0.0
 10
95.4292981731
 20
98.9226272639
 30
0.0
 10
95.4257783501
 20
98.9221169005
 30
0.0
 10
95.4239933361
 20
98.9221169005
 30
0.0
  0
SPLINE
  5
652
100
AcDbEntity
  8
0
100
AcDbSpline
 62
9
  6
CONTINUOUS
 70
0
 71
3
 72
13
 73
9
 74
0
 42
0.0000001
 43
0.0000001
 44
0.0000000001
 40
0.0
 40
0.0
 40
0.0
 40
0.0
 40
0.3347188641
 40
0.6198814572
 40
0.7369964237
 40
0.8369727447
 40
0.9222911988
 40
1.0
 40
1.0
 40
1.0
 40
1.0
 10
97.9123907958
 20
98.5221169005
 30
0.0
 10
97.9123861632
 20
98.5153830155
 30
0.0
 10
97.9111397659
 20
98.502890359
 30
0.0
 10
97.9065181942
 20
98.4885888266
 30
0.0
 10
97.9010804035
 20
98.4800077582
 30
0.0
 10
97.8968331557
 20
98.4755842153
 30
0.0
 10
97.8922615104
 20
98.4727681626
 30
0.0
 10
97.8889541443
 20
98.4721169005
 30
0.0
 10
97.8873907958
 20
98.4721169005
 30
0.0
  0
SPLINE
  5
653
100
AcDbEntity
  8
0
100
AcDbSpline
 62
9
  6
CONTINUOUS
 70
0
 71
3
 72
13
 73
9
 74
0
 42
0.0000001
 43
0.0000001
 44
0.0000000001
 40
0.0
 40
0.0
 40
0.0
 40
0.0
 40
0.0785111996
 40
0.1640197421
 40
0.2637522628
 40
0.3805180747
 40
0.6654846421
 40
1.0
 40
1.0
 40
1.0
 40
1.0
 10
95.3873907958
 20
98.4721169005
 30
0.0
 10
95.3858103838
 20
98.4721169005
 30
0.0
 10
95.3824795376
 20
98.4727551582
 30
0.0
 10
95.3778772287
 20
98.4755608341
 30
0.0
 10
95.373637317
 20
98.4799897013
 30
0.0
 10
95.3682669792
 20
98.4886018408
 30
0.0
 10
95.3636728629
 20
98.5028916976
 30
0.0
 10
95.3623828451
 20
98.51538319
 30
0.0
 10
95.3623907958
 20
98.5221169005
 30
0.0
  0
SPLINE
  5
654
100
AcDbEntity
  8
0
100
AcDbSpline
 62
7
  6
CONTINUOUS
 70
0
 71
3
 72
9
 73
5
 74
0
 42
0.0000001
 43
0.0000001
 44
0.0000000001
 40
0.0
 40
0.0
 40
0.0
 40
0.0
 40
0.2640230036
 40
1.0
 40
1.0
 40
1.0
 40
1.0
 10
78.9948420803
 20
101.5221103389
 30
0.0
 10
78.9948417977
 20
101.512687799
 30
0.0
 10
78.9925130262
 20
101.4770862082
 30
0.0
 10
78.9812925171
 20
101.4416967597
 30
0.0
 10
78.9675009166
 20
101.4193431595
 30
0.0
  0
SPLINE
  5
655
100
AcDbEntity
  8
0
100
AcDbSpline
 62
7
  6
CONTINUOUS
 70
0
 71
3
 72
9
 73
5
 74
0
 42
0.0000001
 43
0.0000001
 44
0.0000000001
 40
0.0
 40
0.0
 40
0.0
 40
0.0
 40
0.5551358509
 40
1.0
 40
1.0
 40
1.0
 40
1.0
 10
78.9675009166
 20
101.4193431595
 30
0.0
 10
78.9592535192
 20
101.4059756737
 30
0.0
 10
78.9408451258
 20
101.3835384851
 30
0.0
 10
78.9127219535
 20
101.3721222064
 30
0.0
 10
78.9001349949
 20
101.372116905
 30
0.0
  0
SPLINE
  5
656
100
AcDbEntity
  8
0
100
AcDbSpline
 62
7
  6
CONTINUOUS
 70
0
 71
3
 72
11
 73
7
 74
0
 42
0.0000001
 43
0.0000001
 44
0.0000000001
 40
0.0
 40
0.0
 40
0.0
 40
0.0
 40
0.2173683138
 40
0.449943952
 40
0.7132526526
 40
1.0
 40
1.0
 40
1.0
 40
1.0
 10
79.1062707088
 20
101.9971169002
 30
0.0
 10
79.0913200922
 20
101.9971182059
 30
0.0
 10
79.0597766822
 20
101.989352626
 30
0.0
 10
79.0226125156
 20
101.9547932148
 30
0.0
 10
78.9998510905
 20
101.9049078706
 30
0.0
 10
78.9948422762
 20
101.8668399338
 30
0.0
 10
78.9948422294
 20
101.8471174196
 30
0.0
  0
SPLINE
  5
657
100
AcDbEntity
  8
0
100
AcDbSpline
 62
7
  6
CONTINUOUS
 70
0
 71
3
 72
9
 73
5
 74
0
 42
0.0000001
 43
0.0000001
 44
0.0000000001
 40
0.0
 40
0.0
 40
0.0
 40
0.0
 40
0.5329266897
 40
1.0
 40
1.0
 40
1.0
 40
1.0
 10
85.1825349277
 20
101.4971170571
 30
0.0
 10
85.1825349409
 20
101.4657775018
 30
0.0
 10
85.1739658267
 20
101.4066802914
 30
0.0
 10
85.145802964
 20
101.3527443975
 30
0.0
 10
85.1271040835
 20
101.3326251253
 30
0.0
  0
SPLINE
  5
658
100
AcDbEntity
  8
0
100
AcDbSpline
 62
7
  6
CONTINUOUS
 70
0
 71
3
 72
11
 73
7
 74
0
 42
0.0000001
 43
0.0000001
 44
0.0000000001
 40
0.0
 40
0.0
 40
0.0
 40
0.0
 40
0.1985221225
 40
0.4303904705
 40
0.7025592156
 40
1.0
 40
1.0
 40
1.0
 40
1.0
 10
85.0539776185
 20
101.9971169005
 30
0.0
 10
85.0711453085
 20
101.997116878
 30
0.0
 10
85.1086937593
 20
101.9842741563
 30
0.0
 10
85.149989827
 20
101.9373797484
 30
0.0
 10
85.1765114499
 20
101.8723690893
 30
0.0
 10
85.1825349336
 20
101.8228387669
 30
0.0
 10
85.1825349277
 20
101.7971168418
 30
0.0
  0
SPLINE
  5
659
100
AcDbEntity
  8
0
100
AcDbSpline
 62
7
  6
CONTINUOUS
 70
0
 71
3
 72
9
 73
5
 74
0
 42
0.0000001
 43
0.0000001
 44
0.0000000001
 40
0.0
 40
0.0
 40
0.0
 40
0.0
 40
0.4670733108
 40
1.0
 40
1.0
 40
1.0
 40
1.0
 10
81.147677508
 20
101.3326251253
 30
0.0
 10
81.1289786329
 20
101.3527443917
 30
0.0
 10
81.1008157774
 20
101.406680267
 30
0.0
 10
81.0922466506
 20
101.4657774588
 30
0.0
 10
81.0922466638
 20
101.4971170049
 30
0.0
  0
SPLINE
  5
65A
100
AcDbEntity
  8
0
100
AcDbSpline
 62
7
  6
CONTINUOUS
 70
0
 71
3
 72
11
 73
7
 74
0
 42
0.0000001
 43
0.0000001
 44
0.0000000001
 40
0.0
 40
0.0
 40
0.0
 40
0.0
 40
0.2974406972
 40
0.5696094351
 40
0.801477805
 40
1.0
 40
1.0
 40
1.0
 40
1.0
 10
81.0922466638
 20
101.7971168433
 30
0.0
 10
81.0922466574
 20
101.82283877
 30
0.0
 10
81.0982701435
 20
101.8723691028
 30
0.0
 10
81.1247917782
 20
101.9373797746
 30
0.0
 10
81.1660878787
 20
101.9842742068
 30
0.0
 10
81.2036363682
 20
101.9971168871
 30
0.0
 10
81.2208040705
 20
101.9971169005
 30
0.0
  0
SPLINE
  5
65B
100
AcDbEntity
  8
0
100
AcDbSpline
 62
7
  6
CONTINUOUS
 70
0
 71
3
 72
9
 73
5
 74
0
 42
0.0000001
 43
0.0000001
 44
0.0000000001
 40
0.0
 40
0.0
 40
0.0
 40
0.0
 40
0.4448235904
 40
1.0
 40
1.0
 40
1.0
 40
1.0
 10
87.3746662122
 20
101.3721169006
 30
0.0
 10
87.3620747201
 20
101.3721173078
 30
0.0
 10
87.3339347708
 20
101.3835348273
 30
0.0
 10
87.3155206676
 20
101.4059851973
 30
0.0
 10
87.3072704798
 20
101.4193606395
 30
0.0
  0
SPLINE
  5
65C
100
AcDbEntity
  8
0
100
AcDbSpline
 62
7
  6
CONTINUOUS
 70
0
 71
3
 72
9
 73
5
 74
0
 42
0.0000001
 43
0.0000001
 44
0.0000000001
 40
0.0
 40
0.0
 40
0.0
 40
0.0
 40
0.2333312363
 40
1.0
 40
1.0
 40
1.0
 40
1.0
 10
87.3072704798
 20
101.4193606395
 30
0.0
 10
87.3028986435
 20
101.4264483867
 30
0.0
 10
87.2866524954
 20
101.458331253
 30
0.0
 10
87.2799591824
 20
101.4947482945
 30
0.0
 10
87.2799584153
 20
101.522110767
 30
0.0
  0
SPLINE
  5
65D
100
AcDbEntity
  8
0
100
AcDbSpline
 62
7
  6
CONTINUOUS
 70
0
 71
3
 72
11
 73
7
 74
0
 42
0.0000001
 43
0.0000001
 44
0.0000000001
 40
0.0
 40
0.0
 40
0.0
 40
0.0
 40
0.2867697017
 40
0.5500686722
 40
0.7826326457
 40
1.0
 40
1.0
 40
1.0
 40
1.0
 10
87.2799582816
 20
101.8471162505
 30
0.0
 10
87.2799583402
 20
101.8668336674
 30
0.0
 10
87.2749262213
 20
101.9048852654
 30
0.0
 10
87.2521957968
 20
101.9547610673
 30
0.0
 10
87.2150566463
 20
101.9893183216
 30
0.0
 10
87.1835332072
 20
101.9971063557
 30
0.0
 10
87.1685876894
 20
101.9971168766
 30
0.0
  0
SPLINE
  5
65E
100
AcDbEntity
  8
0
100
AcDbSpline
 62
7
  6
CONTINUOUS
 70
0
 71
3
 72
12
 73
8
 74
0
 42
0.0000001
 43
0.0000001
 44
0.0000000001
 40
0.0
 40
0.0
 40
0.0
 40
0.0
 40
0.2792210848
 40
0.5420197189
 40
0.7798356502
 40
0.8914146004
 40
1.0
 40
1.0
 40
1.0
 40
1.0
 10
154.7067258173
 20
99.8757673597
 30
0.0
 10
154.7067258173
 20
99.8628623111
 30
0.0
 10
154.7104460299
 20
99.8376303563
 30
0.0
 10
154.726639531
 20
99.8047335627
 30
0.0
 10
154.7482602469
 20
99.7850366351
 30
0.0
 10
154.7680921671
 20
99.777109203
 30
0.0
 10
154.7783116583
 20
99.7757673597
 30
0.0
 10
154.7833302616
 20
99.7757673597
 30
0.0
  0
SPLINE
  5
65F
100
AcDbEntity
  8
0
100
AcDbSpline
 62
7
  6
CONTINUOUS
 70
0
 71
3
 72
12
 73
8
 74
0
 42
0.0000001
 43
0.0000001
 44
0.0000000001
 40
0.0
 40
0.0
 40
0.0
 40
0.0
 40
0.1085854675
 40
0.2201645637
 40
0.4579805915
 40
0.7207791776
 40
1.0
 40
1.0
 40
1.0
 40
1.0
 10
154.7833302616
 20
100.4757673597
 30
0.0
 10
154.7783116552
 20
100.4757673597
 30
0.0
 10
154.7680921553
 20
100.4744255072
 30
0.0
 10
154.7482602203
 20
100.466498074
 30
0.0
 10
154.726639509
 20
100.4468011239
 30
0.0
 10
154.7104460241
 20
100.4139043364
 30
0.0
 10
154.7067258173
 20
100.3886723961
 30
0.0
 10
154.7067258173
 20
100.3757673597
 30
0.0
  0
SPLINE
  5
660
100
AcDbEntity
  8
0
100
AcDbSpline
 62
7
  6
CONTINUOUS
 70
0
 71
3
 72
10
 73
6
 74
0
 42
0.0000001
 43
0.0000001
 44
0.0000000001
 40
0.0
 40
0.0
 40
0.0
 40
0.0
 40
0.3654635649
 40
0.6465516544
 40
1.0
 40
1.0
 40
1.0
 40
1.0
 10
155.2827253185
 20
99.0721169005
 30
0.0
 10
155.2844826304
 20
99.0721169005
 30
0.0
 10
155.2876323741
 20
99.0722445101
 30
0.0
 10
155.2922535184
 20
99.0729169533
 30
0.0
 10
155.2954943619
 20
99.0744847624
 30
0.0
 10
155.2961227781
 20
99.0760638508
 30
0.0
  0
SPLINE
  5
661
100
AcDbEntity
  8
0
100
AcDbSpline
 62
7
  6
CONTINUOUS
 70
0
 71
3
 72
12
 73
8
 74
0
 42
0.0000001
 43
0.0000001
 44
0.0000000001
 40
0.0
 40
0.0
 40
0.0
 40
0.0
 40
0.1128388992
 40
0.2279186964
 40
0.4685022404
 40
0.7279330877
 40
1.0
 40
1.0
 40
1.0
 40
1.0
 10
157.773588114
 20
99.8785992128
 30
0.0
 10
157.778949144
 20
99.8785992128
 30
0.0
 10
157.789819896
 20
99.879929606
 30
0.0
 10
157.8108460028
 20
99.8877539691
 30
0.0
 10
157.8339295093
 20
99.9071964338
 30
0.0
 10
157.8514689901
 20
99.9402172757
 30
0.0
 10
157.8555033185
 20
99.9656731839
 30
0.0
 10
157.8555033185
 20
99.9785992128
 30
0.0
  0
SPLINE
  5
662
100
AcDbEntity
  8
0
100
AcDbSpline
 62
7
  6
CONTINUOUS
 70
0
 71
3
 72
12
 73
8
 74
0
 42
0.0000001
 43
0.0000001
 44
0.0000000001
 40
0.0
 40
0.0
 40
0.0
 40
0.0
 40
0.2720671691
 40
0.5314980696
 40
0.7720815237
 40
0.8871611706
 40
1.0
 40
1.0
 40
1.0
 40
1.0
 10
157.8555033185
 20
100.1785992128
 30
0.0
 10
157.8555033185
 20
100.1915252539
 30
0.0
 10
157.8514689838
 20
100.216981177
 30
0.0
 10
157.8339294853
 20
100.2500020243
 30
0.0
 10
157.8108459749
 20
100.2694444664
 30
0.0
 10
157.7898198834
 20
100.2772688287
 30
0.0
 10
157.7789491407
 20
100.2785992128
 30
0.0
 10
157.773588114
 20
100.2785992128
 30
0.0
  0
SPLINE
  5
663
100
AcDbEntity
  8
0
100
AcDbSpline
 62
7
  6
CONTINUOUS
 70
0
 71
3
 72
9
 73
5
 74
0
 42
0.0000001
 43
0.0000001
 44
0.0000000001
 40
0.0
 40
0.0
 40
0.0
 40
0.0
 40
0.2438951808
 40
1.0
 40
1.0
 40
1.0
 40
1.0
 10
157.4082692794
 20
99.8832286874
 30
0.0
 10
157.406768774
 20
99.8850955333
 30
0.0
 10
157.4005022577
 20
99.8926583335
 30
0.0
 10
157.3938959657
 20
99.8999308105
 30
0.0
 10
157.3888565863
 20
99.9053840673
 30
0.0
  0
SPLINE
  5
664
100
AcDbEntity
  8
0
100
AcDbSpline
 62
7
  6
CONTINUOUS
 70
0
 71
3
 72
9
 73
5
 74
0
 42
0.0000001
 43
0.0000001
 44
0.0000000001
 40
0.0
 40
0.0
 40
0.0
 40
0.0
 40
0.2702024129
 40
1.0
 40
1.0
 40
1.0
 40
1.0
 10
157.3888565863
 20
99.9053840673
 30
0.0
 10
157.3884059855
 20
99.9063724127
 30
0.0
 10
157.3866785744
 20
99.9100017259
 30
0.0
 10
157.38469923
 20
99.9135180828
 30
0.0
 10
157.3830630204
 20
99.9159532369
 30
0.0
  0
SPLINE
  5
665
100
AcDbEntity
  8
0
100
AcDbSpline
 62
9
  6
CONTINUOUS
 70
0
 71
3
 72
11
 73
7
 74
0
 42
0.0000001
 43
0.0000001
 44
0.0000000001
 40
0.0
 40
0.0
 40
0.0
 40
0.0
 40
0.2698738458
 40
0.5285085145
 40
0.770487046
 40
1.0
 40
1.0
 40
1.0
 40
1.0
 10
155.5179384399
 20
98.5221169005
 30
0.0
 10
155.5179384399
 20
98.5156498923
 30
0.0
 10
155.5200091547
 20
98.5028790158
 30
0.0
 10
155.5290592801
 20
98.4863468893
 30
0.0
 10
155.5429409808
 20
98.4749084325
 30
0.0
 10
155.5543859348
 20
98.4721169005
 30
0.0
 10
155.5598857718
 20
98.4721169005
 30
0.0
  0
SPLINE
  5
666
100
AcDbEntity
  8
0
100
AcDbSpline
 62
9
  6
CONTINUOUS
 70
0
 71
3
 72
11
 73
7
 74
0
 42
0.0000001
 43
0.0000001
 44
0.0000000001
 40
0.0
 40
0.0
 40
0.0
 40
0.0
 40
0.2698738458
 40
0.5285085145
 40
0.770487046
 40
1.0
 40
1.0
 40
1.0
 40
1.0
 10
157.0743071164
 20
98.5221169005
 30
0.0
 10
157.0743071164
 20
98.5156498923
 30
0.0
 10
157.0722364016
 20
98.5028790158
 30
0.0
 10
157.0631862762
 20
98.4863468893
 30
0.0
 10
157.0493045755
 20
98.4749084325
 30
0.0
 10
157.0378596215
 20
98.4721169005
 30
0.0
 10
157.0323597845
 20
98.4721169005
 30
0.0
  0
SPLINE
  5
667
100
AcDbEntity
  8
0
100
AcDbSpline
 62
7
  6
CONTINUOUS
 70
0
 71
3
 72
9
 73
5
 74
0
 42
0.0000001
 43
0.0000001
 44
0.0000000001
 40
0.0
 40
0.0
 40
0.0
 40
0.0
 40
0.5217185503
 40
1.0
 40
1.0
 40
1.0
 40
1.0
 10
157.406237284
 20
99.9053840673
 30
0.0
 10
157.4222407622
 20
99.9010546117
 30
0.0
 10
157.4528854573
 20
99.8926479437
 30
0.0
 10
157.4833369929
 20
99.8835333771
 30
0.0
 10
157.4977783076
 20
99.8787961314
 30
0.0
  0
SPLINE
  5
668
100
AcDbEntity
  8
0
100
AcDbSpline
 62
7
  6
CONTINUOUS
 70
0
 71
3
 72
9
 73
5
 74
0
 42
0.0000001
 43
0.0000001
 44
0.0000000001
 40
0.0
 40
0.0
 40
0.0
 40
0.0
 40
0.251782631
 40
1.0
 40
1.0
 40
1.0
 40
1.0
 10
157.3830630204
 20
99.9159532369
 30
0.0
 10
157.3850675068
 20
99.9152074227
 30
0.0
 10
157.3929760988
 20
99.9121063049
 30
0.0
 10
157.400664483
 20
99.9084399055
 30
0.0
 10
157.406237284
 20
99.9053840673
 30
0.0
  0
SPLINE
  5
669
100
AcDbEntity
  8
0
100
AcDbSpline
 62
7
  6
CONTINUOUS
 70
0
 71
3
 72
11
 73
7
 74
0
 42
0.0000001
 43
0.0000001
 44
0.0000000001
 40
0.0
 40
0.0
 40
0.0
 40
0.0
 40
0.3084547068
 40
0.5526225515
 40
0.7675087456
 40
1.0
 40
1.0
 40
1.0
 40
1.0
 10
155.2961227781
 20
98.9379047017
 30
0.0
 10
155.2958883182
 20
98.9355480925
 30
0.0
 10
155.2951490053
 20
98.9313368382
 30
0.0
 10
155.2924590136
 20
98.9259294603
 30
0.0
 10
155.2880301555
 20
98.9226272639
 30
0.0
 10
155.2845103325
 20
98.9221169005
 30
0.0
 10
155.2827253185
 20
98.9221169005
 30
0.0
  0
SPLINE
  5
66A
100
AcDbEntity
  8
0
100
AcDbSpline
 62
9
  6
CONTINUOUS
 70
0
 71
3
 72
13
 73
9
 74
0
 42
0.0000001
 43
0.0000001
 44
0.0000000001
 40
0.0
 40
0.0
 40
0.0
 40
0.0
 40
0.3347188641
 40
0.6198814571
 40
0.7369964237
 40
0.8369727447
 40
0.9222911988
 40
1.0
 40
1.0
 40
1.0
 40
1.0
 10
157.0211227781
 20
98.5221169005
 30
0.0
 10
157.0211181456
 20
98.5153830155
 30
0.0
 10
157.0198717483
 20
98.502890359
 30
0.0
 10
157.0152501765
 20
98.4885888266
 30
0.0
 10
157.0098123858
 20
98.4800077582
 30
0.0
 10
157.0055651381
 20
98.4755842153
 30
0.0
 10
157.0009934928
 20
98.4727681626
 30
0.0
 10
156.9976861267
 20
98.4721169005
 30
0.0
 10
156.9961227781
 20
98.4721169005
 30
0.0
  0
SPLINE
  5
66B
100
AcDbEntity
  8
0
100
AcDbSpline
 62
9
  6
CONTINUOUS
 70
0
 71
3
 72
13
 73
9
 74
0
 42
0.0000001
 43
0.0000001
 44
0.0000000001
 40
0.0
 40
0.0
 40
0.0
 40
0.0
 40
0.318472106
 40
0.601732624
 40
0.7220107599
 40
0.8265671249
 40
0.9175284826
 40
1.0
 40
1.0
 40
1.0
 40
1.0
 10
155.5711251158
 20
98.5221169005
 30
0.0
 10
155.5711251628
 20
98.5157084726
 30
0.0
 10
155.5723131951
 20
98.5035861274
 30
0.0
 10
155.576600507
 20
98.4895184725
 30
0.0
 10
155.5818616269
 20
98.4806902586
 30
0.0
 10
155.5861770619
 20
98.475951854
 30
0.0
 10
155.5909498784
 20
98.4728806024
 30
0.0
 10
155.594463252
 20
98.4721169005
 30
0.0
 10
155.5961227781
 20
98.4721169005
 30
0.0
  0
SPLINE
  5
66C
100
AcDbEntity
  8
0
100
AcDbSpline
 62
7
  6
CONTINUOUS
 70
0
 71
3
 72
9
 73
5
 74
0
 42
0.0000001
 43
0.0000001
 44
0.0000000001
 40
0.0
 40
0.0
 40
0.0
 40
0.0
 40
0.2539383324
 40
1.0
 40
1.0
 40
1.0
 40
1.0
 10
153.1860493825
 20
101.4295554211
 30
0.0
 10
153.1878266462
 20
101.4259256217
 30
0.0
 10
153.1955568979
 20
101.4120061894
 30
0.0
 10
153.2064865777
 20
101.3998266242
 30
0.0
 10
153.2159056617
 20
101.3925967632
 30
0.0
  0
SPLINE
  5
66D
100
AcDbEntity
  8
0
100
AcDbSpline
 62
7
  6
CONTINUOUS
 70
0
 71
3
 72
8
 73
4
 74
0
 42
0.0000001
 43
0.0000001
 44
0.0000000001
 40
0.0
 40
0.0
 40
0.0
 40
0.0
 40
1.0
 40
1.0
 40
1.0
 40
1.0
 10
153.2159056617
 20
101.3925967632
 30
0.0
 10
153.2254735789
 20
101.3852526615
 30
0.0
 10
153.2366137815
 20
101.3796354556
 30
0.0
 10
153.2481946219
 20
101.3762642534
 30
0.0
  0
SPLINE
  5
66E
100
AcDbEntity
  8
0
100
AcDbSpline
 62
7
  6
CONTINUOUS
 70
0
 71
3
 72
9
 73
5
 74
0
 42
0.0000001
 43
0.0000001
 44
0.0000000001
 40
0.0
 40
0.0
 40
0.0
 40
0.0
 40
0.4968976731
 40
1.0
 40
1.0
 40
1.0
 40
1.0
 10
153.141750516
 20
101.9434709417
 30
0.0
 10
153.1357575987
 20
101.954592852
 30
0.0
 10
153.1198247463
 20
101.9751815616
 30
0.0
 10
153.0969251844
 20
101.9881413194
 30
0.0
 10
153.0846840781
 20
101.9918532233
 30
0.0
  0
SPLINE
  5
66F
100
AcDbEntity
  8
0
100
AcDbSpline
 62
7
  6
CONTINUOUS
 70
0
 71
3
 72
9
 73
5
 74
0
 42
0.0000001
 43
0.0000001
 44
0.0000000001
 40
0.0
 40
0.0
 40
0.0
 40
0.0
 40
0.4861281087
 40
1.0
 40
1.0
 40
1.0
 40
1.0
 10
153.1859536831
 20
101.8589662968
 30
0.0
 10
153.195142557
 20
101.8416115513
 30
0.0
 10
153.2073874055
 20
101.8024387417
 30
0.0
 10
153.2111041506
 20
101.7620125132
 30
0.0
 10
153.2111292642
 20
101.7412545353
 30
0.0
  0
SPLINE
  5
670
100
AcDbEntity
  8
0
100
AcDbSpline
 62
7
  6
CONTINUOUS
 70
0
 71
3
 72
9
 73
5
 74
0
 42
0.0000001
 43
0.0000001
 44
0.0000000001
 40
0.0
 40
0.0
 40
0.0
 40
0.0
 40
0.2199673591
 40
1.0
 40
1.0
 40
1.0
 40
1.0
 10
153.0554332762
 20
101.9971169005
 30
0.0
 10
153.0576177365
 20
101.9971168942
 30
0.0
 10
153.0675486963
 20
101.9966178601
 30
0.0
 10
153.0773284995
 20
101.9942825931
 30
0.0
 10
153.0846840781
 20
101.9918532233
 30
0.0
  0
SPLINE
  5
671
100
AcDbEntity
  8
0
100
AcDbSpline
 62
7
  6
CONTINUOUS
 70
0
 71
3
 72
9
 73
5
 74
0
 42
0.0000001
 43
0.0000001
 44
0.0000000001
 40
0.0
 40
0.0
 40
0.0
 40
0.0
 40
0.2620562373
 40
1.0
 40
1.0
 40
1.0
 40
1.0
 10
153.1764033333
 20
101.522110767
 30
0.0
 10
153.1749631943
 20
101.5148118422
 30
0.0
 10
153.1711574006
 20
101.4866993655
 30
0.0
 10
153.1746672688
 20
101.4572409657
 30
0.0
 10
153.1824111416
 20
101.4377748756
 30
0.0
  0
SPLINE
  5
672
100
AcDbEntity
  8
0
100
AcDbSpline
 62
7
  6
CONTINUOUS
 70
0
 71
3
 72
8
 73
4
 74
0
 42
0.0000001
 43
0.0000001
 44
0.0000000001
 40
0.0
 40
0.0
 40
0.0
 40
0.0
 40
1.0
 40
1.0
 40
1.0
 40
1.0
 10
153.1801782285
 20
101.3721169006
 30
0.0
 10
153.167398719
 20
101.372117191
 30
0.0
 10
153.1543994762
 20
101.3746544406
 30
0.0
 10
153.1425416588
 20
101.3794197349
 30
0.0
  0
SPLINE
  5
673
100
AcDbEntity
  8
0
100
AcDbSpline
 62
7
  6
CONTINUOUS
 70
0
 71
3
 72
11
 73
7
 74
0
 42
0.0000001
 43
0.0000001
 44
0.0000000001
 40
0.0
 40
0.0
 40
0.0
 40
0.0
 40
0.2272644879
 40
0.4695331599
 40
0.7290918186
 40
1.0
 40
1.0
 40
1.0
 40
1.0
 10
153.1425416588
 20
101.3794197349
 30
0.0
 10
153.130353407
 20
101.3843178207
 30
0.0
 10
153.1070151334
 20
101.3995112865
 30
0.0
 10
153.0810269551
 20
101.4335060043
 30
0.0
 10
153.0647740326
 20
101.4756550215
 30
0.0
 10
153.0611203508
 20
101.5064525833
 30
0.0
 10
153.0611198618
 20
101.522110767
 30
0.0
  0
SPLINE
  5
674
100
AcDbEntity
  8
0
100
AcDbSpline
 62
7
  6
CONTINUOUS
 70
0
 71
3
 72
9
 73
5
 74
0
 42
0.0000001
 43
0.0000001
 44
0.0000000001
 40
0.0
 40
0.0
 40
0.0
 40
0.0
 40
0.2568319272
 40
1.0
 40
1.0
 40
1.0
 40
1.0
 10
153.15464856
 20
101.8483732159
 30
0.0
 10
153.1555128603
 20
101.8531242121
 30
0.0
 10
153.1580932853
 20
101.8717505616
 30
0.0
 10
153.1575540648
 20
101.890858136
 30
0.0
 10
153.1551061339
 20
101.9046151414
 30
0.0
  0
SPLINE
  5
675
100
AcDbEntity
  8
0
100
AcDbSpline
 62
7
  6
CONTINUOUS
 70
0
 71
3
 72
9
 73
5
 74
0
 42
0.0000001
 43
0.0000001
 44
0.0000000001
 40
0.0
 40
0.0
 40
0.0
 40
0.0
 40
0.2561198198
 40
1.0
 40
1.0
 40
1.0
 40
1.0
 10
153.1551061339
 20
101.9046151414
 30
0.0
 10
153.1544901718
 20
101.9080767561
 30
0.0
 10
153.1515821639
 20
101.9214958664
 30
0.0
 10
153.1465946151
 20
101.9344810568
 30
0.0
 10
153.141750516
 20
101.9434709417
 30
0.0
  0
SPLINE
  5
676
100
AcDbEntity
  8
0
100
AcDbSpline
 62
7
  6
CONTINUOUS
 70
0
 71
3
 72
11
 73
7
 74
0
 42
0.0000001
 43
0.0000001
 44
0.0000000001
 40
0.0
 40
0.0
 40
0.0
 40
0.0
 40
0.2915907577
 40
0.5620310689
 40
0.797409428
 40
1.0
 40
1.0
 40
1.0
 40
1.0
 10
153.0611199354
 20
101.8471162505
 30
0.0
 10
153.0611200008
 20
101.8668748966
 30
0.0
 10
153.0553677982
 20
101.9052406309
 30
0.0
 10
153.0308674499
 20
101.9544555788
 30
0.0
 10
152.9949792157
 20
101.9882045208
 30
0.0
 10
152.9650772176
 20
101.9971057932
 30
0.0
 10
152.9513493679
 20
101.9971168766
 30
0.0
  0
SPLINE
  5
677
100
AcDbEntity
  8
0
100
AcDbSpline
 62
7
  6
CONTINUOUS
 70
0
 71
3
 72
13
 73
9
 74
0
 42
0.0000001
 43
0.0000001
 44
0.0000000001
 40
0.0
 40
0.0
 40
0.0
 40
0.0
 40
0.09039085
 40
0.1874531671
 40
0.295434344
 40
0.4163262259
 40
0.6930802572
 40
1.0
 40
1.0
 40
1.0
 40
1.0
 10
223.8759696686
 20
100.2785992128
 30
0.0
 10
223.8797513296
 20
100.2785992128
 30
0.0
 10
223.8876449142
 20
100.2771819345
 30
0.0
 10
223.898637066
 20
100.2711703521
 30
0.0
 10
223.9085756992
 20
100.261649717
 30
0.0
 10
223.9205646394
 20
100.2440822782
 30
0.0
 10
223.930683803
 20
100.2159296791
 30
0.0
 10
223.9333273122
 20
100.1914397427
 30
0.0
 10
223.9333273122
 20
100.1785992128
 30
0.0
  0
SPLINE
  5
678
100
AcDbEntity
  8
0
100
AcDbSpline
 62
7
  6
CONTINUOUS
 70
0
 71
3
 72
13
 73
9
 74
0
 42
0.0000001
 43
0.0000001
 44
0.0000000001
 40
0.0
 40
0.0
 40
0.0
 40
0.0
 40
0.3069200269
 40
0.5836740867
 40
0.704565938
 40
0.8125470217
 40
0.90960921
 40
1.0
 40
1.0
 40
1.0
 40
1.0
 10
223.9333273122
 20
99.9785992128
 30
0.0
 10
223.9333273122
 20
99.9657586708
 30
0.0
 10
223.9306837994
 20
99.9412687206
 30
0.0
 10
223.9205646228
 20
99.9131161132
 30
0.0
 10
223.9085756777
 20
99.8955486814
 30
0.0
 10
223.8986370454
 20
99.8860280621
 30
0.0
 10
223.8876449055
 20
99.8800164816
 30
0.0
 10
223.8797513271
 20
99.8785992128
 30
0.0
 10
223.8759696686
 20
99.8785992128
 30
0.0
  0
SPLINE
  5
679
100
AcDbEntity
  8
0
100
AcDbSpline
 62
7
  6
CONTINUOUS
 70
0
 71
3
 72
11
 73
7
 74
0
 42
0.0000001
 43
0.0000001
 44
0.0000000001
 40
0.0
 40
0.0
 40
0.0
 40
0.0
 40
0.178898968
 40
0.401333555
 40
0.674322518
 40
1.0
 40
1.0
 40
1.0
 40
1.0
 10
223.5251503185
 20
99.9053840673
 30
0.0
 10
223.5262021898
 20
99.9029447384
 30
0.0
 10
223.5297230878
 20
99.8979874605
 30
0.0
 10
223.5373369062
 20
99.8914230853
 30
0.0
 10
223.5476540942
 20
99.8848676786
 30
0.0
 10
223.555593543
 20
99.8808477116
 30
0.0
 10
223.5599727564
 20
99.8787961314
 30
0.0
  0
SPLINE
  5
67A
100
AcDbEntity
  8
0
100
AcDbSpline
 62
7
  6
CONTINUOUS
 70
0
 71
3
 72
9
 73
5
 74
0
 42
0.0000001
 43
0.0000001
 44
0.0000000001
 40
0.0
 40
0.0
 40
0.0
 40
0.0
 40
0.2198436357
 40
1.0
 40
1.0
 40
1.0
 40
1.0
 10
223.5238031652
 20
99.9159532369
 30
0.0
 10
223.5238031652
 20
99.9151715829
 30
0.0
 10
223.5239546894
 20
99.9116158713
 30
0.0
 10
223.5245731208
 20
99.9080971951
 30
0.0
 10
223.5251503185
 20
99.9053840673
 30
0.0
  0
SPLINE
  5
67B
100
AcDbEntity
  8
0
100
AcDbSpline
 62
7
  6
CONTINUOUS
 70
0
 71
3
 72
13
 73
9
 74
0
 42
0.0000001
 43
0.0000001
 44
0.0000000001
 40
0.0
 40
0.0
 40
0.0
 40
0.0
 40
0.09039085
 40
0.1874531671
 40
0.295434344
 40
0.4163262259
 40
0.6930802572
 40
1.0
 40
1.0
 40
1.0
 40
1.0
 10
227.9716366619
 20
99.8785992128
 30
0.0
 10
227.9678550009
 20
99.8785992128
 30
0.0
 10
227.9599614162
 20
99.880016491
 30
0.0
 10
227.9489692644
 20
99.8860280734
 30
0.0
 10
227.9390306312
 20
99.8955487085
 30
0.0
 10
227.9270416911
 20
99.9131161473
 30
0.0
 10
227.9169225275
 20
99.9412687464
 30
0.0
 10
227.9142790182
 20
99.9657586828
 30
0.0
 10
227.9142790182
 20
99.9785992128
 30
0.0
  0
SPLINE
  5
67C
100
AcDbEntity
  8
0
100
AcDbSpline
 62
7
  6
CONTINUOUS
 70
0
 71
3
 72
13
 73
9
 74
0
 42
0.0000001
 43
0.0000001
 44
0.0000000001
 40
0.0
 40
0.0
 40
0.0
 40
0.0
 40
0.3069200269
 40
0.5836740867
 40
0.704565938
 40
0.8125470217
 40
0.90960921
 40
1.0
 40
1.0
 40
1.0
 40
1.0
 10
227.9142790182
 20
100.1785992128
 30
0.0
 10
227.9142790182
 20
100.1914397547
 30
0.0
 10
227.916922531
 20
100.215929705
 30
0.0
 10
227.9270417077
 20
100.2440823123
 30
0.0
 10
227.9390306527
 20
100.2616497441
 30
0.0
 10
227.9489692851
 20
100.2711703634
 30
0.0
 10
227.959961425
 20
100.2771819439
 30
0.0
 10
227.9678550034
 20
100.2785992128
 30
0.0
 10
227.9716366619
 20
100.2785992128
 30
0.0
  0
SPLINE
  5
67D
100
AcDbEntity
  8
0
100
AcDbSpline
 62
7
  6
CONTINUOUS
 70
0
 71
3
 72
11
 73
7
 74
0
 42
0.0000001
 43
0.0000001
 44
0.0000000001
 40
0.0
 40
0.0
 40
0.0
 40
0.0
 40
0.325677482
 40
0.598666445
 40
0.821101032
 40
1.0
 40
1.0
 40
1.0
 40
1.0
 10
228.2876335741
 20
99.8787961314
 30
0.0
 10
228.2920127875
 20
99.8808477116
 30
0.0
 10
228.2999522363
 20
99.8848676786
 30
0.0
 10
228.3102694242
 20
99.8914230853
 30
0.0
 10
228.3178832427
 20
99.8979874605
 30
0.0
 10
228.3214041406
 20
99.9029447384
 30
0.0
 10
228.3224560119
 20
99.9053840673
 30
0.0
  0
SPLINE
  5
67E
100
AcDbEntity
  8
0
100
AcDbSpline
 62
7
  6
CONTINUOUS
 70
0
 71
3
 72
9
 73
5
 74
0
 42
0.0000001
 43
0.0000001
 44
0.0000000001
 40
0.0
 40
0.0
 40
0.0
 40
0.0
 40
0.281034219
 40
1.0
 40
1.0
 40
1.0
 40
1.0
 10
228.3224560119
 20
99.9053840673
 30
0.0
 10
228.3226638816
 20
99.9063611624
 30
0.0
 10
228.3233482331
 20
99.9098465881
 30
0.0
 10
228.3238031652
 20
99.9133976074
 30
0.0
 10
228.3238031652
 20
99.9159532369
 30
0.0
  0
SPLINE
  5
67F
100
AcDbEntity
  8
0
100
AcDbSpline
 62
7
  6
CONTINUOUS
 70
0
 71
3
 72
10
 73
6
 74
0
 42
0.0000001
 43
0.0000001
 44
0.0000000001
 40
0.0
 40
0.0
 40
0.0
 40
0.0
 40
0.3654635649
 40
0.6465516544
 40
1.0
 40
1.0
 40
1.0
 40
1.0
 10
224.7104057056
 20
99.0721169005
 30
0.0
 10
224.7121630175
 20
99.0721169005
 30
0.0
 10
224.7153127612
 20
99.0722445101
 30
0.0
 10
224.7199339055
 20
99.0729169533
 30
0.0
 10
224.723174749
 20
99.0744847624
 30
0.0
 10
224.7238031652
 20
99.0760638508
 30
0.0
  0
SPLINE
  5
680
100
AcDbEntity
  8
0
100
AcDbSpline
 62
7
  6
CONTINUOUS
 70
0
 71
3
 72
10
 73
6
 74
0
 42
0.0000001
 43
0.0000001
 44
0.0000000001
 40
0.0
 40
0.0
 40
0.0
 40
0.0
 40
0.3534483456
 40
0.6345364351
 40
1.0
 40
1.0
 40
1.0
 40
1.0
 10
227.1238031652
 20
99.0760638508
 30
0.0
 10
227.1244315815
 20
99.0744847624
 30
0.0
 10
227.127672425
 20
99.0729169533
 30
0.0
 10
227.1322935692
 20
99.0722445101
 30
0.0
 10
227.135443313
 20
99.0721169005
 30
0.0
 10
227.1372006248
 20
99.0721169005
 30
0.0
  0
SPLINE
  5
681
100
AcDbEntity
  8
0
100
AcDbSpline
 62
7
  6
CONTINUOUS
 70
0
 71
3
 72
13
 73
9
 74
0
 42
0.0000001
 43
0.0000001
 44
0.0000000001
 40
0.0
 40
0.0
 40
0.0
 40
0.0
 40
0.09039085
 40
0.1874531671
 40
0.295434344
 40
0.4163262259
 40
0.6930802572
 40
1.0
 40
1.0
 40
1.0
 40
1.0
 10
228.0945094685
 20
100.2785992128
 30
0.0
 10
228.0907278075
 20
100.2785992128
 30
0.0
 10
228.0828342228
 20
100.2771819345
 30
0.0
 10
228.0718420711
 20
100.2711703521
 30
0.0
 10
228.0619034379
 20
100.261649717
 30
0.0
 10
228.0499144977
 20
100.2440822782
 30
0.0
 10
228.0397953341
 20
100.2159296791
 30
0.0
 10
228.0371518249
 20
100.1914397427
 30
0.0
 10
228.0371518249
 20
100.1785992128
 30
0.0
  0
SPLINE
  5
682
100
AcDbEntity
  8
0
100
AcDbSpline
 62
7
  6
CONTINUOUS
 70
0
 71
3
 72
13
 73
9
 74
0
 42
0.0000001
 43
0.0000001
 44
0.0000000001
 40
0.0
 40
0.0
 40
0.0
 40
0.0
 40
0.3069200269
 40
0.5836740867
 40
0.704565938
 40
0.8125470217
 40
0.90960921
 40
1.0
 40
1.0
 40
1.0
 40
1.0
 10
228.0371518249
 20
99.9785992128
 30
0.0
 10
228.0371518249
 20
99.9657586708
 30
0.0
 10
228.0397953377
 20
99.9412687206
 30
0.0
 10
228.0499145143
 20
99.9131161132
 30
0.0
 10
228.0619034593
 20
99.8955486814
 30
0.0
 10
228.0718420917
 20
99.8860280621
 30
0.0
 10
228.0828342316
 20
99.8800164816
 30
0.0
 10
228.09072781
 20
99.8785992128
 30
0.0
 10
228.0945094685
 20
99.8785992128
 30
0.0
  0
SPLINE
  5
683
100
AcDbEntity
  8
0
100
AcDbSpline
 62
9
  6
CONTINUOUS
 70
0
 71
3
 72
13
 73
9
 74
0
 42
0.0000001
 43
0.0000001
 44
0.0000000001
 40
0.0
 40
0.0
 40
0.0
 40
0.0
 40
0.318472106
 40
0.601732624
 40
0.7220107599
 40
0.8265671249
 40
0.9175284826
 40
1.0
 40
1.0
 40
1.0
 40
1.0
 10
224.6488055029
 20
98.5221169005
 30
0.0
 10
224.6488055499
 20
98.5157084726
 30
0.0
 10
224.6499935822
 20
98.5035861274
 30
0.0
 10
224.6542808941
 20
98.4895184725
 30
0.0
 10
224.659542014
 20
98.4806902586
 30
0.0
 10
224.663857449
 20
98.475951854
 30
0.0
 10
224.6686302655
 20
98.4728806024
 30
0.0
 10
224.6721436391
 20
98.4721169005
 30
0.0
 10
224.6738031652
 20
98.4721169005
 30
0.0
  0
SPLINE
  5
684
100
AcDbEntity
  8
0
100
AcDbSpline
 62
9
  6
CONTINUOUS
 70
0
 71
3
 72
13
 73
9
 74
0
 42
0.0000001
 43
0.0000001
 44
0.0000000001
 40
0.0
 40
0.0
 40
0.0
 40
0.0
 40
0.087227615
 40
0.1818669428
 40
0.2885522418
 40
0.4092930864
 40
0.6885356131
 40
1.0
 40
1.0
 40
1.0
 40
1.0
 10
226.4816221951
 20
98.4721169005
 30
0.0
 10
226.483419055
 20
98.4721169005
 30
0.0
 10
226.487191276
 20
98.4728350604
 30
0.0
 10
226.4924087523
 20
98.4758575979
 30
0.0
 10
226.4971139959
 20
98.4806213588
 30
0.0
 10
226.5028085233
 20
98.4894327577
 30
0.0
 10
226.5075850328
 20
98.5035022074
 30
0.0
 10
226.5088328795
 20
98.5157008374
 30
0.0
 10
226.5088328795
 20
98.5221169005
 30
0.0
  0
SPLINE
  5
685
100
AcDbEntity
  8
0
100
AcDbSpline
 62
7
  6
CONTINUOUS
 70
0
 71
3
 72
13
 73
9
 74
0
 42
0.0000001
 43
0.0000001
 44
0.0000000001
 40
0.0
 40
0.0
 40
0.0
 40
0.0
 40
0.09039085
 40
0.1874531671
 40
0.295434344
 40
0.4163262259
 40
0.6930802572
 40
1.0
 40
1.0
 40
1.0
 40
1.0
 10
223.7530968619
 20
99.8785992128
 30
0.0
 10
223.7568785229
 20
99.8785992128
 30
0.0
 10
223.7647721076
 20
99.880016491
 30
0.0
 10
223.7757642594
 20
99.8860280734
 30
0.0
 10
223.7857028926
 20
99.8955487085
 30
0.0
 10
223.7976918327
 20
99.9131161473
 30
0.0
 10
223.8078109963
 20
99.9412687464
 30
0.0
 10
223.8104545056
 20
99.9657586828
 30
0.0
 10
223.8104545056
 20
99.9785992128
 30
0.0
  0
SPLINE
  5
686
100
AcDbEntity
  8
0
100
AcDbSpline
 62
7
  6
CONTINUOUS
 70
0
 71
3
 72
13
 73
9
 74
0
 42
0.0000001
 43
0.0000001
 44
0.0000000001
 40
0.0
 40
0.0
 40
0.0
 40
0.0
 40
0.3069200269
 40
0.5836740867
 40
0.704565938
 40
0.8125470217
 40
0.90960921
 40
1.0
 40
1.0
 40
1.0
 40
1.0
 10
223.8104545056
 20
100.1785992128
 30
0.0
 10
223.8104545056
 20
100.1914397547
 30
0.0
 10
223.8078109928
 20
100.215929705
 30
0.0
 10
223.7976918161
 20
100.2440823123
 30
0.0
 10
223.7857028711
 20
100.2616497441
 30
0.0
 10
223.7757642387
 20
100.2711703634
 30
0.0
 10
223.7647720988
 20
100.2771819439
 30
0.0
 10
223.7568785204
 20
100.2785992128
 30
0.0
 10
223.7530968619
 20
100.2785992128
 30
0.0
  0
SPLINE
  5
687
100
AcDbEntity
  8
0
100
AcDbSpline
 62
9
  6
CONTINUOUS
 70
0
 71
3
 72
13
 73
9
 74
0
 42
0.0000001
 43
0.0000001
 44
0.0000000001
 40
0.0
 40
0.0
 40
0.0
 40
0.0
 40
0.311464387
 40
0.5907069136
 40
0.7114477582
 40
0.8181330572
 40
0.912772385
 40
1.0
 40
1.0
 40
1.0
 40
1.0
 10
225.338773451
 20
98.5221169005
 30
0.0
 10
225.338773451
 20
98.5157008374
 30
0.0
 10
225.3400212977
 20
98.5035022074
 30
0.0
 10
225.3447978071
 20
98.4894327577
 30
0.0
 10
225.3504923346
 20
98.4806213588
 30
0.0
 10
225.3551975781
 20
98.4758575979
 30
0.0
 10
225.3604150544
 20
98.4728350604
 30
0.0
 10
225.3641872754
 20
98.4721169005
 30
0.0
 10
225.3659841354
 20
98.4721169005
 30
0.0
  0
SPLINE
  5
688
100
AcDbEntity
  8
0
100
AcDbSpline
 62
9
  6
CONTINUOUS
 70
0
 71
3
 72
13
 73
9
 74
0
 42
0.0000001
 43
0.0000001
 44
0.0000000001
 40
0.0
 40
0.0
 40
0.0
 40
0.0
 40
0.0824715251
 40
0.1734328852
 40
0.2779892466
 40
0.398267375
 40
0.6815278805
 40
1.0
 40
1.0
 40
1.0
 40
1.0
 10
227.1738031652
 20
98.4721169005
 30
0.0
 10
227.1754626916
 20
98.4721169005
 30
0.0
 10
227.1789760657
 20
98.4728806022
 30
0.0
 10
227.1837488831
 20
98.4759518532
 30
0.0
 10
227.1880643191
 20
98.4806902572
 30
0.0
 10
227.1933254405
 20
98.4895184705
 30
0.0
 10
227.1976127541
 20
98.5035861258
 30
0.0
 10
227.1988007868
 20
98.5157084719
 30
0.0
 10
227.1988008339
 20
98.5221169005
 30
0.0
  0
SPLINE
  5
689
100
AcDbEntity
  8
0
100
AcDbSpline
 62
7
  6
CONTINUOUS
 70
0
 71
3
 72
11
 73
7
 74
0
 42
0.0000001
 43
0.0000001
 44
0.0000000001
 40
0.0
 40
0.0
 40
0.0
 40
0.0
 40
0.3084547068
 40
0.5526225515
 40
0.7675087456
 40
1.0
 40
1.0
 40
1.0
 40
1.0
 10
224.7238031652
 20
98.9379047017
 30
0.0
 10
224.7235687053
 20
98.9355480925
 30
0.0
 10
224.7228293924
 20
98.9313368382
 30
0.0
 10
224.7201394007
 20
98.9259294603
 30
0.0
 10
224.7157105426
 20
98.9226272639
 30
0.0
 10
224.7121907195
 20
98.9221169005
 30
0.0
 10
224.7104057056
 20
98.9221169005
 30
0.0
  0
SPLINE
  5
68A
100
AcDbEntity
  8
0
100
AcDbSpline
 62
7
  6
CONTINUOUS
 70
0
 71
3
 72
11
 73
7
 74
0
 42
0.0000001
 43
0.0000001
 44
0.0000000001
 40
0.0
 40
0.0
 40
0.0
 40
0.0
 40
0.2324912544
 40
0.4473774485
 40
0.6915452932
 40
1.0
 40
1.0
 40
1.0
 40
1.0
 10
227.1372006248
 20
98.9221169005
 30
0.0
 10
227.1354156109
 20
98.9221169005
 30
0.0
 10
227.1318957878
 20
98.9226272639
 30
0.0
 10
227.1274669297
 20
98.9259294603
 30
0.0
 10
227.1247769381
 20
98.9313368382
 30
0.0
 10
227.1240376251
 20
98.9355480925
 30
0.0
 10
227.1238031652
 20
98.9379047017
 30
0.0
  0
SPLINE
  5
68B
100
AcDbEntity
  8
0
100
AcDbSpline
 62
7
  6
CONTINUOUS
 70
0
 71
3
 72
13
 73
9
 74
0
 42
0.0000001
 43
0.0000001
 44
0.0000000001
 40
0.0
 40
0.0
 40
0.0
 40
0.0
 40
0.09039085
 40
0.1874531671
 40
0.295434344
 40
0.4163262259
 40
0.6930802572
 40
1.0
 40
1.0
 40
1.0
 40
1.0
 10
196.8759696686
 20
100.2785992128
 30
0.0
 10
196.8797513296
 20
100.2785992128
 30
0.0
 10
196.8876449142
 20
100.2771819345
 30
0.0
 10
196.898637066
 20
100.2711703521
 30
0.0
 10
196.9085756992
 20
100.261649717
 30
0.0
 10
196.9205646394
 20
100.2440822782
 30
0.0
 10
196.930683803
 20
100.2159296791
 30
0.0
 10
196.9333273122
 20
100.1914397427
 30
0.0
 10
196.9333273122
 20
100.1785992128
 30
0.0
  0
SPLINE
  5
68C
100
AcDbEntity
  8
0
100
AcDbSpline
 62
7
  6
CONTINUOUS
 70
0
 71
3
 72
13
 73
9
 74
0
 42
0.0000001
 43
0.0000001
 44
0.0000000001
 40
0.0
 40
0.0
 40
0.0
 40
0.0
 40
0.3069200269
 40
0.5836740867
 40
0.704565938
 40
0.8125470217
 40
0.90960921
 40
1.0
 40
1.0
 40
1.0
 40
1.0
 10
196.9333273122
 20
99.9785992128
 30
0.0
 10
196.9333273122
 20
99.9657586708
 30
0.0
 10
196.9306837994
 20
99.9412687206
 30
0.0
 10
196.9205646228
 20
99.9131161132
 30
0.0
 10
196.9085756777
 20
99.8955486814
 30
0.0
 10
196.8986370454
 20
99.8860280621
 30
0.0
 10
196.8876449055
 20
99.8800164816
 30
0.0
 10
196.8797513271
 20
99.8785992128
 30
0.0
 10
196.8759696686
 20
99.8785992128
 30
0.0
  0
SPLINE
  5
68D
100
AcDbEntity
  8
0
100
AcDbSpline
 62
7
  6
CONTINUOUS
 70
0
 71
3
 72
11
 73
7
 74
0
 42
0.0000001
 43
0.0000001
 44
0.0000000001
 40
0.0
 40
0.0
 40
0.0
 40
0.0
 40
0.178898968
 40
0.401333555
 40
0.674322518
 40
1.0
 40
1.0
 40
1.0
 40
1.0
 10
196.5251503185
 20
99.9053840673
 30
0.0
 10
196.5262021898
 20
99.9029447384
 30
0.0
 10
196.5297230878
 20
99.8979874605
 30
0.0
 10
196.5373369062
 20
99.8914230853
 30
0.0
 10
196.5476540942
 20
99.8848676786
 30
0.0
 10
196.555593543
 20
99.8808477116
 30
0.0
 10
196.5599727564
 20
99.8787961314
 30
0.0
  0
SPLINE
  5
68E
100
AcDbEntity
  8
0
100
AcDbSpline
 62
7
  6
CONTINUOUS
 70
0
 71
3
 72
9
 73
5
 74
0
 42
0.0000001
 43
0.0000001
 44
0.0000000001
 40
0.0
 40
0.0
 40
0.0
 40
0.0
 40
0.2198436357
 40
1.0
 40
1.0
 40
1.0
 40
1.0
 10
196.5238031652
 20
99.9159532369
 30
0.0
 10
196.5238031652
 20
99.9151715829
 30
0.0
 10
196.5239546894
 20
99.9116158713
 30
0.0
 10
196.5245731208
 20
99.9080971951
 30
0.0
 10
196.5251503185
 20
99.9053840673
 30
0.0
  0
SPLINE
  5
68F
100
AcDbEntity
  8
0
100
AcDbSpline
 62
7
  6
CONTINUOUS
 70
0
 71
3
 72
13
 73
9
 74
0
 42
0.0000001
 43
0.0000001
 44
0.0000000001
 40
0.0
 40
0.0
 40
0.0
 40
0.0
 40
0.09039085
 40
0.1874531671
 40
0.295434344
 40
0.4163262259
 40
0.6930802572
 40
1.0
 40
1.0
 40
1.0
 40
1.0
 10
200.9716366619
 20
99.8785992128
 30
0.0
 10
200.9678550009
 20
99.8785992128
 30
0.0
 10
200.9599614162
 20
99.880016491
 30
0.0
 10
200.9489692644
 20
99.8860280734
 30
0.0
 10
200.9390306312
 20
99.8955487085
 30
0.0
 10
200.9270416911
 20
99.9131161473
 30
0.0
 10
200.9169225275
 20
99.9412687464
 30
0.0
 10
200.9142790182
 20
99.9657586828
 30
0.0
 10
200.9142790182
 20
99.9785992128
 30
0.0
  0
SPLINE
  5
690
100
AcDbEntity
  8
0
100
AcDbSpline
 62
7
  6
CONTINUOUS
 70
0
 71
3
 72
13
 73
9
 74
0
 42
0.0000001
 43
0.0000001
 44
0.0000000001
 40
0.0
 40
0.0
 40
0.0
 40
0.0
 40
0.3069200269
 40
0.5836740867
 40
0.704565938
 40
0.8125470217
 40
0.90960921
 40
1.0
 40
1.0
 40
1.0
 40
1.0
 10
200.9142790182
 20
100.1785992128
 30
0.0
 10
200.9142790182
 20
100.1914397547
 30
0.0
 10
200.916922531
 20
100.215929705
 30
0.0
 10
200.9270417077
 20
100.2440823123
 30
0.0
 10
200.9390306527
 20
100.2616497441
 30
0.0
 10
200.9489692851
 20
100.2711703634
 30
0.0
 10
200.959961425
 20
100.2771819439
 30
0.0
 10
200.9678550034
 20
100.2785992128
 30
0.0
 10
200.9716366619
 20
100.2785992128
 30
0.0
  0
SPLINE
  5
691
100
AcDbEntity
  8
0
100
AcDbSpline
 62
7
  6
CONTINUOUS
 70
0
 71
3
 72
11
 73
7
 74
0
 42
0.0000001
 43
0.0000001
 44
0.0000000001
 40
0.0
 40
0.0
 40
0.0
 40
0.0
 40
0.325677482
 40
0.598666445
 40
0.821101032
 40
1.0
 40
1.0
 40
1.0
 40
1.0
 10
201.2876335741
 20
99.8787961314
 30
0.0
 10
201.2920127875
 20
99.8808477116
 30
0.0
 10
201.2999522363
 20
99.8848676786
 30
0.0
 10
201.3102694242
 20
99.8914230853
 30
0.0
 10
201.3178832427
 20
99.8979874605
 30
0.0
 10
201.3214041406
 20
99.9029447384
 30
0.0
 10
201.3224560119
 20
99.9053840673
 30
0.0
  0
SPLINE
  5
692
100
AcDbEntity
  8
0
100
AcDbSpline
 62
7
  6
CONTINUOUS
 70
0
 71
3
 72
9
 73
5
 74
0
 42
0.0000001
 43
0.0000001
 44
0.0000000001
 40
0.0
 40
0.0
 40
0.0
 40
0.0
 40
0.281034219
 40
1.0
 40
1.0
 40
1.0
 40
1.0
 10
201.3224560119
 20
99.9053840673
 30
0.0
 10
201.3226638816
 20
99.9063611624
 30
0.0
 10
201.3233482331
 20
99.9098465881
 30
0.0
 10
201.3238031652
 20
99.9133976074
 30
0.0
 10
201.3238031652
 20
99.9159532369
 30
0.0
  0
SPLINE
  5
693
100
AcDbEntity
  8
0
100
AcDbSpline
 62
7
  6
CONTINUOUS
 70
0
 71
3
 72
10
 73
6
 74
0
 42
0.0000001
 43
0.0000001
 44
0.0000000001
 40
0.0
 40
0.0
 40
0.0
 40
0.0
 40
0.3654635649
 40
0.6465516544
 40
1.0
 40
1.0
 40
1.0
 40
1.0
 10
197.7104057056
 20
99.0721169005
 30
0.0
 10
197.7121630175
 20
99.0721169005
 30
0.0
 10
197.7153127612
 20
99.0722445101
 30
0.0
 10
197.7199339055
 20
99.0729169533
 30
0.0
 10
197.723174749
 20
99.0744847624
 30
0.0
 10
197.7238031652
 20
99.0760638508
 30
0.0
  0
SPLINE
  5
694
100
AcDbEntity
  8
0
100
AcDbSpline
 62
7
  6
CONTINUOUS
 70
0
 71
3
 72
10
 73
6
 74
0
 42
0.0000001
 43
0.0000001
 44
0.0000000001
 40
0.0
 40
0.0
 40
0.0
 40
0.0
 40
0.3534483456
 40
0.6345364351
 40
1.0
 40
1.0
 40
1.0
 40
1.0
 10
200.1238031652
 20
99.0760638508
 30
0.0
 10
200.1244315815
 20
99.0744847624
 30
0.0
 10
200.127672425
 20
99.0729169533
 30
0.0
 10
200.1322935692
 20
99.0722445101
 30
0.0
 10
200.135443313
 20
99.0721169005
 30
0.0
 10
200.1372006248
 20
99.0721169005
 30
0.0
  0
SPLINE
  5
695
100
AcDbEntity
  8
0
100
AcDbSpline
 62
7
  6
CONTINUOUS
 70
0
 71
3
 72
13
 73
9
 74
0
 42
0.0000001
 43
0.0000001
 44
0.0000000001
 40
0.0
 40
0.0
 40
0.0
 40
0.0
 40
0.09039085
 40
0.1874531671
 40
0.295434344
 40
0.4163262259
 40
0.6930802572
 40
1.0
 40
1.0
 40
1.0
 40
1.0
 10
201.0945094685
 20
100.2785992128
 30
0.0
 10
201.0907278075
 20
100.2785992128
 30
0.0
 10
201.0828342228
 20
100.2771819345
 30
0.0
 10
201.0718420711
 20
100.2711703521
 30
0.0
 10
201.0619034379
 20
100.261649717
 30
0.0
 10
201.0499144977
 20
100.2440822782
 30
0.0
 10
201.0397953341
 20
100.2159296791
 30
0.0
 10
201.0371518249
 20
100.1914397427
 30
0.0
 10
201.0371518249
 20
100.1785992128
 30
0.0
  0
SPLINE
  5
696
100
AcDbEntity
  8
0
100
AcDbSpline
 62
7
  6
CONTINUOUS
 70
0
 71
3
 72
13
 73
9
 74
0
 42
0.0000001
 43
0.0000001
 44
0.0000000001
 40
0.0
 40
0.0
 40
0.0
 40
0.0
 40
0.3069200269
 40
0.5836740867
 40
0.704565938
 40
0.8125470217
 40
0.90960921
 40
1.0
 40
1.0
 40
1.0
 40
1.0
 10
201.0371518249
 20
99.9785992128
 30
0.0
 10
201.0371518249
 20
99.9657586708
 30
0.0
 10
201.0397953377
 20
99.9412687206
 30
0.0
 10
201.0499145143
 20
99.9131161132
 30
0.0
 10
201.0619034593
 20
99.8955486814
 30
0.0
 10
201.0718420917
 20
99.8860280621
 30
0.0
 10
201.0828342316
 20
99.8800164816
 30
0.0
 10
201.09072781
 20
99.8785992128
 30
0.0
 10
201.0945094685
 20
99.8785992128
 30
0.0
  0
SPLINE
  5
697
100
AcDbEntity
  8
0
100
AcDbSpline
 62
9
  6
CONTINUOUS
 70
0
 71
3
 72
13
 73
9
 74
0
 42
0.0000001
 43
0.0000001
 44
0.0000000001
 40
0.0
 40
0.0
 40
0.0
 40
0.0
 40
0.318472106
 40
0.601732624
 40
0.7220107599
 40
0.8265671249
 40
0.9175284826
 40
1.0
 40
1.0
 40
1.0
 40
1.0
 10
197.6488055029
 20
98.5221169005
 30
0.0
 10
197.6488055499
 20
98.5157084726
 30
0.0
 10
197.6499935822
 20
98.5035861274
 30
0.0
 10
197.6542808941
 20
98.4895184725
 30
0.0
 10
197.659542014
 20
98.4806902586
 30
0.0
 10
197.663857449
 20
98.475951854
 30
0.0
 10
197.6686302655
 20
98.4728806024
 30
0.0
 10
197.6721436391
 20
98.4721169005
 30
0.0
 10
197.6738031652
 20
98.4721169005
 30
0.0
  0
SPLINE
  5
698
100
AcDbEntity
  8
0
100
AcDbSpline
 62
9
  6
CONTINUOUS
 70
0
 71
3
 72
13
 73
9
 74
0
 42
0.0000001
 43
0.0000001
 44
0.0000000001
 40
0.0
 40
0.0
 40
0.0
 40
0.0
 40
0.087227615
 40
0.1818669428
 40
0.2885522418
 40
0.4092930864
 40
0.688535613
 40
1.0
 40
1.0
 40
1.0
 40
1.0
 10
199.4816221951
 20
98.4721169005
 30
0.0
 10
199.483419055
 20
98.4721169005
 30
0.0
 10
199.487191276
 20
98.4728350604
 30
0.0
 10
199.4924087523
 20
98.4758575979
 30
0.0
 10
199.4971139959
 20
98.4806213588
 30
0.0
 10
199.5028085233
 20
98.4894327577
 30
0.0
 10
199.5075850328
 20
98.5035022074
 30
0.0
 10
199.5088328795
 20
98.5157008374
 30
0.0
 10
199.5088328795
 20
98.5221169005
 30
0.0
  0
SPLINE
  5
699
100
AcDbEntity
  8
0
100
AcDbSpline
 62
7
  6
CONTINUOUS
 70
0
 71
3
 72
13
 73
9
 74
0
 42
0.0000001
 43
0.0000001
 44
0.0000000001
 40
0.0
 40
0.0
 40
0.0
 40
0.0
 40
0.09039085
 40
0.1874531671
 40
0.295434344
 40
0.4163262259
 40
0.6930802572
 40
1.0
 40
1.0
 40
1.0
 40
1.0
 10
196.7530968619
 20
99.8785992128
 30
0.0
 10
196.7568785229
 20
99.8785992128
 30
0.0
 10
196.7647721076
 20
99.880016491
 30
0.0
 10
196.7757642594
 20
99.8860280734
 30
0.0
 10
196.7857028926
 20
99.8955487085
 30
0.0
 10
196.7976918327
 20
99.9131161473
 30
0.0
 10
196.8078109963
 20
99.9412687464
 30
0.0
 10
196.8104545056
 20
99.9657586828
 30
0.0
 10
196.8104545056
 20
99.9785992128
 30
0.0
  0
SPLINE
  5
69A
100
AcDbEntity
  8
0
100
AcDbSpline
 62
7
  6
CONTINUOUS
 70
0
 71
3
 72
13
 73
9
 74
0
 42
0.0000001
 43
0.0000001
 44
0.0000000001
 40
0.0
 40
0.0
 40
0.0
 40
0.0
 40
0.3069200269
 40
0.5836740867
 40
0.704565938
 40
0.8125470217
 40
0.90960921
 40
1.0
 40
1.0
 40
1.0
 40
1.0
 10
196.8104545056
 20
100.1785992128
 30
0.0
 10
196.8104545056
 20
100.1914397547
 30
0.0
 10
196.8078109928
 20
100.215929705
 30
0.0
 10
196.7976918161
 20
100.2440823123
 30
0.0
 10
196.7857028711
 20
100.2616497441
 30
0.0
 10
196.7757642387
 20
100.2711703634
 30
0.0
 10
196.7647720988
 20
100.2771819439
 30
0.0
 10
196.7568785204
 20
100.2785992128
 30
0.0
 10
196.7530968619
 20
100.2785992128
 30
0.0
  0
SPLINE
  5
69B
100
AcDbEntity
  8
0
100
AcDbSpline
 62
9
  6
CONTINUOUS
 70
0
 71
3
 72
13
 73
9
 74
0
 42
0.0000001
 43
0.0000001
 44
0.0000000001
 40
0.0
 40
0.0
 40
0.0
 40
0.0
 40
0.3114643869
 40
0.5907069136
 40
0.7114477582
 40
0.8181330572
 40
0.912772385
 40
1.0
 40
1.0
 40
1.0
 40
1.0
 10
198.338773451
 20
98.5221169005
 30
0.0
 10
198.338773451
 20
98.5157008374
 30
0.0
 10
198.3400212977
 20
98.5035022074
 30
0.0
 10
198.3447978071
 20
98.4894327577
 30
0.0
 10
198.3504923346
 20
98.4806213588
 30
0.0
 10
198.3551975781
 20
98.4758575979
 30
0.0
 10
198.3604150544
 20
98.4728350604
 30
0.0
 10
198.3641872754
 20
98.4721169005
 30
0.0
 10
198.3659841354
 20
98.4721169005
 30
0.0
  0
SPLINE
  5
69C
100
AcDbEntity
  8
0
100
AcDbSpline
 62
9
  6
CONTINUOUS
 70
0
 71
3
 72
13
 73
9
 74
0
 42
0.0000001
 43
0.0000001
 44
0.0000000001
 40
0.0
 40
0.0
 40
0.0
 40
0.0
 40
0.0824715251
 40
0.1734328852
 40
0.2779892466
 40
0.398267375
 40
0.6815278805
 40
1.0
 40
1.0
 40
1.0
 40
1.0
 10
200.1738031652
 20
98.4721169005
 30
0.0
 10
200.1754626916
 20
98.4721169005
 30
0.0
 10
200.1789760657
 20
98.4728806022
 30
0.0
 10
200.1837488831
 20
98.4759518532
 30
0.0
 10
200.1880643191
 20
98.4806902572
 30
0.0
 10
200.1933254405
 20
98.4895184705
 30
0.0
 10
200.1976127541
 20
98.5035861258
 30
0.0
 10
200.1988007868
 20
98.5157084719
 30
0.0
 10
200.1988008339
 20
98.5221169005
 30
0.0
  0
SPLINE
  5
69D
100
AcDbEntity
  8
0
100
AcDbSpline
 62
7
  6
CONTINUOUS
 70
0
 71
3
 72
11
 73
7
 74
0
 42
0.0000001
 43
0.0000001
 44
0.0000000001
 40
0.0
 40
0.0
 40
0.0
 40
0.0
 40
0.3084547068
 40
0.5526225515
 40
0.7675087456
 40
1.0
 40
1.0
 40
1.0
 40
1.0
 10
197.7238031652
 20
98.9379047017
 30
0.0
 10
197.7235687053
 20
98.9355480925
 30
0.0
 10
197.7228293924
 20
98.9313368382
 30
0.0
 10
197.7201394007
 20
98.9259294603
 30
0.0
 10
197.7157105426
 20
98.9226272639
 30
0.0
 10
197.7121907195
 20
98.9221169005
 30
0.0
 10
197.7104057056
 20
98.9221169005
 30
0.0
  0
SPLINE
  5
69E
100
AcDbEntity
  8
0
100
AcDbSpline
 62
7
  6
CONTINUOUS
 70
0
 71
3
 72
11
 73
7
 74
0
 42
0.0000001
 43
0.0000001
 44
0.0000000001
 40
0.0
 40
0.0
 40
0.0
 40
0.0
 40
0.2324912544
 40
0.4473774485
 40
0.6915452932
 40
1.0
 40
1.0
 40
1.0
 40
1.0
 10
200.1372006248
 20
98.9221169005
 30
0.0
 10
200.1354156109
 20
98.9221169005
 30
0.0
 10
200.1318957878
 20
98.9226272639
 30
0.0
 10
200.1274669297
 20
98.9259294603
 30
0.0
 10
200.1247769381
 20
98.9313368382
 30
0.0
 10
200.1240376251
 20
98.9355480925
 30
0.0
 10
200.1238031652
 20
98.9379047017
 30
0.0
  0
ELLIPSE
  5
69F
100
AcDbEntity
  8
0
100
AcDbEllipse
 62
7
  6
CONTINUOUS
 10
226.790956124
 20
100.5516292351
 30
0.0
 11
0.1
 21
-0.0
 31
0.0
 40
0.1379310345
 41
-2.181661565
 42
-0.6108652382
  0
ELLIPSE
  5
6A0
100
AcDbEntity
  8
0
100
AcDbEllipse
 62
7
  6
CONTINUOUS
 10
199.790956124
 20
100.5516292351
 30
0.0
 11
0.1
 21
0.0
 31
0.0
 40
0.1379310345
 41
-2.181661565
 42
-0.6108652382
  0
ENDSEC
  0
SECTION
  2
OBJECTS
  0
DICTIONARY
  5
C
100
AcDbDictionary
280
0
281
1
  3
ACAD_GROUP
350
D
  3
ACAD_MLINESTYLE
350
17
  3
ACAD_LAYOUT
350
1A
  3
ACAD_PLOTSETTINGS
350
19
  3
ACAD_PLOTSTYLENAME
350
E
  3
ACAD_IMAGE_DICT
350
       6A3
  3
ACAD_IMAGE_VARS
350
       6A4
  0
IMAGEDEF_REACTOR
  5
6A1
100
AcDbRasterImageDefReactor
 90
2
330
290
  0
IMAGEDEF_REACTOR
  5
6A2
100
AcDbRasterImageDefReactor
 90
2
330
291
  0
DICTIONARY
  5
D
102
{ACAD_REACTORS
330
C
102
}
100
AcDbDictionary
280
0
281
1
  0
ACDBDICTIONARYWDFLT
  5
E
102
{ACAD_REACTORS
330
C
102
}
100
AcDbDictionary
281
1
  3
Normal
350
F
100
AcDbDictionaryWithDefault
340
F
  0
DICTIONARY
  5
6A3
330
C
100
AcDbDictionary
281
1
  3
G3B_charge-pcb_img_1
350
       6A7
  3
G3B_charge-pcb_img_2
350
       6A8
  0
RASTERVARIABLES
  5
6A4
330
C
100
AcDbRasterVariables
 90
0
 70
0
 71
1
 72
1
  0
DICTIONARY
  5
17
102
{ACAD_REACTORS
330
C
102
}
100
AcDbDictionary
280
0
281
1
  3
Standard
350
18
  0
DICTIONARY
  5
19
102
{ACAD_REACTORS
330
C
102
}
100
AcDbDictionary
281
1
  0
DICTIONARY
  5
1A
102
{ACAD_REACTORS
330
C
102
}
100
AcDbDictionary
281
1
  3
Model
350
6A5
  3
Layout1
350
6A6
  0
ACDBPLACEHOLDER
  5
F
102
{ACAD_REACTORS
330
E
102
}
  0
MLINESTYLE
  5
18
102
{ACAD_REACTORS
330
17
102
}
100
AcDbMlineStyle
  2
STANDARD
 70
0
  3

 62
256
 51
90.0
 52
90.0
 71
2
 49
0.5
 62
256
  6
BYLAYER
 49
-0.5
 62
256
  6
BYLAYER
  0
LAYOUT
  5
6A5
102
{ACAD_REACTORS
330
1A
102
}
100
AcDbPlotSettings
  1

  2
none_device
  4
ISO_A4_(297.00_x_210.00_MM)
  6

 40
0.0
 41
0.0
 42
0.0
 43
0.0
 44
297.0
 45
210.0
 46
0.0
 47
0.0
 48
0.0
 49
0.0
140
0.0
141
0.0
142
1.0
143
1.0
 70
1024
 72
1
 73
0
 74
0
  7

 75
0
147
1.0
148
0.0
149
0.0
100
AcDbLayout
  1
Model
 70
0
 71
0
 10
0.0
 20
0.0
 11
297.0
 21
210.0
 12
0.0
 22
0.0
 32
0.0
 14
0.0
 24
0.0
 34
0.0
 15
0.0
 25
0.0
 35
0.0
146
0.0
 13
0.0
 23
0.0
 33
0.0
 16
1.0
 26
0.0
 36
0.0
 17
0.0
 27
1.0
 37
0.0
 76
0
330
22D
345
0
346
0
  0
LAYOUT
  5
6A6
102
{ACAD_REACTORS
330
1A
102
}
100
AcDbPlotSettings
  1

  2
none_device
  4
ISO_A4_(297.00_x_210.00_MM)
  6

 40
0.0
 41
0.0
 42
0.0
 43
0.0
 44
297.0
 45
210.0
 46
0.0
 47
0.0
 48
0.0
 49
0.0
140
0.0
141
0.0
142
1.0
143
1.0
 70
0
 72
1
 73
0
 74
0
  7

 75
0
147
1.0
148
0.0
149
0.0
100
AcDbLayout
  1
Layout1
 70
0
 71
1
 10
0.0
 20
0.0
 11
297.0
 21
210.0
 12
0.0
 22
0.0
 32
0.0
 14
0.0
 24
0.0
 34
0.0
 15
0.0
 25
0.0
 35
0.0
146
0.0
 13
0.0
 23
0.0
 33
0.0
 16
1.0
 26
0.0
 36
0.0
 17
0.0
 27
1.0
 37
0.0
 76
0
330
22E
345
0
346
0
  0
IMAGEDEF
  5
6A7
102
{ACAD_REACTORS
330
6A3
330
6A1
102
}
100
AcDbRasterImageDef
 90
0
  1
G3B_charge-pcb_img_1.png
 10
230.0
 20
51.0
 11
0.1693333333
 21
0.1693333333
280
1
281
0
  0
IMAGEDEF
  5
6A8
102
{ACAD_REACTORS
330
6A3
330
6A2
102
}
100
AcDbRasterImageDef
 90
0
  1
G3B_charge-pcb_img_2.png
 10
230.0
 20
51.0
 11
0.1693333333
 21
0.1693333333
280
1
281
0
  0
ENDSEC
  0
EOF
