        Generalplus 6502 Assembler - Version 1.7.1.0  
              Listing File Has Been Relocated

     1                              ;==========================================================================
     2                              ; 文件名: ADC.asm
     3                              ; 描述  : 电池电压检测模块（6502 汇编）
     4                              ;         使用 ADC 通过 PB7 采集分压后的电池电压（分压比 2:1），
     5                              ;         VREF = 3.2V，VSS 零偏校准。
     6                              ;         公式: voltage = ((LineIn - VSS) * 3.2V) / (0xFFF - VSS)
     7                              ; 历史:
     8                              ;   1.0  2026/04/01  初始版本（替换原 ADC.c）
     9                              ;==========================================================================
    10                              ;==========================================
    11                              ; 编译器参数
    12                              ;==========================================
    13                              .SYNTAX		6502
    14                              .LINKLIST
    15                              .SYMBOLS
    16                              
    17                              ;==========================================
    18                              ; Include
    19                              ;==========================================
    20                              .INCLUDE	GPL815P.inc
    21                      <       	.IFDEF		GPL815_SERIES
    22                      <       
    23                      <       ;---------------------------------
    24                      <       GPL815P02Ax		.EQU		1
    25                      <       ;---------------------------------
    26                      <       
    27                      <       .ifndef GPL815P_Body_inc
    28                      <       GPL815P_Body_inc:    .EQU    1
    29                      <       ;==================================================================================
    30                      <       ; The information contained herein is the exclusive property of
    31                      <       ; Generalplus Technology Co. And shall not be distributed, reproduced,
    32                      <       ; or disclosed in whole in part without prior written permission.
    33                      <       ;       (C) COPYRIGHT 2014   Generalplus TECHNOLOGY CO.                            
    34                      <       ;                   ALL RIGHTS RESERVED
    35                      <       ; The entire notice above must be reproduced on all authorized copies.
    36                      <       ;==================================================================================
    37                      <       ;==================================================================================
    38                      <       ; Program Name: GPL815P series register declare
    39                      <       ; Applied body:  
    40                      <       ; Programmer  : Frank Kung
    41                      <       ; Description : 
    42                      <       ;             : V0.1
    43                      <       ; History version
    44                      <       ; Rev #  Date         Who         Comments
    45                      <       ; -----  -----------  --------    ---------------------------------------------------
    46                      <       ; 0.1    2024/08/19   Frank Kung    release
    47                      <       ; 0.2    2025/03/31   Frank Kung    Add Body :   GPL815P02Ax
    48                      <       ;==================================================================================
    49                      <       ;==================================================================================
    50                      <       
    51                      <       P_System_Ctrl_Base:                     .EQU    $3000
    52                      <       P_IO_Ctrl_Base:                         .EQU    $3080
    53                      <       P_INT_Ctrl_Base:                        .EQU    $30C0
    54                      <       P_TIMER_Ctrl_Base:                      .EQU    $3110
    55                      <       P_UART_Ctrl_Base:						.EQU	$3150
    56                      <       P_SPI_Ctrl_Base:                        .EQU    $3180
    57                      <       P_SWT_Ctrl_Base:                        .EQU    $3200
    58                      <       P_ADC_Ctrl_Base:                        .EQU    $3340 
    59                      <       P_I2C_Ctrl_Base:                        .EQU    $3360 
    60                      <       P_Buzzer_Ctrl_Base:						.EQU    $3371
    61                      <       P_AUX_Ctrl_Base:                        .EQU    $33D0
    62                      <       P_LCD_Ctrl_Base:                        .EQU    $3450
    63                      <       P_PWMIO_Ctrl_Base:                      .EQU    $3490
    64                      <       P_RFC_Ctrl_Base:						.EQU	$34C0
    65                      <       
    66                      <       
    67                      <           .IFNDEF GPL815P04Ax
    68                      <           GPL815P04Ax: .EQU    0
    69                      <           .ENDIF 
    70                      <           
    71                      <           .IFNDEF GPL815P04Ax_16KB
    72                      <           GPL815P04Ax_16KB: .EQU    0
    73                      <           .ENDIF     
    74                      <           
    75                      <           .IFNDEF GPL815P04Bx
    76                      <           GPL815P04Bx: .EQU    0
    77                      <           .ENDIF    
    78                      <           
    79                      <           .IFNDEF GPL815P04Bx_15KB
    80                      <           GPL815P04Bx_15KB: .EQU    0
    81                      <           .ENDIF         
    82                      <           
    83                      <           .IFNDEF GPL815P03Ax
    84                      <           GPL815P03Ax: .EQU    0
    85                      <           .ENDIF     
    86                      <             
    87                      <           .IFNDEF GPL815P03Bx
    88                      <           GPL815P03Bx: .EQU    0
    89                      <           .ENDIF   
    90                      <           
    91                      <           .IFNDEF GPL815P02Ax
    92                      <           GPL815P02Ax: .EQU    0
    93                      <           .ENDIF       
    94                      <       
    95                      <           
    96                      <       .IF (GPL815P04Ax+GPL815P04Ax_16KB+GPL815P04Bx+GPL815P04Bx_15KB+GPL815P03Ax+GPL815P03Bx+GPL815P02Ax)
    97                      <       GPL815P      .EQU    1
    98                      <       .ENDIF
    99                      <       
   100                      <       	.IFDEF GPL815P
   101                      <       ;===============================================================
   102                      <       ;               System base Control Registers
   103                      <       ;               Base Address Start from 0x3000 
   104                      <       ;===============================================================
   105                      <       ;==============  BANK Register  =============
   106                      <       P_BANK_Sel:                     .EQU    P_System_Ctrl_Base+0x00 ;$0x3000
   107                      <       
   108                      <       ;==========  CPU & Clock Register  ==========
   109                      <       P_CLK_IOSC_Ctrl:                 .EQU    P_System_Ctrl_Base+0x07 ;$0x3007
   110                      <       	D_CPUSysClkDiv1:				.EQU	00000000B
   111                      <       	D_CPUSysClkDiv2:				.EQU	00000001B
   112                      <       	D_CPUSysClkDiv4:				.EQU	00000010B
   113                      <       	D_CPUSysClkDiv8:				.EQU	00000011B
   114                      <       	D_SYS32K:						.EQU	00000000B
   115                      <       	D_SYS2M:						.EQU	00010000B
   116                      <       	D_SYS4M:						.EQU	00100000B
   117                      <       	D_SYS8M:						.EQU	00110000B	
   118                      <       	
   119                      <       P_SLP_Ctrl:						.EQU    P_System_Ctrl_Base+0x09 ;$0x3009
   120                      <       	D_SleepMode:					.EQU	01011010B
   121                      <       	D_GreenMode:					.EQU	10100101B
   122                      <       	
   123                      <       ;================  LVD Ctrl  ================
   124                      <       P_LVD_Ctrl:                     .EQU    P_System_Ctrl_Base+0x0A ;$0x300A
   125                      <       	D_LVDEn:						.EQU	10000000B
   126                      <       	D_LVDStatus:					.EQU	00100000B
   127                      <       	D_LVD2P1V:						.EQU	00000000B	
   128                      <       	D_LVD2P4V:						.EQU	00000001B	
   129                      <       	D_LVD3P0V:						.EQU	00000010B	
   130                      <       	D_LVD3P3V:						.EQU	00000011B	
   131                      <       	D_LVDLevelMask:					.EQU	00000011B	
   132                      <       		
   133                      <       ;===========  Watch Dog Register  ===========
   134                      <       P_WDT_Clear:					.EQU    P_System_Ctrl_Base+0x0B ;$0x300B
   135                      <       
   136                      <       ;=============  Reset Register  =============
   137                      <       P_RESET_Ctrl:					.EQU    P_System_Ctrl_Base+0x0C ;$0x300C
   138                      <       	D_LVRResetEn:					.EQU	00000001B
   139                      <       	D_IllegalAddrResetEn:			.EQU	00000010B
   140                      <       	D_SWResetEn:					.EQU	00000100B
   141                      <       	D_WDTResetEn:					.EQU	00001000B	
   142                      <       	
   143                      <       P_RESET_Status:					.EQU    P_System_Ctrl_Base+0x0D ;$0x300D
   144                      <       	D_LVRResetFlag:					.EQU	00000001B
   145                      <       	D_IllegalAddrResetFlag:			.EQU	00000010B
   146                      <       	D_SWResetFlag:					.EQU	00000100B
   147                      <       	D_WDTResetFlag:					.EQU	00001000B
   148                      <       	
   149                      <       
   150                      <       ;===============================================================
   151                      <       ;               IO base Control Registers
   152                      <       ;               Base Address Start from 0x3080 
   153                      <       ;=============================================================== 
   154                      <       ;===============  IO Register  ==============
   155                      <       P_IO_Ctrl1:                      .EQU    P_IO_Ctrl_Base+0x00     ;$0x3080
   156                      <       	D_IRDuty2:						.EQU	00000000B
   157                      <       	D_IRDuty3:						.EQU	00000010B
   158                      <       	D_IRDuty4:						.EQU	00000100B
   159                      <       	D_IRDuty5:						.EQU	00000110B	
   160                      <       	D_IREn:							.EQU	00001000B
   161                      <       	D_ExtI1Edge:					.EQU	00010000B
   162                      <       	D_ExtI1En:						.EQU	00100000B
   163                      <       	D_ExtI2Edge:					.EQU	01000000B
   164                      <       	D_ExtI2En:						.EQU	10000000B
   165                      <       	
   166                      <       P_IO_Ctrl2:                      .EQU    P_IO_Ctrl_Base+0x01     ;$0x3081
   167                      <       	D_RFC1En:						.EQU	00000001B
   168                      <       	D_RFC2En:						.EQU	00000010B	
   169                      <       	D_RFC1OutEn:					.EQU	00000100B
   170                      <       	D_RFC2OutEn:					.EQU	00001000B
   171                      <       	D_PA32KOutEn:					.EQU	01000000B
   172                      <       	D_PD32KOutEn:					.EQU	10000000B
   173                      <       	
   174                      <       P_IO_RFC_Ctrl:                   .EQU    P_IO_Ctrl_Base+0x02     ;$0x3082
   175                      <       	D_REF2En:						.EQU	00000001B
   176                      <       	D_SEN2AEn:						.EQU	00000010B
   177                      <       	D_SEN2BEn:						.EQU	00001000B	
   178                      <       	D_REF1En:						.EQU	00010000B
   179                      <       	D_SEN1AEn:						.EQU	00100000B
   180                      <       	D_SEN1BEn:						.EQU	10000000B
   181                      <       	
   182                      <       P_IO_LCDPORT_Ctrl:              .EQU    P_IO_Ctrl_Base+0x03     ;$0x3083
   183                      <       	D_PCEn:							.EQU	00000001B	
   184                      <       	D_PDEn:							.EQU	00000010B
   185                      <       	D_PEEn:							.EQU	00000100B
   186                      <       	D_ShiftSeg0:					.EQU	00000000B
   187                      <       	D_ShiftSeg8:					.EQU	00010000B
   188                      <       	D_ShiftSeg16:					.EQU	00100000B
   189                      <       	D_ShiftSeg24:					.EQU	00110000B	
   190                      <       		
   191                      <       P_IO_KeyChange_Ctrl1:           .EQU    P_IO_Ctrl_Base+0x04     ;$0x3084
   192                      <       P_IO_KeyChange_Ctrl2:           .EQU    P_IO_Ctrl_Base+0x05     ;$0x3085
   193                      <       
   194                      <       P_IO_PB_LINEN_Ctrl:				.EQU    P_IO_Ctrl_Base+0x06     ;$0x3086
   195                      <       
   196                      <       P_IO_PortA_Dir:                 .EQU    P_IO_Ctrl_Base+0x08     ;$0x3088
   197                      <       P_IO_PortA_Attrib:              .EQU    P_IO_Ctrl_Base+0x09     ;$0x3089
   198                      <       P_IO_PortA_Data:                .EQU    P_IO_Ctrl_Base+0x0A     ;$0x308A
   199                      <       P_IO_PortA_Buffer:              .EQU    P_IO_Ctrl_Base+0x0B     ;$0x308B
   200                      <       P_IO_PortA_SMT_En:				.EQU    P_IO_Ctrl_Base+0x0C     ;$0x308C
   201                      <       
   202                      <       P_IO_PortB_Dir:                 .EQU    P_IO_Ctrl_Base+0x10     ;$0x3090
   203                      <       P_IO_PortB_Attrib:              .EQU    P_IO_Ctrl_Base+0x11     ;$0x3091
   204                      <       P_IO_PortB_Data:                .EQU    P_IO_Ctrl_Base+0x12     ;$0x3092
   205                      <       P_IO_PortB_Buffer:              .EQU    P_IO_Ctrl_Base+0x13     ;$0x3093
   206                      <       P_IO_PortB_SMT_En:				.EQU    P_IO_Ctrl_Base+0x14     ;$0x3094
   207                      <       	
   208                      <       P_IO_PortC_Dir:                 .EQU    P_IO_Ctrl_Base+0x18     ;$0x3098
   209                      <       P_IO_PortC_Attrib:              .EQU    P_IO_Ctrl_Base+0x19     ;$0x3099
   210                      <       P_IO_PortC_Data:                .EQU    P_IO_Ctrl_Base+0x1A     ;$0x309A
   211                      <       P_IO_PortC_Buffer:              .EQU    P_IO_Ctrl_Base+0x1B     ;$0x309B
   212                      <       P_IO_PortC_SMT_En:				.EQU    P_IO_Ctrl_Base+0x1C     ;$0x309C
   213                      <       
   214                      <       P_IO_PortD_Dir:                 .EQU    P_IO_Ctrl_Base+0x20     ;$0x30A0
   215                      <       P_IO_PortD_Attrib:              .EQU    P_IO_Ctrl_Base+0x21     ;$0x30A1
   216                      <       P_IO_PortD_Data:                .EQU    P_IO_Ctrl_Base+0x22     ;$0x30A2
   217                      <       P_IO_PortD_Buffer:              .EQU    P_IO_Ctrl_Base+0x23     ;$0x30A3
   218                      <       P_IO_PortD_SMT_En:				.EQU    P_IO_Ctrl_Base+0x24     ;$0x30A4
   219                      <       
   220                      <       P_IO_PortE_Dir:                 .EQU    P_IO_Ctrl_Base+0x28     ;$0x30A8
   221                      <       P_IO_PortE_Attrib:              .EQU    P_IO_Ctrl_Base+0x29     ;$0x30A9
   222                      <       P_IO_PortE_Data:                .EQU    P_IO_Ctrl_Base+0x2A     ;$0x30AA
   223                      <       P_IO_PortE_Buffer:              .EQU    P_IO_Ctrl_Base+0x2B     ;$0x30AB
   224                      <       P_IO_PortE_SMT_En:				.EQU    P_IO_Ctrl_Base+0x2C     ;$0x30AC
   225                      <       	
   226                      <       
   227                      <       P_IO_Ctrl3:                     .EQU    P_IO_Ctrl_Base+0x30     ;$0x30B0
   228                      <       	D_PFEn:							.EQU	00000001B
   229                      <       	D_PGEn:							.EQU	00000010B
   230                      <       
   231                      <       P_IO_PortF_Buffer:				.EQU    P_IO_Ctrl_Base+0x31     ;$0x30B1
   232                      <       P_IO_PortG_Buffer:				.EQU    P_IO_Ctrl_Base+0x32     ;$0x30B2	
   233                      <       ;===============================================================
   234                      <       ;               Interrupt base Control Registers
   235                      <       ;               Base Address Start from 0x30C0 
   236                      <       ;=============================================================== 
   237                      <       ;============  INT/NMI Register  ============
   238                      <       P_NMI_Ctrl:                     .EQU    P_INT_Ctrl_Base+0x00    ;$0x30C0 
   239                      <       	D_LVDNMIEn:						.EQU	00000001B
   240                      <       	D_TM1NMIEn:						.EQU	00000010B
   241                      <       	D_TM0NMIEn:						.EQU	00000100B	
   242                      <       	D_ILLADRNMIEn:					.EQU	00010000B
   243                      <       	
   244                      <       P_NMI_Status:                   .EQU    P_INT_Ctrl_Base+0x01    ;$0x30C1
   245                      <       	D_LVDNMIFlag:						.EQU	00000001B
   246                      <       	D_TM1NMIFlag:						.EQU	00000010B
   247                      <       	D_TM0NMIFlag:						.EQU	00000100B	
   248                      <       	D_ILLADRNMIFlag:					.EQU	00010000B	
   249                      <       	
   250                      <       P_INT_Ctrl1:                    .EQU    P_INT_Ctrl_Base+0x02    ;$0x30C2
   251                      <       	D_FPIntEn:						.EQU	00000001B
   252                      <       	D_SPIInt_En:					.EQU	00000010B
   253                      <       	D_TM0IntEn:						.EQU	10000000B	
   254                      <       	
   255                      <       P_INT_Ctrl2:                    .EQU    P_INT_Ctrl_Base+0x03    ;$0x30C3   
   256                      <       	D_ExtI1IntEn:					.EQU	00000001B	
   257                      <       	D_ExtI2IntEn:					.EQU	00000010B
   258                      <       	D_TBLIntEn:						.EQU	00000100B
   259                      <       	D_TBHIntEn:						.EQU	00001000B	
   260                      <       	D_KeyIntEn:						.EQU	00010000B		
   261                      <       	D_TM1IntEn:						.EQU	00100000B
   262                      <       	D_RFCTM0IntEn:					.EQU	01000000B
   263                      <       	D_RFCTM1IntEn:					.EQU	10000000B
   264                      <       		
   265                      <       P_INT_Ctrl3:                    .EQU    P_INT_Ctrl_Base+0x04    ;$0x30C4 
   266                      <       	D_LVDIntEn:						.EQU	00000001B	
   267                      <       	D_ADCIntEn:						.EQU	00000010B
   268                      <       	D_UARTIntEn:					.EQU	00000100B
   269                      <       	D_SWTIntEn:						.EQU	00001000B
   270                      <       	D_I2CIntEn:						.EQU	00010000B
   271                      <       	D_PWMTMIntEn:					.EQU	00100000B
   272                      <       	D_CaptureIntEn:					.EQU	01000000B	
   273                      <       	
   274                      <       P_INT_Status1:            		.EQU    P_INT_Ctrl_Base+0x0A    ;$0x30CA 
   275                      <       	D_FP_Flag:						.EQU	00000001B
   276                      <       	D_SPI_Flag:						.EQU	00000010B
   277                      <       	D_TM0_Flag:						.EQU	10000000B	
   278                      <       	
   279                      <       P_INT_Status2:            		.EQU    P_INT_Ctrl_Base+0x0B    ;$0x30CB
   280                      <       	D_EXT1_Flag:					.EQU	00000001B
   281                      <       	D_EXT2_Flag:					.EQU	00000010B
   282                      <       	D_TBL_Flag:						.EQU	00000100B
   283                      <       	D_TBH_Flag:						.EQU	00001000B
   284                      <       	D_Key_Flag:						.EQU	00010000B
   285                      <       	D_TM1_Flag:						.EQU	00100000B
   286                      <       	D_RFCTM0_Flag:					.EQU	01000000B	
   287                      <       	D_RFCTM1_Flag:					.EQU	10000000B
   288                      <       	
   289                      <       P_INT_Status3:            		.EQU    P_INT_Ctrl_Base+0x0C    ;$0x30CC
   290                      <       	D_LVD_Flag:						.EQU	00000001B	
   291                      <       	D_ADC_Flag:						.EQU	00000010B
   292                      <       	D_UART_Flag:					.EQU	00000100B
   293                      <       	D_SWT_Flag:						.EQU	00001000B
   294                      <       	D_I2C_Flag:						.EQU	00010000B
   295                      <       	D_PWMTM_Flag:					.EQU	00100000B
   296                      <       	D_Capture_Flag:					.EQU	01000000B
   297                      <       	
   298                      <       P_INT_FP_Clear:					.EQU    P_INT_Ctrl_Base+0x10    ;$0x30D0 
   299                      <       P_INT_SPI_Clear:				.EQU    P_INT_Ctrl_Base+0x11    ;$0x30D1
   300                      <       P_INT_TM0_Clear:				.EQU    P_INT_Ctrl_Base+0x17    ;$0x30D7
   301                      <       P_INT_EXT1_Clear:				.EQU    P_INT_Ctrl_Base+0x18    ;$0x30D8
   302                      <       P_INT_EXT2_Clear:				.EQU    P_INT_Ctrl_Base+0x19    ;$0x30D9
   303                      <       P_INT_TBL_Clear:				.EQU    P_INT_Ctrl_Base+0x1A    ;$0x30DA 
   304                      <       P_INT_TBH_Clear:				.EQU    P_INT_Ctrl_Base+0x1B    ;$0x30DB 
   305                      <       P_INT_KEY_Clear:				.EQU    P_INT_Ctrl_Base+0x1C    ;$0x30DC
   306                      <       P_INT_TM1_Clear:				.EQU    P_INT_Ctrl_Base+0x1D    ;$0x30DD
   307                      <       P_INT_RFCTM0_Clear:				.EQU	P_INT_Ctrl_Base+0x1E    ;$0x30DE
   308                      <       P_INT_RFCTM1_Clear:				.EQU	P_INT_Ctrl_Base+0x1F    ;$0x30DF	
   309                      <       P_INT_LVD_Clear:				.EQU    P_INT_Ctrl_Base+0x20    ;$0x30E0
   310                      <       P_INT_ADC_Clear:				.EQU    P_INT_Ctrl_Base+0x21    ;$0x30E1
   311                      <       P_INT_UART_Clear:				.EQU    P_INT_Ctrl_Base+0x22    ;$0x30E2
   312                      <       P_INT_SWT_Clear:				.EQU    P_INT_Ctrl_Base+0x23    ;$0x30E3
   313                      <       P_INT_I2C_Clear:				.EQU    P_INT_Ctrl_Base+0x24    ;$0x30E4
   314                      <       P_INT_PWMTM_Clear:				.EQU    P_INT_Ctrl_Base+0x25    ;$0x30E5
   315                      <       P_INT_Capture_Clear:			.EQU    P_INT_Ctrl_Base+0x26    ;$0x30E6
   316                      <       P_NMI_LVD_Clear:				.EQU    P_INT_Ctrl_Base+0x30    ;$0x30F0
   317                      <       P_NMI_TM1_Clear:				.EQU    P_INT_Ctrl_Base+0x31    ;$0x30F1
   318                      <       P_NMI_TM0_Clear:				.EQU    P_INT_Ctrl_Base+0x32    ;$0x30F2
   319                      <       P_NMI_ILLADDR_Clear:			.EQU    P_INT_Ctrl_Base+0x34    ;$0x30F4
   320                      <       
   321                      <       
   322                      <       ;===============================================================
   323                      <       ;               TIME base Control Registers
   324                      <       ;               Base Address Start from 0x3110 
   325                      <       ;=============================================================== 
   326                      <       ;=============  Timer Register  =============
   327                      <       P_TIMER_TimeBase_Ctrl1:         .EQU    P_TIMER_Ctrl_Base+0x00  ;$0x3110
   328                      <       	D_TBRUN:						.EQU	00000001B
   329                      <       	D_TBRST:						.EQU	00010000B
   330                      <       	
   331                      <       P_TIMER_TimeBase_CNT:           .EQU    P_TIMER_Ctrl_Base+0x01  ;$0x3111
   332                      <       
   333                      <       P_TIMER_TimeBase_Ctrl2:		    .EQU    P_TIMER_Ctrl_Base+0x02  ;$0x3112
   334                      <       	D_1KHzEn:						.EQU	00000001B	
   335                      <       	D_512HzEn:						.EQU	00000010B	
   336                      <       	D_256HzEn:						.EQU	00000100B
   337                      <       	D_128HzEn:						.EQU	00001000B	
   338                      <       	D_32HzEn:						.EQU	00010000B	
   339                      <       	D_8HzEn:						.EQU	00100000B
   340                      <       	D_2HzEn:						.EQU	01000000B	
   341                      <       	D_1HzEn:						.EQU	10000000B	
   342                      <       	
   343                      <       P_TIMER_TimeBase_Status:            .EQU    P_TIMER_Ctrl_Base+0x03  ;$0x3113
   344                      <       	D_1KHz_Flag:					.EQU	00000001B	
   345                      <       	D_512Hz_Flag:					.EQU	00000010B	
   346                      <       	D_256Hz_Flag:					.EQU	00000100B
   347                      <       	D_128Hz_Flag:					.EQU	00001000B	
   348                      <       	D_32Hz_Flag:					.EQU	00010000B	
   349                      <       	D_8Hz_Flag:						.EQU	00100000B
   350                      <       	D_2Hz_Flag:						.EQU	01000000B	
   351                      <       	D_1Hz_Flag:						.EQU	10000000B
   352                      <       		
   353                      <       P_TIMER_EN:						.EQU	P_TIMER_Ctrl_Base+0x04  ;$0x3114
   354                      <       	D_TM0En:						.EQU	00000001B
   355                      <       	D_TM1En:						.EQU	00000010B
   356                      <       	
   357                      <       P_TIMER_Timer_Ctrl:         	.EQU    P_TIMER_Ctrl_Base+0x05  ;$0x3115	
   358                      <       	D_TM1stop:						.EQU	00000000B
   359                      <       	D_TM1ClkSysClk:					.EQU	00000001B
   360                      <       	D_TM1Clk32K:					.EQU	00000010B
   361                      <       	D_TM1ClkTM0:					.EQU	00000011B
   362                      <       	
   363                      <       	D_TM0Stop:						.EQU	00000000B
   364                      <       	D_TM0AClkSysClk:				.EQU	00100000B
   365                      <       	D_TM0AClk32K:					.EQU	01000000B
   366                      <       	D_TM0AClkEXT1:					.EQU	01100000B	
   367                      <       	D_TM0AClkEXT2:					.EQU	10000000B
   368                      <       	
   369                      <       	D_TM0BClkVDD:					.EQU	00000000B
   370                      <       	D_TM0BClkEXT1:					.EQU	00001000B
   371                      <       	D_TM0BClkEXT2:					.EQU	00001100B
   372                      <       	D_TM0BClk2Hz:					.EQU	00010000B	
   373                      <       	D_TM0BClk8Hz:					.EQU	00010100B
   374                      <       	D_TM0BClk32Hz:					.EQU	00011000B
   375                      <       	D_TM0BClk64Hz:					.EQU	00011100B	
   376                      <       
   377                      <       
   378                      <       P_TIMER_TM0Data_LB:             .EQU    P_TIMER_Ctrl_Base+0x08  ;$0x3118
   379                      <       P_TIMER_TM0Data_HB:             .EQU    P_TIMER_Ctrl_Base+0x09  ;$0x3119
   380                      <       P_TIMER_TM0CntData_LB:          .EQU    P_TIMER_Ctrl_Base+0x0A  ;$0x311A
   381                      <       P_TIMER_TM0CntData_HB:          .EQU    P_TIMER_Ctrl_Base+0x0B  ;$0x311B
   382                      <       
   383                      <       P_TIMER_TM1Data_LB:             .EQU    P_TIMER_Ctrl_Base+0x0C  ;$0x311C
   384                      <       P_TIMER_TM1Data_HB:             .EQU    P_TIMER_Ctrl_Base+0x0D  ;$0x311D
   385                      <       P_TIMER_TM1CntData_LB:          .EQU    P_TIMER_Ctrl_Base+0x0E  ;$0x311E
   386                      <       P_TIMER_TM1CntData_HB:          .EQU    P_TIMER_Ctrl_Base+0x0F  ;$0x311F
   387                      <       
   388                      <       
   389                      <       ;===============================================================
   390                      <       ;               SWT base Control Registers
   391                      <       ;               Base Address Start from 0x3200 
   392                      <       ;=============================================================== 
   393                      <       P_SWT_CTRL1:					.EQU    P_SWT_Ctrl_Base+0x00	;$0x3200
   394                      <       	D_SWTRun:						.EQU	00000001B
   395                      <       	D_SWTRst:						.EQU	00010000B	
   396                      <       
   397                      <       P_SWT_BCD_CNT:					.EQU    P_SWT_Ctrl_Base+0x01	;$0x3201
   398                      <       
   399                      <       P_SWT_1K_BCD:					.EQU    P_SWT_Ctrl_Base+0x02	;$0x3202
   400                      <       
   401                      <       P_SWT_Ctrl2:					.EQU    P_SWT_Ctrl_Base+0x03	;$0x3203
   402                      <       	D_T1HzEn:						.EQU	00000001B
   403                      <       	D_T10HzEn:						.EQU	00000010B
   404                      <       	D_T100HzEn:						.EQU	00000100B
   405                      <       	D_T1KHzEn:						.EQU	00001000B	
   406                      <       	
   407                      <       P_SWT_Status:					.EQU    P_SWT_Ctrl_Base+0x04	;$0x3204
   408                      <       	D_T1Hz_Flag:					.EQU	00000001B
   409                      <       	D_T10Hz_Flag:					.EQU	00000010B
   410                      <       	D_T100Hz_Flag:					.EQU	00000100B
   411                      <       	D_T1KHz_Flag:					.EQU	00001000B	
   412                      <       	
   413                      <       
   414                      <       ;===============================================================
   415                      <       ;               UART base Control Registers
   416                      <       ;               Base Address Start from 0x3150 
   417                      <       ;===============================================================
   418                      <       P_UART_Data:           			.EQU    P_UART_Ctrl_Base+0x00  ;$0x3150
   419                      <       
   420                      <       P_UART_RX_Status:           	.EQU    P_UART_Ctrl_Base+0x01  ;$0x3151
   421                      <       	D_FrameErrorFlag:				.EQU		00000001B
   422                      <       	D_ParityErrorFlag:				.EQU		00000010B
   423                      <       	D_BreakErrorFlag:				.EQU		00000100B
   424                      <       	D_OverrunErrorFlag:				.EQU		00001000B
   425                      <       	
   426                      <       	
   427                      <       P_UART_Ctrl1:           		.EQU    P_UART_Ctrl_Base+0x02  ;$0x3152	
   428                      <       	D_UARTReset:					.EQU		00001000B
   429                      <       	D_UARTEn:						.EQU		00010000B
   430                      <       	D_UARTRxTimeoutIntEn:			.EQU		00100000B
   431                      <       	D_UARTTxIntEn:					.EQU		01000000B
   432                      <       	D_UARTRxIntEn:					.EQU		10000000B
   433                      <       	
   434                      <       P_UART_Ctrl2:           		.EQU    P_UART_Ctrl_Base+0x03  ;$0x3153
   435                      <       	D_UARTSendBreak:				.EQU		00000001B
   436                      <       	D_UARTParityEn:					.EQU		00000010B
   437                      <       	D_UARTParityOdd:				.EQU		00000000B
   438                      <       	D_UARTParityEven:				.EQU		00000100B	
   439                      <       	D_UARTStopBit1:					.EQU		00000000B
   440                      <       	D_UARTStopBit2:					.EQU		00001000B	
   441                      <       	D_UARTFIFOEn:					.EQU		00010000B
   442                      <       	D_UARTDataBit5:					.EQU		00000000B
   443                      <       	D_UARTDataBit6:					.EQU		00100000B
   444                      <       	D_UARTDataBit7:					.EQU		01000000B
   445                      <       	D_UARTDataBit8:					.EQU		01100000B
   446                      <       	
   447                      <       P_UART_BaudRate_HB:           	.EQU    P_UART_Ctrl_Base+0x04  ;$0x3154
   448                      <       P_UART_BaudRate_LB:           	.EQU    P_UART_Ctrl_Base+0x05  ;$0x3155
   449                      <       
   450                      <       P_UART_Status1:           		.EQU    P_UART_Ctrl_Base+0x06  ;$0x3156
   451                      <       	D_RxTimeOutFlag:				.EQU		00100000B
   452                      <       	D_TxIntFlag:					.EQU 		01000000B
   453                      <       	D_RxIntFlag:					.EQU		10000000B
   454                      <       	
   455                      <       P_UART_Status2:           		.EQU    P_UART_Ctrl_Base+0x07  ;$0x3157
   456                      <       	D_UARTBusy:						.EQU		00001000B
   457                      <       	D_UARTRxFIFOEmpty:				.EQU		00010000B
   458                      <       	D_UARTTxFIFOFull:				.EQU		00100000B
   459                      <       	D_UARTRxFIFOFull:				.EQU		01000000B
   460                      <       	D_UARTTxFIFOEmpty:				.EQU		10000000B	
   461                      <       	
   462                      <       P_UART_FMD:           			.EQU    P_UART_Ctrl_Base+0x0A  ;$0x315A
   463                      <       
   464                      <       ;===============================================================
   465                      <       ;               SPI base Control Registers
   466                      <       ;               Base Address Start from 0x3180 
   467                      <       ;=============================================================== 
   468                      <       ;==============  SPI Register  ==============
   469                      <       .IF (GPL815P04Ax+GPL815P04Ax_16KB+GPL815P04Bx+GPL815P04Bx_15KB+GPL815P03Ax+GPL815P03Bx)
   470                      <       P_SPI_Ctrl:                    .EQU    P_SPI_Ctrl_Base+0x00    ;$0x3180
   471                      <       	D_SPICpuClkDiv2:				.EQU		00000000B
   472                      <       	D_SPICpuClkDiv4:				.EQU		00000001B
   473                      <       	D_SPICpuClkDiv8:				.EQU		00000010B
   474                      <       	D_SPICpuClkDiv16:				.EQU		00000011B
   475                      <       	D_SPICpuClkDiv32:				.EQU		00000100B
   476                      <       	D_SPICpuClkDiv64:				.EQU		00000101B
   477                      <       	D_SPICpuClkDiv128:				.EQU		00000110B
   478                      <       	D_SPIPolarity:					.EQU		00001000B
   479                      <       	D_SPIPhase:						.EQU		00010000B
   480                      <       	D_SPIMaster:					.EQU		00000000B
   481                      <       	D_SPISlaver:					.EQU		00100000B
   482                      <       	D_SPISelfLoopEn:				.EQU		01000000B
   483                      <       	D_SPIEn:						.EQU		10000000B
   484                      <       	
   485                      <       P_SPI_TX_Status:               .EQU    P_SPI_Ctrl_Base+0x01    ;$0x3181
   486                      <       	D_SPITxEmptyFlag:				.EQU		00000010B	
   487                      <       	D_SPITxIntEn:					.EQU		01000000B
   488                      <       	D_SPITxIntFlag:					.EQU		10000000B
   489                      <       	
   490                      <       P_SPI_TX_Ctrl:                 .EQU    P_SPI_Ctrl_Base+0x02    ;$0x3182
   491                      <       	D_SPITxFIFODataLvMask:			.EQU		00000111B
   492                      <       	D_SPITxFIFOIntLvMask:			.EQU		01110000B
   493                      <       
   494                      <       P_SPI_TX_Data:                 .EQU    P_SPI_Ctrl_Base+0x03    ;$0x3183
   495                      <       
   496                      <       P_SPI_RX_Status:               .EQU    P_SPI_Ctrl_Base+0x04    ;$0x3184
   497                      <       	D_SPIRxFIFOOverRun:				.EQU		00000001B	
   498                      <       	D_SPIRxStatusFIFOFull:			.EQU		00000010B
   499                      <       	D_SPIRxIntEn:					.EQU		01000000B
   500                      <       	D_SPIRxIntFlag:					.EQU		10000000B
   501                      <       	
   502                      <       P_SPI_RX_Ctrl:                 .EQU    P_SPI_Ctrl_Base+0x05    ;$0x3185
   503                      <       	D_SPIRxFIFODataLvMask:			.EQU		00000111B
   504                      <       	D_SPIRxFIFOIntLvMask:			.EQU		01110000B
   505                      <       
   506                      <       P_SPI_RX_Data:                 .EQU    P_SPI_Ctrl_Base+0x06    ;$0x3186
   507                      <       
   508                      <       P_SPI_Misc_Ctrl:               .EQU    P_SPI_Ctrl_Base+0x07    ;$0x3187
   509                      <       	D_SPITxFIFOEmpty:				.EQU		00000001B	
   510                      <       	D_SPITxFIFONotFull:				.EQU		00000010B
   511                      <       	D_SPIRxFIFONotEmpty:			.EQU		00000100B
   512                      <       	D_SPIMiscRxFIFOFull:			.EQU		00001000B
   513                      <       	D_SPIBusy:						.EQU		00010000B
   514                      <       	D_SPISmartEn:					.EQU		00100000B
   515                      <       	D_SPIOverWriteEn:				.EQU		01000000B
   516                      <       	D_SPIFIFOReset:					.EQU		10000000B
   517                      <       	
   518                      <       P_SPI_Port_Ctrl:               .EQU    P_SPI_Ctrl_Base+0x08    ;$0x3188
   519                      <       	D_SPIAutoRead:					.EQU		00000001B
   520                      <       	D_SPIIO:						.EQU		00000000B
   521                      <       	D_SPIPB:						.EQU		00000000B
   522                      <       	D_SPIPD:						.EQU		00001000B	
   523                      <       	D_SPICSDisable:					.EQU		00010000B
   524                      <       .ENDIF	
   525                      <       	
   526                      <       ;===============================================================
   527                      <       ;               ADC base Control Registers
   528                      <       ;               Base Address Start from 0x3340 
   529                      <       ;===============================================================
   530                      <       P_ADC_Ctrl1:					.EQU    P_ADC_Ctrl_Base+0x00    ;$0x3340
   531                      <       	D_ADCClkDiv2:					.EQU		00000000B
   532                      <       	D_ADCClkDiv4:					.EQU		00000001B
   533                      <       	D_ADCClkDiv8:					.EQU		00000010B
   534                      <       	D_ADCClkDiv12:					.EQU		00000011B
   535                      <       	D_ADCClkDiv16:					.EQU		00000100B	
   536                      <       	D_ADCClkDiv20:					.EQU		00000101B	
   537                      <       	D_ADCClkDiv24:					.EQU		00000110B	
   538                      <       	D_ADCClkDiv28:					.EQU		00000111B	
   539                      <       	
   540                      <       	D_ADCSHCycle2:					.EQU		00000000B
   541                      <       	D_ADCSHCycle4:					.EQU		00001000B
   542                      <       	D_ADCSHCycle8:					.EQU		00010000B	
   543                      <       	D_ADCSHCycle16:					.EQU		00011000B
   544                      <       	
   545                      <       	D_ADCTrigManual:				.EQU		00000000B	
   546                      <       	D_ADCTrigTM0:					.EQU		00100000B	
   547                      <       	D_ADCTrigTM1:					.EQU		01000000B
   548                      <       	
   549                      <       	D_ADCStart:						.EQU		10000000B
   550                      <       	
   551                      <       P_ADC_Ctrl2:					.EQU    P_ADC_Ctrl_Base+0x01    ;$0x3341
   552                      <       	D_ADCPB0:						.EQU		00000000B
   553                      <       	D_ADCPB1:						.EQU		00000001B	
   554                      <       	D_ADCPB2:						.EQU		00000010B	
   555                      <       	D_ADCPB3:						.EQU		00000011B	
   556                      <       	D_ADCPB4:						.EQU		00000100B	
   557                      <       	D_ADCPB5:						.EQU		00000101B	
   558                      <       	D_ADCPB6:						.EQU		00000110B	
   559                      <       	D_ADCPB7:						.EQU		00000111B
   560                      <       	D_ADCVREG:						.EQU		00001000B
   561                      <       	D_ADCVBAT:						.EQU		00001001B	
   562                      <       	D_ADCDiv5VDD:					.EQU		00001010B	
   563                      <       	D_ADCVSS:						.EQU		00001011B	
   564                      <       	
   565                      <       	D_ADCEn:						.EQU		00010000B		
   566                      <       	D_BatteryDetectEn:				.EQU		00100000B	
   567                      <       	D_ADCIntEnable:					.EQU		01000000B
   568                      <       	D_ADCStatus:					.EQU		10000000B	
   569                      <       	
   570                      <       P_ADC_Data_LB:					.EQU    P_ADC_Ctrl_Base+0x02    ;$0x3342
   571                      <       P_ADC_Data_HB:					.EQU    P_ADC_Ctrl_Base+0x03    ;$0x3343
   572                      <       P_ADC_VREF_Ctrl:				.EQU    P_ADC_Ctrl_Base+0x04    ;$0x3344
   573                      <       	D_ADCVregEn:					.EQU		00000001B
   574                      <       	D_ADCVreg1P8V:					.EQU		00000000B	
   575                      <       	D_ADCVreg2V:					.EQU		00000010B	
   576                      <       	D_ADCVreg2P4V:					.EQU		00000100B	
   577                      <       	D_ADCVreg2P6V:					.EQU		00000110B	
   578                      <       	D_ADCVreg3V:					.EQU		00001000B	
   579                      <       	D_ADCVreg3P2V:					.EQU		00001010B
   580                      <       	D_ADCVreg3P4V:					.EQU		00001100B
   581                      <       	D_ADCVregVDD:					.EQU		00001110B	
   582                      <       
   583                      <       	
   584                      <       ;===============================================================
   585                      <       ;               I2C base Control Registers
   586                      <       ;               Base Address Start from 0x3360 
   587                      <       ;===============================================================
   588                      <       .IF (GPL815P04Ax+GPL815P04Ax_16KB+GPL815P04Bx+GPL815P04Bx_15KB+GPL815P03Ax+GPL815P03Bx)
   589                      <       P_I2C_Ctrl:						.EQU    P_I2C_Ctrl_Base+0x00    ;$0x3360
   590                      <       	D_I2C_En:						.EQU		00000001B	
   591                      <       	D_I2C_TriggerEn:				.EQU		00000010B		
   592                      <       	D_I2C_ClockDiv128:				.EQU		00000000B	
   593                      <       	D_I2C_ClockDiv256:				.EQU		00000100B
   594                      <       	D_I2C_ClockDiv768:				.EQU		00001000B	
   595                      <       	D_I2C_ClockDiv1024:				.EQU		00001100B	
   596                      <       	D_I2C_Slaver:					.EQU		00010000B		
   597                      <       	D_I2C_Master:					.EQU		00000000B	
   598                      <       	D_Master_Nack:					.EQU		00100000B	
   599                      <       	D_Master_Ack:					.EQU		00000000B	
   600                      <       	D_Master_StopEn:				.EQU		01000000B	
   601                      <       	D_Master_StartEn:				.EQU		10000000B
   602                      <       	
   603                      <       P_I2C_Status:						.EQU    P_I2C_Ctrl_Base+0x01    ;$0x3361
   604                      <       	D_I2C_TrsDone:					.EQU		00000001B
   605                      <       	D_I2C_Ack:						.EQU		00000000B
   606                      <       	D_I2C_Nack:						.EQU		00000010B	
   607                      <       	D_I2C_IntEn:					.EQU		00000100B
   608                      <       	D_I2C_DIDErrIntEn:				.EQU		00010000B
   609                      <       	D_I2C_StopOK:					.EQU		00100000B	
   610                      <       	D_I2C_DataOK:					.EQU		01000000B	
   611                      <       	D_I2C_DIDOK:					.EQU		10000000B		
   612                      <       	
   613                      <       P_I2C_ID:						.EQU    P_I2C_Ctrl_Base+0x02    ;$0x3362
   614                      <       	D_I2C_Write:					.EQU		00000000B
   615                      <       	D_I2C_Read:						.EQU		00000001B	
   616                      <       P_I2C_Data:						.EQU    P_I2C_Ctrl_Base+0x03    ;$0x3363
   617                      <       P_I2C_Debounce:					.EQU    P_I2C_Ctrl_Base+0x04    ;$0x3364
   618                      <       .ENDIF
   619                      <       
   620                      <       ;===============================================================
   621                      <       ;               Buzzer base Control Registers
   622                      <       ;               Base Address Start from 0x3371 
   623                      <       ;===============================================================	
   624                      <       P_AUDIO_BZ_Ctrl:						.EQU    P_Buzzer_Ctrl_Base+0x00    ;$0x3371
   625                      <       	D_BZSrc:						.EQU		00000001B
   626                      <       	D_BZOn:							.EQU		10000000B	
   627                      <       
   628                      <       
   629                      <       ;===============================================================
   630                      <       ;               AUX base Registers
   631                      <       ;               Base Address Start from 0x33D0 
   632                      <       ;=============================================================== 
   633                      <       ;=========  Bit Operation Register  ========= 
   634                      <       P_AUX_DataX:                    .EQU    P_AUX_Ctrl_Base+0x00    ;$0x33D0
   635                      <       P_AUX_DataY:                    .EQU    P_AUX_Ctrl_Base+0x01    ;$0x33D1
   636                      <       P_AUX_BPPExtend_IN:             .EQU    P_AUX_Ctrl_Base+0X02    ;$0x33D2
   637                      <       P_AUX_DataX_0H:                 .EQU    P_AUX_Ctrl_Base+0x06    ;$0x33D6
   638                      <       P_AUX_DataX_0L:                 .EQU    P_AUX_Ctrl_Base+0x07    ;$0x33D7
   639                      <       P_AUX_DataY_0H:                 .EQU    P_AUX_Ctrl_Base+0x08    ;$0x33D8
   640                      <       P_AUX_DataY_0L:                 .EQU    P_AUX_Ctrl_Base+0x09    ;$0x33D9
   641                      <       P_AUX_DataX_H0:                 .EQU    P_AUX_Ctrl_Base+0x0A    ;$0x33DA
   642                      <       P_AUX_DataX_L0:                 .EQU    P_AUX_Ctrl_Base+0x0B    ;$0x33DB
   643                      <       P_AUX_DataY_H0:                 .EQU    P_AUX_Ctrl_Base+0x0C    ;$0x33DC
   644                      <       P_AUX_DataY_L0:                 .EQU    P_AUX_Ctrl_Base+0x0D    ;$0x33DD
   645                      <       P_AUX_DataX_LH:                 .EQU    P_AUX_Ctrl_Base+0x0E    ;$0x33DE
   646                      <       P_AUX_DataY_LH:                 .EQU    P_AUX_Ctrl_Base+0x0F    ;$0x33DF
   647                      <       P_AUX_DataXY_XLYH:              .EQU    P_AUX_Ctrl_Base+0x10    ;$0x33E0
   648                      <       P_AUX_DataXY_YLXH:              .EQU    P_AUX_Ctrl_Base+0x11    ;$0x33E1
   649                      <       P_AUX_DataX_Mirror:             .EQU    P_AUX_Ctrl_Base+0x12    ;$0x33E2
   650                      <       P_AUX_DataY_Mirror:             .EQU    P_AUX_Ctrl_Base+0x13    ;$0x33E3
   651                      <       P_AUX_BPPExtendOut_LB:          .EQU    P_AUX_Ctrl_Base+0x14    ;$0x33E4
   652                      <       P_AUX_BPPExtendOut_HB:          .EQU    P_AUX_Ctrl_Base+0x15    ;$0x33E5
   653                      <       
   654                      <       
   655                      <       ;===============================================================
   656                      <       ;               LCD base Registers
   657                      <       ;               Base Address Start from 0x3450 
   658                      <       ;=============================================================== 
   659                      <       ;==============  LCD Register  ==============
   660                      <       P_LCD_Ctrl1:                    .EQU    P_LCD_Ctrl_Base+0x00    ;$0x3450
   661                      <       	D_DisplayOn:					.EQU	00001000B
   662                      <       	D_LCDEn:						.EQU	10000000B
   663                      <       
   664                      <       P_LCD_Ctrl2:                    .EQU    P_LCD_Ctrl_Base+0x01    ;$0x3451
   665                      <       	D_LCDStrobeTimeMask:			.EQU	00001111B
   666                      <       	D_LCDStrobeEn:					.EQU	00010000B
   667                      <       	D_LCDAllOff:					.EQU	00100000B
   668                      <       	D_LCDAllOn:						.EQU	01000000B
   669                      <       	
   670                      <       P_LCD_Clock:                    .EQU    P_LCD_Ctrl_Base+0x02    ;$0x3452
   671                      <       	D_LCDclk32K:					.EQU	00000000B
   672                      <       	D_LCDclk16K:					.EQU	00010000B
   673                      <       	D_LCDclk8K:						.EQU	00100000B	
   674                      <       	D_LCDclk4K:						.EQU	00110000B	
   675                      <       
   676                      <       P_LCD_SEG_Num:					.EQU    P_LCD_Ctrl_Base+0x03    ;$0x3453
   677                      <       	D_32SEG:						.EQU	00000011B	
   678                      <       	D_48SEG:						.EQU	00000101B
   679                      <       	
   680                      <       P_LCD_COM_Num:					.EQU    P_LCD_Ctrl_Base+0x04    ;$0x3454	
   681                      <       	D_5COM:							.EQU	00000100B	
   682                      <       	D_9COM:							.EQU	00001000B
   683                      <       	
   684                      <       P_LCD_FM_Ctrl:					.EQU    P_LCD_Ctrl_Base+0x05    ;$0x3455
   685                      <       	D_LCDBType:						.EQU	00000000B
   686                      <       	D_LCDCType:						.EQU	10000000B	
   687                      <       	
   688                      <       P_LCD_VLCD_Ctrl:                .EQU    P_LCD_Ctrl_Base+0x06    ;$0x3456
   689                      <       
   690                      <       P_LCD_PUMP_Ctrl:                .EQU    P_LCD_Ctrl_Base+0x07    ;$0x3457
   691                      <       	D_PumpClk2K:					.EQU	00000000B
   692                      <       	D_PumpClk4K:					.EQU	00000001B
   693                      <       	D_PumpClk8K:					.EQU	00000010B
   694                      <       	D_PumpClk16K:					.EQU	00000011B	
   695                      <       	D_PumpEn:						.EQU	10000000B
   696                      <       	
   697                      <       P_LCD_BIAS_Ctrl:                .EQU    P_LCD_Ctrl_Base+0x08    ;$0x3458
   698                      <       	D_LCDBias4:						.EQU	00000001B
   699                      <       	D_LCDBias3:						.EQU	00000010B
   700                      <       	D_LCDBias2:						.EQU	00000011B
   701                      <       	
   702                      <       P_LCD_StartAddr_LB:             .EQU    P_LCD_Ctrl_Base+0x09    ;$0x3459	
   703                      <       
   704                      <       
   705                      <       ;===============================================================
   706                      <       ;               PWMIO base Registers
   707                      <       ;               Base Address Start from 0x3490 
   708                      <       ;===============================================================
   709                      <       P_PWMIO_Ctrl:                   .EQU    P_PWMIO_Ctrl_Base+0x00  ;$0x3490
   710                      <       	D_PWMIO0En:						.EQU	00000001B
   711                      <       	D_PWMIO1En:						.EQU	00000010B
   712                      <       	D_PWMIO2En:						.EQU	00000100B	
   713                      <       	D_PWMIO3En:						.EQU	00001000B	
   714                      <       	D_PWMClkSysClk:					.EQU	00000000B
   715                      <       	D_PWMClkSysClk8:				.EQU	00010000B	
   716                      <       	D_PWMClkSysClk64:				.EQU	00100000B	
   717                      <       	D_PWMClk32K:					.EQU	00110000B
   718                      <       	D_PWMClkTM0:					.EQU	01000000B
   719                      <       	D_PWMClkTM1:					.EQU	01010000B	
   720                      <       	D_PWMClkRFCTM0:					.EQU	01100000B		
   721                      <       	D_PWMClkRFCTM1:					.EQU	01110000B	
   722                      <       
   723                      <       P_PWMIO_Sel:                    .EQU    P_PWMIO_Ctrl_Base+0x01  ;$0x3491
   724                      <       P_PWMIO_Timer_Data:				.EQU    P_PWMIO_Ctrl_Base+0x02  ;$0x3492
   725                      <       P_PWMIO_Timer_Cnt:				.EQU    P_PWMIO_Ctrl_Base+0x03  ;$0x3493
   726                      <       			
   727                      <       P_PWMIO_IO0_DUTY:               .EQU    P_PWMIO_Ctrl_Base+0x04  ;$0x3494
   728                      <       P_PWMIO_IO1_DUTY:               .EQU    P_PWMIO_Ctrl_Base+0x05  ;$0x3495
   729                      <       P_PWMIO_IO2_DUTY:               .EQU    P_PWMIO_Ctrl_Base+0x06  ;$0x3496
   730                      <       P_PWMIO_IO3_DUTY:               .EQU    P_PWMIO_Ctrl_Base+0x07  ;$0x3497
   731                      <       
   732                      <       
   733                      <       ;===============================================================
   734                      <       ;               RFC base Registers
   735                      <       ;               Base Address Start from 0x34C0 
   736                      <       ;===============================================================
   737                      <       P_RFC_Ctrl1:       				.EQU    P_RFC_Ctrl_Base+0x01  ;$0x34C1
   738                      <       	D_AutoStop:						.EQU	01000000B
   739                      <       	D_RFCEn:						.EQU	00010000B	
   740                      <       	D_RFCStart:						.EQU	00000001B	
   741                      <       
   742                      <       P_RFC_Timer_Ctrl:       		.EQU    P_RFC_Ctrl_Base+0x03  ;$0x34C3
   743                      <       	D_RFCTM0En:						.EQU	00000001B
   744                      <       	D_RFCTM1En:						.EQU	00000010B
   745                      <       	D_RFCTM0ClkMask:				.EQU	00011100B
   746                      <       	D_RFCTM0ClkStop:				.EQU	00000000B
   747                      <       	D_RFCTM0ClkIO:					.EQU	00000100B
   748                      <       	D_RFCTM0ClkSysClk:				.EQU	00001100B
   749                      <       	D_RFCTM0ClkSysClk2:				.EQU	00010000B
   750                      <       	D_RFCTM0ClkRFC1:				.EQU	00010100B
   751                      <       	D_RFCTM0ClkRFC2:				.EQU	00011000B
   752                      <       	D_RFCTM0Clk32K:					.EQU	00011100B
   753                      <       	
   754                      <       	D_RFCTM1ClkMask:				.EQU	11100000B
   755                      <       	D_RFCTM1ClkStop:				.EQU	00000000B
   756                      <       	D_RFCTM1ClkSysClk:				.EQU	00100000B
   757                      <       	D_RFCTM1ClkSysClk2:				.EQU	01000000B
   758                      <       	D_RFCTM1ClkSysClk4:				.EQU	01100000B
   759                      <       	D_RFCTM1ClkSysClk8:				.EQU	10000000B
   760                      <       	D_RFCTM1ClkSysClk16:			.EQU	10100000B
   761                      <       	D_RFCTM1ClkSysClk32:			.EQU	11000000B
   762                      <       	D_RFCTM1Clk32K:					.EQU	11100000B
   763                      <       	
   764                      <       P_RFC_Ctrl2:       				.EQU    P_RFC_Ctrl_Base+0x04  ;$0x34C4
   765                      <       	D_RFCCaptureEdgeRising:			.EQU	00000000B
   766                      <       	D_RFCCaptureEdgeFalling:		.EQU	00000100B		
   767                      <       	D_RFCCaptureTrigDis:			.EQU	00000000B	
   768                      <       	D_RFCCaptureTrigTM0:			.EQU	00000001B	
   769                      <       	
   770                      <       P_RFC_TM0Data_LB:       		.EQU    P_RFC_Ctrl_Base+0x06  ;$0x34C6
   771                      <       P_RFC_TM0Data_HB:       		.EQU    P_RFC_Ctrl_Base+0x07  ;$0x34C7
   772                      <       P_RFC_TM0Cnt_LB:       			.EQU    P_RFC_Ctrl_Base+0x08  ;$0x34C8
   773                      <       P_RFC_TM0Cnt_HB:       			.EQU    P_RFC_Ctrl_Base+0x09  ;$0x34C9
   774                      <       
   775                      <       P_RFC_TM1Data_LB:       		.EQU    P_RFC_Ctrl_Base+0x0A  ;$0x34CA
   776                      <       P_RFC_TM1Data_HB:       		.EQU    P_RFC_Ctrl_Base+0x0B  ;$0x34CB
   777                      <       P_RFC_TM1Cnt_LB:				.EQU    P_RFC_Ctrl_Base+0x0C  ;$0x34CC
   778                      <       P_RFC_TM1Cnt_HB:       			.EQU    P_RFC_Ctrl_Base+0x0D  ;$0x34CD
   779                      <       
   780                      <       P_RFC_TM1CapData_LB:       		.EQU    P_RFC_Ctrl_Base+0x0E  ;$0x34CE
   781                      <       P_RFC_TM1CapData_HB:		  	.EQU    P_RFC_Ctrl_Base+0x0F  ;$0x34CF
   782                      <       	
   783                      <       
   784                      <       ;**********************************************************************
   785                      <       ;ROM Checksum
   786                      <       ;**********************************************************************
   787                      <       .IF (GPL815P04Ax)
   788                      <       ;	ROM Checksum : Bank0 address :		  0x4000 ~ 0x7FE5, 0x8000 ~ 0xBFFF
   789                      <       ;				   NMI and Reset Vector : 0xFFFA ~ 0xFFFD
   790                      <       ;				   
   791                      <       	D_Bank0UserRomStartAddr:		.EQU	0x4000		;0x4000 ~ 0x7FE5:User ROM Code
   792                      <       	D_Bank0UserRomEndAddr:			.EQU	0x7FE5
   793                      <       	D_Bank0HUserRomStartAddr:		.EQU	0x8000		;0x8000 ~ 0xBFFF:User ROM Code
   794                      <       	D_Bank0HUserRomEndAddr:			.EQU	0xBFFF	
   795                      <       	D_NMIandResetVectorStartAddr:	.EQU	0x7FFA
   796                      <       	D_NMIandResetVectorEndAddr:		.EQU	0x7FFD	
   797                      <       .ENDIF
   798                      <       
   799                      <       .IF (GPL815P04Ax_16KB)
   800                      <       ;	ROM Checksum : Bank0 address :		  0x4000 ~ 0x7FE5
   801                      <       ;				   NMI and Reset Vector : 0xFFFA ~ 0xFFFD
   802                      <       ;				   
   803                      <       	D_Bank0UserRomStartAddr:		.EQU	0x4000		;0x4000 ~ 0x7FE5:User ROM Code
   804                      <       	D_Bank0UserRomEndAddr:			.EQU	0x7FE5
   805                      <       	D_NMIandResetVectorStartAddr:	.EQU	0x7FFA
   806                      <       	D_NMIandResetVectorEndAddr:		.EQU	0x7FFD	
   807                      <       .ENDIF	
   808                      <       
   809                      <       .IF (GPL815P04Bx)
   810                      <       ;	ROM Checksum : Bank0 address :		  0x4400 ~ 0x7FE5, 0x8000 ~ 0xBFFF (0x4000 ~ 0x43FF for GP Test Code : 1K Bytes)
   811                      <       ;				   NMI and Reset Vector : 0xFFFA ~ 0xFFFD
   812                      <       ;				   
   813                      <       	D_Bank0UserRomStartAddr:		.EQU	0x4400		;0x4400 ~ 0x7FE5:User ROM Code
   814                      <       	D_Bank0UserRomEndAddr:			.EQU	0x7FE5
   815                      <       	D_Bank0HUserRomStartAddr:		.EQU	0x8000		;0x8000 ~ 0xBFFF:User ROM Code
   816                      <       	D_Bank0HUserRomEndAddr:			.EQU	0xBFFF	
   817                      <       	D_NMIandResetVectorStartAddr:	.EQU	0x7FFA
   818                      <       	D_NMIandResetVectorEndAddr:		.EQU	0x7FFD	
   819                      <       .ENDIF	
   820                      <       
   821                      <       .IF (GPL815P04Bx_15KB)
   822                      <       ;	ROM Checksum : Bank0 address :		  0x4400 ~ 0x7FE5 (0x4000 ~ 0x43FF for GP Test Code : 1K Bytes)
   823                      <       ;				   NMI and Reset Vector : 0xFFFA ~ 0xFFFD
   824                      <       ;				   
   825                      <       	D_Bank0UserRomStartAddr:		.EQU	0x4400		;0x4400 ~ 0x7FE5:User ROM Code
   826                      <       	D_Bank0UserRomEndAddr:			.EQU	0x7FE5
   827                      <       	D_NMIandResetVectorStartAddr:	.EQU	0x7FFA
   828                      <       	D_NMIandResetVectorEndAddr:		.EQU	0x7FFD	
   829                      <       .ENDIF
   830                      <       
   831                      <       .IF (GPL815P03Ax)
   832                      <       ;	ROM Checksum : Bank0 address :		  0x4000 ~ 0x7FE5, 0x8000 ~ 0x9FFF
   833                      <       ;				   NMI and Reset Vector : 0xFFFA ~ 0xFFFD
   834                      <       ;				   
   835                      <       	D_Bank0UserRomStartAddr:		.EQU	0x4000		;0x4000 ~ 0x7FE5:User ROM Code
   836                      <       	D_Bank0UserRomEndAddr:			.EQU	0x7FE5
   837                      <       	D_Bank0HUserRomStartAddr:		.EQU	0x8000		;0x8000 ~ 0x9FFF:User ROM Code
   838                      <       	D_Bank0HUserRomEndAddr:			.EQU	0x9FFF	
   839                      <       	D_NMIandResetVectorStartAddr:	.EQU	0x7FFA
   840                      <       	D_NMIandResetVectorEndAddr:		.EQU	0x7FFD
   841                      <       .ENDIF
   842                      <       
   843                      <       .IF (GPL815P03Bx)
   844                      <       ;	ROM Checksum : Bank0 address :		  0x4400 ~ 0x7FE5, 0x8000 ~ 0x9FFF (0x4000 ~ 0x43FF for GP Test Code : 1K Bytes)
   845                      <       ;				   NMI and Reset Vector : 0xFFFA ~ 0xFFFD
   846                      <       ;				   
   847                      <       	D_Bank0UserRomStartAddr:		.EQU	0x4400		;0x4400 ~ 0x7FE5:User ROM Code
   848                      <       	D_Bank0UserRomEndAddr:			.EQU	0x7FE5
   849                      <       	D_Bank0HUserRomStartAddr:		.EQU	0x8000		;0x8000 ~ 0x9FFF:User ROM Code
   850                      <       	D_Bank0HUserRomEndAddr:			.EQU	0x9FFF	
   851                      <       	D_NMIandResetVectorStartAddr:	.EQU	0x7FFA
   852                      <       	D_NMIandResetVectorEndAddr:		.EQU	0x7FFD
   853                      <       .ENDIF	
   854                      <       
   855                      <       .IF (GPL815P02Ax)
   856                      <       ;	ROM Checksum : Bank0 address :		  0x4000 ~ 0x7FE5
   857                      <       ;				   NMI and Reset Vector : 0xFFFA ~ 0xFFFD
   858                      <       ;				   
   859                      <       	D_Bank0UserRomStartAddr:		.EQU	0x4000		;0x4000 ~ 0x7FE5:User ROM Code
   860                      <       	D_Bank0UserRomEndAddr:			.EQU	0x7FE5
   861                      <       	D_NMIandResetVectorStartAddr:	.EQU	0x7FFA
   862                      <       	D_NMIandResetVectorEndAddr:		.EQU	0x7FFD	
   863                      <       .ENDIF	
   864                      <       ; ========================================================================================
   865                      <       ; Macro Name	: M_UserRomChecksum
   866                      <       ; Parameters	: None
   867                      <       ; Return Value	: R_ChecksumResult: bit[7:0]
   868                      <       ;				: R_ChecksumResult + 1: bit[15:8]
   869                      <       ;				: R_ChecksumResult + 2: bit[23:16]
   870                      <       ;				: R_ChecksumResult + 3: bit[31:24]
   871                      <       ; Description	: Calculate user ROM area code checksum
   872                      <       ; Destroy		: A, X
   873                      <       ; Example		: %M_UserRomChecksum	R_ChecksumAddrPtr, R_ChecksumResult
   874                      <       ; ========================================================================================	
   875                      <       %M_UserRomChecksum:	.MACRO	R_ChecksumAddrPtr, R_ChecksumResult
   876                      <       	LDA		#0
   877                      <       	STA		R_ChecksumResult					;Result Byte0
   878                      <       	STA		R_ChecksumResult + 1				;Result Byte1
   879                      <       	STA		R_ChecksumResult + 2				;Result Byte2
   880                      <       	STA		R_ChecksumResult + 3				;Result Byte3
   881                      <       ;=================== Bank 0 ==================================================	
   882                      <       	LDA		#.HIGH.D_Bank0UserRomStartAddr
   883                      <       	STA		R_ChecksumAddrPtr + 1				;Start High Byte
   884                      <       	LDA		#.LOW.D_Bank0UserRomStartAddr
   885                      <       	STA		R_ChecksumAddrPtr					;Start Low Byte
   886                      <       		
   887                      <       	LDY		#0	
   888                      <       
   889                      <       L_ChecksumLoop1?
   890                      <       	STA	   P_WDT_Clear	
   891                      <       	CLC
   892                      <       	LDA		(R_ChecksumAddrPtr),Y
   893                      <       	ADC		R_ChecksumResult					;Result Low Byte
   894                      <       	STA		R_ChecksumResult					;Result Low Byte
   895                      <       	BCC		L_CheckAddress1?
   896                      <       	INC		R_ChecksumResult + 1				;Result Byte1
   897                      <       	BNE		L_CheckAddress1?
   898                      <       	INC		R_ChecksumResult + 2				;Result Byte3
   899                      <       	BNE		L_CheckAddress1?
   900                      <       	INC		R_ChecksumResult + 3				;Result Byte4
   901                      <       		
   902                      <       L_CheckAddress1?:
   903                      <       	LDA		R_ChecksumAddrPtr + 1				;Address Pointer HB
   904                      <       	CMP		#.HIGH.D_Bank0UserRomEndAddr		;End High Byte
   905                      <       	BNE		L_IncreaseAdd1?
   906                      <       	
   907                      <       	LDA		R_ChecksumAddrPtr					;Address Pointer LB
   908                      <       	CMP		#.LOW.D_Bank0UserRomEndAddr			;End Low Byte
   909                      <       	BEQ		L_ExitRomSum1?
   910                      <       	
   911                      <       L_IncreaseAdd1?:
   912                      <       	INC		R_ChecksumAddrPtr					;Address Pointer LB
   913                      <       	BNE		L_ChecksumLoop1?
   914                      <       	INC		R_ChecksumAddrPtr + 1				;Address Pointer HB
   915                      <       	JMP		L_ChecksumLoop1?	
   916                      <       		
   917                      <       L_ExitRomSum1?:		
   918                      <       .IF (GPL815P04Ax+GPL815P04Bx+GPL815P03Ax+GPL815P03Bx)	
   919                      <       ;===================================Bank0H==============================================
   920                      <       	LDA		#.HIGH.D_Bank0HUserRomStartAddr
   921                      <       	STA		R_ChecksumAddrPtr + 1				;Start High Byte
   922                      <       	LDA		#.LOW.D_Bank0HUserRomStartAddr
   923                      <       	STA		R_ChecksumAddrPtr
   924                      <       	
   925                      <       L_ChecksumLoop1H?
   926                      <       	STA	   P_WDT_Clear	
   927                      <       	CLC
   928                      <       	LDA		(R_ChecksumAddrPtr),Y
   929                      <       	ADC		R_ChecksumResult					;Result Low Byte
   930                      <       	STA		R_ChecksumResult					;Result Low Byte
   931                      <       	BCC		L_CheckAddress1H?
   932                      <       	INC		R_ChecksumResult + 1				;Result Byte1
   933                      <       	BNE		L_CheckAddress1H?
   934                      <       	INC		R_ChecksumResult + 2				;Result Byte3
   935                      <       	BNE		L_CheckAddress1H?
   936                      <       	INC		R_ChecksumResult + 3				;Result Byte4
   937                      <       		
   938                      <       L_CheckAddress1H?:
   939                      <       	LDA		R_ChecksumAddrPtr + 1				;Address Pointer HB
   940                      <       	CMP		#.HIGH.D_Bank0HUserRomEndAddr		;End High Byte
   941                      <       	BNE		L_IncreaseAdd1H?
   942                      <       	
   943                      <       	LDA		R_ChecksumAddrPtr					;Address Pointer LB
   944                      <       	CMP		#.LOW.D_Bank0HUserRomEndAddr			;End Low Byte
   945                      <       	BEQ		L_ExitRomSum1H?
   946                      <       	
   947                      <       L_IncreaseAdd1H?:
   948                      <       	INC		R_ChecksumAddrPtr					;Address Pointer LB
   949                      <       	BNE		L_ChecksumLoop1H?
   950                      <       	INC		R_ChecksumAddrPtr + 1				;Address Pointer HB
   951                      <       	JMP		L_ChecksumLoop1H?	
   952                      <       		
   953                      <       L_ExitRomSum1H?:	
   954                      <       .ENDIF	
   955                      <       ;===================NMI & Reset Vector==================================================		
   956                      <       	LDA		#.HIGH.D_NMIandResetVectorStartAddr
   957                      <       	STA		R_ChecksumAddrPtr + 1				; Start High Byte
   958                      <       	LDA		#.LOW.D_NMIandResetVectorStartAddr
   959                      <       	STA		R_ChecksumAddrPtr					;Start Low Byte
   960                      <       		
   961                      <       L_ChecksumLoop2?
   962                      <       	STA	   P_WDT_Clear		
   963                      <       	CLC
   964                      <       	LDA		(R_ChecksumAddrPtr),Y
   965                      <       	ADC		R_ChecksumResult					;Result Low Byte
   966                      <       	STA		R_ChecksumResult					;Result Low Byte
   967                      <       	BCC		L_CheckAddress2?
   968                      <       	INC		R_ChecksumResult + 1				;Result Byte2
   969                      <       	BNE		L_CheckAddress2?
   970                      <       	INC		R_ChecksumResult + 2				;Result Byte3
   971                      <       	BNE		L_CheckAddress2?
   972                      <       	INC		R_ChecksumResult + 3				;Result Byte4
   973                      <       		
   974                      <       L_CheckAddress2?:
   975                      <       	LDA		R_ChecksumAddrPtr + 1				;Address Pointer HB
   976                      <       	CMP		#.HIGH.D_NMIandResetVectorEndAddr	;End High Byte
   977                      <       	BNE		L_IncreaseAdd2?
   978                      <       	
   979                      <       	LDA		R_ChecksumAddrPtr					;Address Pointer LB
   980                      <       	CMP		#.LOW.D_NMIandResetVectorEndAddr	;End Low Byte
   981                      <       	BEQ		L_ExitRomSum2?
   982                      <       	
   983                      <       L_IncreaseAdd2?:
   984                      <       	INC		R_ChecksumAddrPtr					;Address Pointer LB
   985                      <       	BNE		L_ChecksumLoop2?
   986                      <       	INC		R_ChecksumAddrPtr + 1				;Address Pointer HB
   987                      <       	JMP		L_ChecksumLoop2?	
   988                      <       		
   989                      <       L_ExitRomSum2?:	
   990                      <       	.ENDM
   991                      <       
   992                      <       	.ENDIF
   993                      <       .endif
   994                      <       	.ENDIF	
   995                      <       
   996                              .INCLUDE	KEYSCAN\keyscan_user.inc
   997                      <       .EXTERN		F_InitialKeyBorad
   998                      <       .EXTERN		F_KeyScan
   999                      <       ;.EXTERN		F_InputProc
  1000                      <       ;.EXTERN		F_LongKeyService
  1001                      <       ;.EXTERN     PAGE0 R_KeyState
  1002                      <       ;	D_HasKey:			.EQU	01H
  1003                      <       ;	D_NewKey:			.EQU	02H
  1004                      <       ;	D_Debounce:			.EQU	04H
  1005                      <       ;	D_Long_Key:			.EQU	08H
  1006                      <       ;	D_Key_Release:		.EQU	10H	
  1007                      <       ;.EXTERN     PAGE0 R_KeyCode
  1008                      <       ;.EXTERN     PAGE0 R_DebounceCnt
  1009                      <       ;.EXTERN     PAGE0 R_Key_time
  1010                      <       ;.EXTERN     PAGE0			RB_Option_Count
  1011                      <       ;C_Option_Overtime:		.EQU		0X14
  1012                      <       ;; ==============================================
  1013                      <       ;; Function	name	: F_Operation_Count_Proc
  1014                      <       ;; Purpose			: EEPROM erea current data
  1015                      <       ;; Parameter			: none 
  1016                      <       ;; Return			: 
  1017                      <       ;; Destroy			: none 
  1018                      <       ;; Stack depth		: none
  1019                      <       ;; ==============================================						
  1020                      <       ;.EXTERNAL			F_Operation_Count_Proc
  1021                      <       .EXTERN		R_SleepTime
  1022                      <       .EXTERN		_R_SleepTime
  1023                      <       .EXTERN		R_SnoozeTime
  1024                      <       .EXTERN		_R_SnoozeTime
  1025                      <       C_SnoozeTime1min	EQU		60
  1026                      <       ;C_SnoozeTime5min	equ		5
  1027                      <       .EXTERN		R_OtherFlag
  1028                      <       ;D_12Mode			equ		0x01	;0默认为24H，1为12H	
  1029                      <       D_Urat_Open			equ		0x02
  1030                      <       D_EnableSnooze		equ		0x04
  1031                      <       D_ToneDIS			equ		0x08
  1032                      <       D_AlarmingStatus	equ		0x10
  1033                      <       ;D_SetVolumeFlag		equ		0x20
  1034                      <       D_Timering			equ		0x20
  1035                      <       D_Alarming			equ		0x40
  1036                      <       D_TimerStatus		equ		0x80
  1037                      <       .EXTERN		BitMaskTable
  1038                      <       .EXTERN		R_TimeFlashSet
  1039                      <       .EXTERN		R_AlmTimeFlashSet
  1040                      <       .EXTERN		R_TimerFlashSet
  1041                      <       AddOthers			equ		01H
  1042                      <       
  1043                      <       
  1044                      <       .EXTERN		R_TimeFlashSet
  1045                      <       D_SetYear			equ	0x01
  1046                      <       D_SetMonth			equ	0x02
  1047                      <       D_SetDate			equ	0x04		
  1048                      <       ;D_Set12_24			equ	0x08
  1049                      <       D_SetHour			equ	0x08
  1050                      <       D_SetMinute			equ	0x10 
  1051                      <       D_SetTimeMax		equ	0x20  
  1052                      <       .EXTERN		R_AlmTimeFlashSet	
  1053                      <       _R_AlmTimeFlashSet	equ		R_AlmTimeFlashSet
  1054                      <       D_SetAlm			equ	0x01	;闹钟开关
  1055                      <       D_SetAlmHour		equ	0x02	;闹时
  1056                      <       D_SetAlmMinute		equ	0x04	;闹分
  1057                      <       D_SetAlmDay			equ	0x08	;闹
  1058                      <       D_SetAlarmMax		equ	0x10   
  1059                      <       .EXTERN		R_TimerFlashSet	
  1060                      <       _R_TimerFlashSet	equ		R_TimerFlashSet
  1061                      <       D_TimerSet			equ	0x01	
  1062                      <       D_SetTimerMax		equ	0x02
  1063                      <       .EXTERN		R_CurrentVolume
  1064                      <       _R_CurrentVolume		equ	R_CurrentVolume
  1065                      <       .EXTERN		R_CurrentSong
  1066                      <       _R_CurrentSong		equ		R_CurrentSong
  1067                      <       
  1068                      <       .EXTERN		R_KeyFlag		
  1069                      <       _R_KeyFlag		equ		R_KeyFlag
  1070                      <       D_EnableFastAdd		equ	0x01
  1071                      <       D_LCDOFF			equ	0x02
  1072                      <       D_KeyTone			equ	0x04
  1073                      <       D_KeyRelDis			equ	0x08
  1074                      <       D_UpdateBAT			equ	0x10
  1075                      <       
  1076                      <       .EXTERN 	 	 R_Charge 
  1077                      <       D_LowPower 	 	 equ 0x01;低电 
  1078                      <       D_Charge 	 	 equ 0x02;充电中 
  1079                      <       D_Full 	 	 	 equ 0x04;充满 
  1080                      <       .EXTERN 	 	 R_LVDStatus 
  1081                      <       
  1082                      <       
  1083                      <       .EXTERN		R_TimerFlag
  1084                      <       _R_TimerFlag	equ		R_TimerFlag
  1085                      <       D_Timerstatus_just	equ		0x01
  1086                      <       D_Timerstatus		equ		0x02
  1087                      <       TIMER_START_FLAG	equ		0x04	
  1088                      <       D_TimerSetstatus	equ		0x08
  1089                      <       D_Timerstatus_justpause	equ	0x10
  1090                      <       D_TimerPausedCountDown	equ		0x20
  1091                      <       ;.EXTERN		F_OpenData
  1092                      <       
  1093                      <       .EXTERN		SetVolumeAndPlayAlarm1_flag
  1094                      <       
  1095                      <       .EXTERN		R_SetBack
  1096                      <       _R_SetBack	equ		R_SetBack
  1097                      <       
  1098                      <       
  1099                      <       
  1100                      <       .EXTERN	R_VoiceFlag	
  1101                      <       _R_VoiceFlag	equ		R_VoiceFlag
  1102                      <       D_OpenReady		equ		0x01
  1103                      <       D_WakePlay		equ		0x02	; 按键唤醒后请求播放应答（由主循环处理）
  1104                      <       .EXTERN	R_DelayOpen
  1105                      <       .EXTERN	R_VoiceReq
  1106                      <       
  1107                      <       ; R_VoiceReq 位定义（由汇编置位，主循环处理）
  1108                      <       D_VOICE_ALARM_CHECK	equ	0x01
  1109                      <       D_VOICE_ALARM_SET		equ	0x02
  1110                      <       D_VOICE_DATE_SET		equ	0x04
  1111                      <       D_VOICE_TIME_SET		equ	0x08
  1112                      <       D_VOICE_BEEP			equ	0x10
  1113                      <       D_VOICE_TIMER_START		equ	0x20
  1114                      <       D_VOICE_TIMER_PAUSE			equ	0x40
  1115                      <       D_VOICE_TIMER_CONTINUE		equ	0x80
  1116                      <       .EXTERN	Voice_PowerOn
  1117                      <       .EXTERN	Voice_PowerOn_Noxiaonao
  1118                      <       .EXTERN		R_Uart_OpenTime
  1119                      <       .EXTERN		_R_Uart_OpenTime
  1120                      <       
  1121                      <       D_BatLevel1 	 equ 	 01H 
  1122                      <       D_BatLevel2 	 equ 	 02H 
  1123                      <       D_BatLevel3 	 equ 	 04H 
  1124                      <       ; ==============================================
  1125                      <       ; MACRO name	: %DecDebounce
  1126                      <       ; Purpose		: DEBOUNCE 
  1127                      <       ; Parameter		: none 
  1128                      <       ; Return    	: none
  1129                      <       ; Destroy		: none 
  1130                      <       ; Stack depth	: none
  1131                      <       ; =============================================
  1132                      <       %DecDebounce	.MACRO	
  1133                      <       		    LDA	    R_DebounceCnt
  1134                      <       		    BEQ	    ?L_Exit#
  1135                      <       		    DEC	    R_DebounceCnt
  1136                      <       ?L_Exit#:	
  1137                      <           		.ENDM
  1138                      <       ;============================================
  1139                              .INCLUDE	SYS\Macro.inc
  1140                      <       D_Bit0					equ		01H
  1141                      <       D_Bit1					equ		02H
  1142                      <       D_Bit2					equ		04H
  1143                      <       D_Bit3					equ		08H
  1144                      <       D_Bit4					equ		10H
  1145                      <       D_Bit5					equ		20H
  1146                      <       D_Bit6					equ		40H
  1147                      <       D_Bit7					equ		80H
  1148                      <       
  1149                      <       
  1150                      <       ;==========================================================================
  1151                      <       LCDConvert		.MACRO  com,seg
  1152                      <       			DB	com*10H+(seg/8)+00H,1<<(seg.AND.07H)	;GPL813P01;
  1153                      <       			
  1154                      <       			.ENDM
  1155                      <       			
  1156                      <       %LCD7S        .MACRO   i1c,i1s,i2c,i2s,i3c,i3s,i4c,i4s,i5c,i5s,i6c,i6s,i7c,i7s
  1157                      <                      LCDConvert    i1c,i1s
  1158                      <                      LCDConvert    i2c,i2s
  1159                      <                      LCDConvert    i3c,i3s
  1160                      <                      LCDConvert    i4c,i4s
  1161                      <                      LCDConvert    i5c,i5s
  1162                      <                      LCDConvert    i6c,i6s
  1163                      <                      LCDConvert    i7c,i7s
  1164                      <                      .ENDM
  1165                      <                      
  1166                      <       %LCD8S:        .MACRO   i1c,i1s,i2c,i2s,i3c,i3s,i4c,i4s,i5c,i5s,i6c,i6s,i7c,i7s,i8c,i8s
  1167                      <                      LCDConvert    i1c,i1s
  1168                      <                      LCDConvert    i2c,i2s
  1169                      <                      LCDConvert    i3c,i3s
  1170                      <                      LCDConvert    i4c,i4s
  1171                      <                      LCDConvert    i5c,i5s
  1172                      <                      LCDConvert    i6c,i6s
  1173                      <                      LCDConvert    i7c,i7s
  1174                      <       		       LCDConvert    i8c,i8s
  1175                      <                      .ENDM  
  1176                      <       ;;================================================================
  1177                      <       ;Kind   :Count Loop
  1178                      <       ;================================================================		                    
  1179                      <       %DJNZ:               .MACRO       Var,Lable    ;  !=0
  1180                      <                             DEC          Var
  1181                      <                             BNE          Lable
  1182                      <                            .ENDM
  1183                      <       		
  1184                      <       ;----------------------------------------------------------
  1185                      <       ;/***********************************************/
  1186                      <       ;         i.L=1 
  1187                      <       %bits:   .MACRO   i,L             ;BYTE i;  
  1188                      <                 lda     i               ;ex.  
  1189                      <                 ora     #L              ;  %bits 10H,_BIT0
  1190                      <       		                   ;  10H.0=1
  1191                      <                 sta     i               ;
  1192                      <                .ENDM    
  1193                      <       
  1194                      <       ;/***********************************************/
  1195                      <       ;         i.L=0
  1196                      <       %bitr:   .MACRO   i,L             ;BYTE i;  
  1197                      <                 lda     i               ;ex.  
  1198                      <                 and     #.NOT.L         ;  %bitr 10H,_BIT0;  10H.0=0
  1199                      <                 sta     i
  1200                      <                .ENDM    
  1201                      <       
  1202                      <       ;/***********************************************/
  1203                      <       ;         if(i.L==1) goto N
  1204                      <       %btst:   .MACRO   i,L,N           ;BYTE i;  
  1205                      <                 lda     i               ;ex.   
  1206                      <                 and     #L              ;  %btst 10H,_BIT0,N
  1207                      <                 bne     N               ;  if(10H.0=1) goto N 
  1208                      <                .ENDM    
  1209                      <                                         
  1210                      <       ;/***********************************************/
  1211                      <       ;         if(i.L==0) goto N
  1212                      <       %btsf:   .MACRO   i,L,N           ;BYTE i;    
  1213                      <                 lda     i               ;ex.   
  1214                      <                 and     #L              ;  %btsf 10H,_BIT0,N
  1215                      <                 beq     N               ;  if(10H.0=0) goto N 
  1216                      <                .ENDM    
  1217                      <        
  1218                              ;==========================================
  1219                              ; 常量定义
  1220                              ;==========================================
  1221                              ;--- 档位阈值（已减去 VSS 偏移后的 12-bit 值，VREF=3.2V，2:1 分压）---
  1222                              ; 3.8V -> PIN=1.9V -> (1900*4095/3200) = 2431 = 0x09_7F
  1223                              ; 3.6V -> PIN=1.8V -> (1800*4095/3200) = 2303 = 0x08_FF
  1224                              ; 3.4V -> PIN=1.7V -> (1700*4095/3200) = 2175 = 0x08_7F	;整体调高20H
  1225                              C_ADC_Bat38V_HB		.EQU	09H		; >=3.8V 高字节
  1226                              C_ADC_Bat38V_MB		.EQU	9FH;	7FH		; >=3.8V 低字节
  1227                              C_ADC_Bat36V_HB		.EQU	09H	;	08H		; >=3.6V 高字节
  1228                              C_ADC_Bat36V_MB		.EQU	1FH;	0FFH	; >=3.6V 低字节
  1229                              C_ADC_Bat34V_HB		.EQU	08H		; >=3.4V 高字节
  1230                              C_ADC_Bat34V_MB		.EQU	9FH;	7FH		; >=3.4V 低字节
  1231                              
  1232                              ;==========================================
  1233                              ; 导出声明
  1234                              ;==========================================
  1235                              .PUBLIC		ADC_Init
  1236                              .PUBLIC		_ADC_Init
  1237                              .PUBLIC		F_DC_Det
  1238                              .PUBLIC		_F_DC_Det
  1239                              
  1240                              .PUBLIC		R_ADC_VSS_MB
  1241                              .PUBLIC		_R_ADC_VSS_MB
  1242                              .PUBLIC		R_ADC_VSS_HB
  1243                              .PUBLIC		_R_ADC_VSS_HB
  1244                              .PUBLIC		R_ADC_LineIn_MB
  1245                              .PUBLIC		_R_ADC_LineIn_MB
  1246                              .PUBLIC		R_ADC_LineIn_HB
  1247                              .PUBLIC		_R_ADC_LineIn_HB
  1248                              .PUBLIC		R_ADC_VREF_MB
  1249                              .PUBLIC		_R_ADC_VREF_MB
  1250                              .PUBLIC		R_ADC_VREF_HB
  1251                              .PUBLIC		_R_ADC_VREF_HB
  1252                              
  1253                              ;==========================================
  1254                              ; 变量声明（PAGE0）
  1255                              ;==========================================
  1256 0000008D                     ADC_RAM:	.section	.PAGE0
  1257 0000008D FF                  R_ADC_VSS_MB:		.DS		1		; VSS 低 8bit（右移4位后）
  1258                              _R_ADC_VSS_MB:		.EQU	R_ADC_VSS_MB
  1259 0000008E FF                  R_ADC_VSS_HB:		.DS		1		; VSS 高 4bit（右移4位后）
  1260                              _R_ADC_VSS_HB:		.EQU	R_ADC_VSS_HB
  1261 0000008F FF                  R_ADC_LineIn_MB:	.DS		1		; PB7 低 8bit（右移4位后）
  1262                              _R_ADC_LineIn_MB:	.EQU	R_ADC_LineIn_MB
  1263 00000090 FF                  R_ADC_LineIn_HB:	.DS		1		; PB7 高 4bit（右移4位后）
  1264                              _R_ADC_LineIn_HB:	.EQU	R_ADC_LineIn_HB
  1265 00000091 FF                  R_ADC_VREF_MB:		.DS		1		; (0xFFF - VSS) 低 8bit
  1266                              _R_ADC_VREF_MB:		.EQU	R_ADC_VREF_MB
  1267 00000092 FF                  R_ADC_VREF_HB:		.DS		1		; (0xFFF - VSS) 高 4bit
  1268                              _R_ADC_VREF_HB:		.EQU	R_ADC_VREF_HB
  1269 00000093 FF                  R_ADC_DelayOuter:	.DS		1		; 延时外层计数
  1270 00000094 FF                  R_ADC_DelayInner:	.DS		1		; 延时内层计数
  1271                              
  1272                              .ENDS
  1273                              ;==========================================
  1274                              ; 代码段
  1275                              ;==========================================
  1276 0000FC47                     ADC_Code:	.section	
  1277                              
  1278                              ;==========================================================================
  1279                              ; 子程序: F_ADC_Delay4ms
  1280                              ; 描述  : 软件延时约 4ms（基于 2MHz 系统时钟）
  1281                              ;         外8次 × 内200次 × 约5cycle = 8000 cycle ≈ 4ms
  1282                              ; 破坏  : R_ADC_DelayOuter, R_ADC_DelayInner
  1283                              ;==========================================================================
  1284 0000FC47                     F_ADC_Delay4ms:
  1285 0000FC47 A9 08               		LDA		#08H
  1286 0000FC49 85 93               		STA		R_ADC_DelayOuter
  1287 0000FC4B                     ?L_DelayOuter:
  1288 0000FC4B A9 C8               		LDA		#0C8H			; 200次内层
  1289 0000FC4D 85 94               		STA		R_ADC_DelayInner
  1290 0000FC4F                     ?L_DelayInner:
  1291 0000FC4F C6 94               		DEC		R_ADC_DelayInner
  1292 0000FC51 D0 FC               		BNE		?L_DelayInner
  1293 0000FC53 C6 93               		DEC		R_ADC_DelayOuter
  1294 0000FC55 D0 F4               		BNE		?L_DelayOuter
  1295 0000FC57 60                  		RTS
  1296                              
  1297                              ;==========================================================================
  1298                              ; 函数: ADC_Init / _ADC_Init
  1299                              ; 描述: 初始化 ADC 参考电压为 3.2V 并使能内部稳压器
  1300                              ; 调用: 系统上电后，主循环前调用一次
  1301                              ;==========================================================================
  1302 0000FC58                     ADC_Init:
  1303 0000FC58                     _ADC_Init:
  1304 0000FC58 A9 0B               		LDA		#D_ADCVregEn + D_ADCVreg3P2V
  1305 0000FC5A 8D 44 33            		STA		P_ADC_VREF_Ctrl
  1306 0000FC5D                     L_DCDet_Exit:
  1307 0000FC5D 60                  		RTS		
  1308                              	
  1309                              
  1310                              ;==========================================================================
  1311                              ; 函数: F_DC_Det / _F_DC_Det
  1312                              ; 描述: 电池电压检测主函数
  1313                              ;       1. 采集 VSS（零偏校准）
  1314                              ;       2. 采集 PB7（经 2:1 分压的电池电压）
  1315                              ;       3. 公式换算后判断 3.8V / 3.6V / 3.4V 档位
  1316                              ;       4. 更新 R_LVDStatus, R_Charge, R_KeyFlag
  1317                              ; 调用: 主循环或定时器中周期性调用
  1318                              ;==========================================================================
  1319 0000FC5E                     F_DC_Det:
  1320 0000FC5E                     _F_DC_Det:
  1321                              		;--- Guard: 关机态不检测 ---
  1322 0000FC5E AD 71 00            		LDA		R_KeyFlag
  1323 0000FC61 29 02               		AND		#D_LCDOFF
  1324 0000FC63 D0 F8               		BNE		L_DCDet_Exit
  1325                              
  1326                              		;--- Guard: 充电中不检测 ---
  1327 0000FC65 AD 85 00            		LDA		R_Charge
  1328 0000FC68 29 02               		AND		#D_Charge
  1329 0000FC6A D0 F1               		BNE		L_DCDet_Exit
  1330                              
  1331                              		;==================================================
  1332                              		; 步骤1: 设置 VREF + VSS 预热转换 + Delay 4ms
  1333                              		;==================================================
  1334 0000FC6C A9 0B               		LDA		#D_ADCVregEn + D_ADCVreg3P2V
  1335 0000FC6E 8D 44 33            		STA		P_ADC_VREF_Ctrl
  1336                              
  1337 0000FC71 A9 9B               		LDA		#D_ADCVSS + D_ADCEn + D_ADCStatus
  1338 0000FC73 8D 41 33            		STA		P_ADC_Ctrl2
  1339                              
  1340 0000FC76 A9 9A               		LDA		#D_ADCClkDiv8 + D_ADCSHCycle16 + D_ADCTrigManual + D_ADCStart
  1341 0000FC78 8D 40 33            		STA		P_ADC_Ctrl1
  1342                              
  1343 0000FC7B 20 47 FC            		JSR		F_ADC_Delay4ms
  1344                              
  1345                              		;==================================================
  1346                              		; 步骤2: 正式采样 VSS，存储数据
  1347                              		;==================================================
  1348 0000FC7E A9 80               		LDA		#80H
  1349 0000FC80 8D E1 30            		STA		P_INT_ADC_Clear
  1350                              
  1351 0000FC83 A9 9B               		LDA		#D_ADCVSS + D_ADCEn + D_ADCStatus
  1352 0000FC85 8D 41 33            		STA		P_ADC_Ctrl2
  1353                              
  1354 0000FC88 A9 9A               		LDA		#D_ADCClkDiv8 + D_ADCSHCycle16 + D_ADCTrigManual + D_ADCStart
  1355 0000FC8A 8D 40 33            		STA		P_ADC_Ctrl1
  1356                              
  1357 0000FC8D                     ?L_ADC_VSSNorReady:
  1358 0000FC8D 8D 0B 30            		STA		P_WDT_Clear
  1359 0000FC90 AD 41 33            		LDA		P_ADC_Ctrl2
  1360 0000FC93 29 80               		AND		#D_ADCStatus
  1361 0000FC95 F0 F6               		BEQ		?L_ADC_VSSNorReady
  1362 0000FC97                     ?L_ADC_VSSNorEnd:
  1363 0000FC97 A9 00               		LDA		#00H
  1364 0000FC99 8D 40 33            		STA		P_ADC_Ctrl1
  1365 0000FC9C A9 80               		LDA		#D_ADCStatus
  1366 0000FC9E 8D 41 33            		STA		P_ADC_Ctrl2
  1367                              
  1368 0000FCA1 A9 02               		LDA		#D_ADC_Flag
  1369 0000FCA3 8D CC 30            		STA		P_INT_Status3		; 清除 ADC 中断标志
  1370                              
  1371 0000FCA6 AD 42 33            		LDA		P_ADC_Data_LB
  1372 0000FCA9 85 8D               		STA		R_ADC_VSS_MB
  1373 0000FCAB AD 43 33            		LDA		P_ADC_Data_HB
  1374 0000FCAE 85 8E               		STA		R_ADC_VSS_HB		; 保存 VSS 原始数据
  1375                              
  1376                              		;==================================================
  1377                              		; 步骤3: 切换 PB7 为 LineIn + Delay 4ms
  1378                              		;==================================================
  1379 0000FCB0 A9 80               		LDA		#80H				; PB7 为 Line-in（ADC 输入）
  1380 0000FCB2 8D 86 30            		STA		P_IO_PB_LINEN_Ctrl
  1381                              
  1382 0000FCB5 A9 80               		LDA		#D_ADCStatus
  1383 0000FCB7 8D 41 33            		STA		P_ADC_Ctrl2
  1384 0000FCBA A9 17               		LDA		#D_ADCPB7 + D_ADCEn
  1385 0000FCBC 8D 41 33            		STA		P_ADC_Ctrl2
  1386                              
  1387 0000FCBF 20 47 FC            		JSR		F_ADC_Delay4ms
  1388                              
  1389                              		;==================================================
  1390                              		; 步骤4: 正式采样 PB7，存储数据
  1391                              		;==================================================
  1392 0000FCC2 A9 17               		LDA		#D_ADCPB7 + D_ADCEn
  1393 0000FCC4 8D 41 33            		STA		P_ADC_Ctrl2
  1394                              
  1395 0000FCC7 A9 99               		LDA		#D_ADCClkDiv4 + D_ADCSHCycle16 + D_ADCTrigManual + D_ADCStart
  1396 0000FCC9 8D 40 33            		STA		P_ADC_Ctrl1
  1397                              
  1398 0000FCCC                     ?L_ADC_VSSNorReadypb:
  1399 0000FCCC 8D 0B 30            		STA		P_WDT_Clear
  1400 0000FCCF AD 41 33            		LDA		P_ADC_Ctrl2
  1401 0000FCD2 29 80               		AND		#D_ADCStatus
  1402 0000FCD4 F0 F6               		BEQ		?L_ADC_VSSNorReadypb
  1403                              
  1404 0000FCD6 A9 00               		LDA		#00H
  1405 0000FCD8 8D 40 33            		STA		P_ADC_Ctrl1
  1406 0000FCDB A9 80               		LDA		#D_ADCStatus
  1407 0000FCDD 8D 41 33            		STA		P_ADC_Ctrl2
  1408                              
  1409 0000FCE0 A9 02               		LDA		#D_ADC_Flag
  1410 0000FCE2 8D CC 30            		STA		P_INT_Status3		; 清除 ADC 中断标志
  1411                              
  1412 0000FCE5 AD 42 33            		LDA		P_ADC_Data_LB
  1413 0000FCE8 85 8F               		STA		R_ADC_LineIn_MB
  1414 0000FCEA AD 43 33            		LDA		P_ADC_Data_HB
  1415 0000FCED 85 90               		STA		R_ADC_LineIn_HB		; 保存 PB7 原始数据
  1416                              
  1417                              		;==================================================
  1418                              		; 步骤5: 数据为 bit15~bit4，统一右移 4bit
  1419                              		;==================================================
  1420 0000FCEF 46 8E               		LSR		R_ADC_VSS_HB
  1421 0000FCF1 66 8D               		ROR		R_ADC_VSS_MB
  1422 0000FCF3 46 8E               		LSR		R_ADC_VSS_HB
  1423 0000FCF5 66 8D               		ROR		R_ADC_VSS_MB
  1424 0000FCF7 46 8E               		LSR		R_ADC_VSS_HB
  1425 0000FCF9 66 8D               		ROR		R_ADC_VSS_MB
  1426 0000FCFB 46 8E               		LSR		R_ADC_VSS_HB
  1427 0000FCFD 66 8D               		ROR		R_ADC_VSS_MB
  1428                              
  1429 0000FCFF 46 90               		LSR		R_ADC_LineIn_HB
  1430 0000FD01 66 8F               		ROR		R_ADC_LineIn_MB
  1431 0000FD03 46 90               		LSR		R_ADC_LineIn_HB
  1432 0000FD05 66 8F               		ROR		R_ADC_LineIn_MB
  1433 0000FD07 46 90               		LSR		R_ADC_LineIn_HB
  1434 0000FD09 66 8F               		ROR		R_ADC_LineIn_MB
  1435 0000FD0B 46 90               		LSR		R_ADC_LineIn_HB
  1436 0000FD0D 66 8F               		ROR		R_ADC_LineIn_MB
  1437                              
  1438                              		;==================================================
  1439                              		; 步骤6: 按公式计算
  1440                              		;   R_ADC_VREF  = 0x0FFF - R_ADC_VSS   (分母)
  1441                              		;   R_ADC_LineIn = R_ADC_LineIn - R_ADC_VSS  (分子，零偏校正)
  1442                              		; 注: 此处只做减法，档位判断直接对校正后 LineIn 做阈值比较
  1443                              		;     (相当于在同一 VREF 坐标系下比较，无需完整乘除)
  1444                              		;==================================================
  1445 0000FD0F 38                  		SEC
  1446 0000FD10 A9 FF               		LDA		#0FFH
  1447 0000FD12 E5 8D               		SBC		R_ADC_VSS_MB
  1448 0000FD14 85 91               		STA		R_ADC_VREF_MB
  1449 0000FD16 A9 0F               		LDA		#0FH
  1450 0000FD18 E5 8E               		SBC		R_ADC_VSS_HB
  1451 0000FD1A 85 92               		STA		R_ADC_VREF_HB
  1452                              
  1453 0000FD1C 38                  		SEC
  1454 0000FD1D A5 8F               		LDA		R_ADC_LineIn_MB
  1455 0000FD1F E5 8D               		SBC		R_ADC_VSS_MB
  1456 0000FD21 85 8F               		STA		R_ADC_LineIn_MB
  1457 0000FD23 A5 90               		LDA		R_ADC_LineIn_HB
  1458 0000FD25 E5 8E               		SBC		R_ADC_VSS_HB
  1459 0000FD27 85 90               		STA		R_ADC_LineIn_HB
  1460                              
  1461                              		;==================================================
  1462                              		; 步骤7: 16位档位判断（先比高字节，再比低字节）
  1463                              		; 阈值基于: VREF=3.2V, 2:1分压
  1464                              		;   3.8V -> 0x097F, 3.6V -> 0x08FF, 3.4V -> 0x087F
  1465                              		;==================================================
  1466                              
  1467                              		;--- 判断是否 >= 3.8V ---
  1468 0000FD29 A5 90               		LDA		R_ADC_LineIn_HB
  1469 0000FD2B C9 09               		CMP		#C_ADC_Bat38V_HB
  1470 0000FD2D 90 20               		BCC		?L_Check36V			; HB < 阈值，检查下一档
  1471 0000FD2F D0 06               		BNE		?L_Bat_Level1		; HB > 阈值，确定 Level1
  1472 0000FD31 A5 8F               		LDA		R_ADC_LineIn_MB		; HB 相等，比较 MB
  1473 0000FD33 C9 9F               		CMP		#C_ADC_Bat38V_MB
  1474 0000FD35 90 18               		BCC		?L_Check36V
  1475 0000FD37                     ?L_Bat_Level1:
  1476 0000FD37 A9 01               		LDA		#D_BatLevel1
  1477 0000FD39 8D 86 00            		STA		R_LVDStatus
  1478                              		%bitr	R_Charge, D_LowPower
  1479 0000FD3C AD 85 00          1           lda     R_Charge               ;ex.  
  1480 0000FD3F 29 FE             1           and     #.NOT.D_LowPower         ;  %bitr 10H,_BIT0;  10H.0=0
  1481 0000FD41 8D 85 00          1           sta     R_Charge
  1482                              		%bits	R_KeyFlag, D_UpdateBAT
  1483 0000FD44 AD 71 00          1           lda     R_KeyFlag               ;ex.  
  1484 0000FD47 09 10             1           ora     #D_UpdateBAT              ;  %bits 10H,_BIT0
  1485                            1 		                   ;  10H.0=1
  1486 0000FD49 8D 71 00          1           sta     R_KeyFlag               ;
  1487 0000FD4C 4C B0 FD            		JMP		?L_DCDet_Exit
  1488                              
  1489                              		;--- 判断是否 >= 3.6V ---
  1490 0000FD4F                     ?L_Check36V:
  1491 0000FD4F A5 90               		LDA		R_ADC_LineIn_HB
  1492 0000FD51 C9 09               		CMP		#C_ADC_Bat36V_HB
  1493 0000FD53 90 20               		BCC		?L_Check34V
  1494 0000FD55 D0 06               		BNE		?L_Bat_Level2
  1495 0000FD57 A5 8F               		LDA		R_ADC_LineIn_MB
  1496 0000FD59 C9 1F               		CMP		#C_ADC_Bat36V_MB
  1497 0000FD5B 90 18               		BCC		?L_Check34V
  1498 0000FD5D                     ?L_Bat_Level2:
  1499 0000FD5D A9 02               		LDA		#D_BatLevel2
  1500 0000FD5F 8D 86 00            		STA		R_LVDStatus
  1501                              		%bitr	R_Charge, D_LowPower
  1502 0000FD62 AD 85 00          1           lda     R_Charge               ;ex.  
  1503 0000FD65 29 FE             1           and     #.NOT.D_LowPower         ;  %bitr 10H,_BIT0;  10H.0=0
  1504 0000FD67 8D 85 00          1           sta     R_Charge
  1505                              		%bits	R_KeyFlag, D_UpdateBAT
  1506 0000FD6A AD 71 00          1           lda     R_KeyFlag               ;ex.  
  1507 0000FD6D 09 10             1           ora     #D_UpdateBAT              ;  %bits 10H,_BIT0
  1508                            1 		                   ;  10H.0=1
  1509 0000FD6F 8D 71 00          1           sta     R_KeyFlag               ;
  1510 0000FD72 4C B0 FD            		JMP		?L_DCDet_Exit
  1511                              
  1512                              		;--- 判断是否 >= 3.4V ---
  1513 0000FD75                     ?L_Check34V:
  1514 0000FD75 A5 90               		LDA		R_ADC_LineIn_HB
  1515 0000FD77 C9 08               		CMP		#C_ADC_Bat34V_HB
  1516 0000FD79 90 20               		BCC		?L_Bat_LowPower
  1517 0000FD7B D0 06               		BNE		?L_Bat_Level3
  1518 0000FD7D A5 8F               		LDA		R_ADC_LineIn_MB
  1519 0000FD7F C9 9F               		CMP		#C_ADC_Bat34V_MB
  1520 0000FD81 90 18               		BCC		?L_Bat_LowPower
  1521 0000FD83                     ?L_Bat_Level3:
  1522 0000FD83 A9 04               		LDA		#D_BatLevel3
  1523 0000FD85 8D 86 00            		STA		R_LVDStatus
  1524                              		%bitr	R_Charge, D_LowPower
  1525 0000FD88 AD 85 00          1           lda     R_Charge               ;ex.  
  1526 0000FD8B 29 FE             1           and     #.NOT.D_LowPower         ;  %bitr 10H,_BIT0;  10H.0=0
  1527 0000FD8D 8D 85 00          1           sta     R_Charge
  1528                              		%bits	R_KeyFlag, D_UpdateBAT
  1529 0000FD90 AD 71 00          1           lda     R_KeyFlag               ;ex.  
  1530 0000FD93 09 10             1           ora     #D_UpdateBAT              ;  %bits 10H,_BIT0
  1531                            1 		                   ;  10H.0=1
  1532 0000FD95 8D 71 00          1           sta     R_KeyFlag               ;
  1533 0000FD98 4C B0 FD            		JMP		?L_DCDet_Exit
  1534                              
  1535                              		;--- 低于 3.4V，低电标志 ---
  1536 0000FD9B                     ?L_Bat_LowPower:
  1537 0000FD9B A9 00               		LDA		#00H
  1538 0000FD9D 8D 86 00            		STA		R_LVDStatus
  1539                              		%bits	R_Charge, D_LowPower
  1540 0000FDA0 AD 85 00          1           lda     R_Charge               ;ex.  
  1541 0000FDA3 09 01             1           ora     #D_LowPower              ;  %bits 10H,_BIT0
  1542                            1 		                   ;  10H.0=1
  1543 0000FDA5 8D 85 00          1           sta     R_Charge               ;
  1544                              		%bits	R_KeyFlag, D_UpdateBAT
  1545 0000FDA8 AD 71 00          1           lda     R_KeyFlag               ;ex.  
  1546 0000FDAB 09 10             1           ora     #D_UpdateBAT              ;  %bits 10H,_BIT0
  1547                            1 		                   ;  10H.0=1
  1548 0000FDAD 8D 71 00          1           sta     R_KeyFlag               ;
  1549                              
  1550 0000FDB0                     ?L_DCDet_Exit:
  1551 0000FDB0 60                  		RTS
  1552                              
  1553                              .ENDS
  1554                              .END
0 Error(s), 0 Warning(s).

