        Generalplus 6502 Assembler - Version 1.7.1.0  
              Listing File Has Been Relocated

     1                              ; or disclosed in whole in part without prior written permission.
     2                              ;       (C) COPYRIGHT 2009   Generalplus TECHNOLOGY CO.                            
     3                              ;                   ALL RIGHTS RESERVED
     4                              ; The entire notice above must be reproduced on all authorized copies.
     5                              ;==================================================================================
     6                              ;==================================================================================
     7                              ; Name                  : lcd.asm
     8                              ; Applied Body          : GPL815PX
     9                              ; Programmer            : yanxiaodu
    10                              ; Description           : lcd function
    11                              ; History version       : v1.0  2011/06/21 by yanxiaodu first modify
    12                              ;==================================================================================
    13                              
    14                              ;==========================================
    15                              ; Compiler parameter define
    16                              ;==========================================
    17                              .SYNTAX 6502
    18                              .LINKLIST
    19                              .SYMBOLS
    20                              ;==========================================
    21                              ; Constant define area
    22                              ;==========================================
    23                              C_Bit_0:				.EQU	%00000001
    24                              C_Bit_1:				.EQU	%00000010
    25                              C_Bit_2:				.EQU	%00000100
    26                              C_Bit_3:				.EQU	%00001000
    27                              C_Bit_4:				.EQU	%00010000
    28                              C_Bit_5:				.EQU	%00100000
    29                              C_Bit_6:				.EQU	%01000000
    30                              C_Bit_7:				.EQU	%10000000
    31                              C_HideHigh:				.EQU	%00001111
    32                              C_HideLow:				.EQU	%11110000
    33                              
    34                              
    35                              
    36                              ;==========================================
    37                              ; Include file area
    38                              ;==========================================
    39                              .INCLUDE		GPL815P.inc
    40                      <       	.IFDEF		GPL815_SERIES
    41                      <       
    42                      <       ;---------------------------------
    43                      <       GPL815P02Ax		.EQU		1
    44                      <       ;---------------------------------
    45                      <       
    46                      <       .ifndef GPL815P_Body_inc
    47                      <       GPL815P_Body_inc:    .EQU    1
    48                      <       ;==================================================================================
    49                      <       ; The information contained herein is the exclusive property of
    50                      <       ; Generalplus Technology Co. And shall not be distributed, reproduced,
    51                      <       ; or disclosed in whole in part without prior written permission.
    52                      <       ;       (C) COPYRIGHT 2014   Generalplus TECHNOLOGY CO.                            
    53                      <       ;                   ALL RIGHTS RESERVED
    54                      <       ; The entire notice above must be reproduced on all authorized copies.
    55                      <       ;==================================================================================
    56                      <       ;==================================================================================
    57                      <       ; Program Name: GPL815P series register declare
    58                      <       ; Applied body:  
    59                      <       ; Programmer  : Frank Kung
    60                      <       ; Description : 
    61                      <       ;             : V0.1
    62                      <       ; History version
    63                      <       ; Rev #  Date         Who         Comments
    64                      <       ; -----  -----------  --------    ---------------------------------------------------
    65                      <       ; 0.1    2024/08/19   Frank Kung    release
    66                      <       ; 0.2    2025/03/31   Frank Kung    Add Body :   GPL815P02Ax
    67                      <       ;==================================================================================
    68                      <       ;==================================================================================
    69                      <       
    70                      <       P_System_Ctrl_Base:                     .EQU    $3000
    71                      <       P_IO_Ctrl_Base:                         .EQU    $3080
    72                      <       P_INT_Ctrl_Base:                        .EQU    $30C0
    73                      <       P_TIMER_Ctrl_Base:                      .EQU    $3110
    74                      <       P_UART_Ctrl_Base:						.EQU	$3150
    75                      <       P_SPI_Ctrl_Base:                        .EQU    $3180
    76                      <       P_SWT_Ctrl_Base:                        .EQU    $3200
    77                      <       P_ADC_Ctrl_Base:                        .EQU    $3340 
    78                      <       P_I2C_Ctrl_Base:                        .EQU    $3360 
    79                      <       P_Buzzer_Ctrl_Base:						.EQU    $3371
    80                      <       P_AUX_Ctrl_Base:                        .EQU    $33D0
    81                      <       P_LCD_Ctrl_Base:                        .EQU    $3450
    82                      <       P_PWMIO_Ctrl_Base:                      .EQU    $3490
    83                      <       P_RFC_Ctrl_Base:						.EQU	$34C0
    84                      <       
    85                      <       
    86                      <           .IFNDEF GPL815P04Ax
    87                      <           GPL815P04Ax: .EQU    0
    88                      <           .ENDIF 
    89                      <           
    90                      <           .IFNDEF GPL815P04Ax_16KB
    91                      <           GPL815P04Ax_16KB: .EQU    0
    92                      <           .ENDIF     
    93                      <           
    94                      <           .IFNDEF GPL815P04Bx
    95                      <           GPL815P04Bx: .EQU    0
    96                      <           .ENDIF    
    97                      <           
    98                      <           .IFNDEF GPL815P04Bx_15KB
    99                      <           GPL815P04Bx_15KB: .EQU    0
   100                      <           .ENDIF         
   101                      <           
   102                      <           .IFNDEF GPL815P03Ax
   103                      <           GPL815P03Ax: .EQU    0
   104                      <           .ENDIF     
   105                      <             
   106                      <           .IFNDEF GPL815P03Bx
   107                      <           GPL815P03Bx: .EQU    0
   108                      <           .ENDIF   
   109                      <           
   110                      <           .IFNDEF GPL815P02Ax
   111                      <           GPL815P02Ax: .EQU    0
   112                      <           .ENDIF       
   113                      <       
   114                      <           
   115                      <       .IF (GPL815P04Ax+GPL815P04Ax_16KB+GPL815P04Bx+GPL815P04Bx_15KB+GPL815P03Ax+GPL815P03Bx+GPL815P02Ax)
   116                      <       GPL815P      .EQU    1
   117                      <       .ENDIF
   118                      <       
   119                      <       	.IFDEF GPL815P
   120                      <       ;===============================================================
   121                      <       ;               System base Control Registers
   122                      <       ;               Base Address Start from 0x3000 
   123                      <       ;===============================================================
   124                      <       ;==============  BANK Register  =============
   125                      <       P_BANK_Sel:                     .EQU    P_System_Ctrl_Base+0x00 ;$0x3000
   126                      <       
   127                      <       ;==========  CPU & Clock Register  ==========
   128                      <       P_CLK_IOSC_Ctrl:                 .EQU    P_System_Ctrl_Base+0x07 ;$0x3007
   129                      <       	D_CPUSysClkDiv1:				.EQU	00000000B
   130                      <       	D_CPUSysClkDiv2:				.EQU	00000001B
   131                      <       	D_CPUSysClkDiv4:				.EQU	00000010B
   132                      <       	D_CPUSysClkDiv8:				.EQU	00000011B
   133                      <       	D_SYS32K:						.EQU	00000000B
   134                      <       	D_SYS2M:						.EQU	00010000B
   135                      <       	D_SYS4M:						.EQU	00100000B
   136                      <       	D_SYS8M:						.EQU	00110000B	
   137                      <       	
   138                      <       P_SLP_Ctrl:						.EQU    P_System_Ctrl_Base+0x09 ;$0x3009
   139                      <       	D_SleepMode:					.EQU	01011010B
   140                      <       	D_GreenMode:					.EQU	10100101B
   141                      <       	
   142                      <       ;================  LVD Ctrl  ================
   143                      <       P_LVD_Ctrl:                     .EQU    P_System_Ctrl_Base+0x0A ;$0x300A
   144                      <       	D_LVDEn:						.EQU	10000000B
   145                      <       	D_LVDStatus:					.EQU	00100000B
   146                      <       	D_LVD2P1V:						.EQU	00000000B	
   147                      <       	D_LVD2P4V:						.EQU	00000001B	
   148                      <       	D_LVD3P0V:						.EQU	00000010B	
   149                      <       	D_LVD3P3V:						.EQU	00000011B	
   150                      <       	D_LVDLevelMask:					.EQU	00000011B	
   151                      <       		
   152                      <       ;===========  Watch Dog Register  ===========
   153                      <       P_WDT_Clear:					.EQU    P_System_Ctrl_Base+0x0B ;$0x300B
   154                      <       
   155                      <       ;=============  Reset Register  =============
   156                      <       P_RESET_Ctrl:					.EQU    P_System_Ctrl_Base+0x0C ;$0x300C
   157                      <       	D_LVRResetEn:					.EQU	00000001B
   158                      <       	D_IllegalAddrResetEn:			.EQU	00000010B
   159                      <       	D_SWResetEn:					.EQU	00000100B
   160                      <       	D_WDTResetEn:					.EQU	00001000B	
   161                      <       	
   162                      <       P_RESET_Status:					.EQU    P_System_Ctrl_Base+0x0D ;$0x300D
   163                      <       	D_LVRResetFlag:					.EQU	00000001B
   164                      <       	D_IllegalAddrResetFlag:			.EQU	00000010B
   165                      <       	D_SWResetFlag:					.EQU	00000100B
   166                      <       	D_WDTResetFlag:					.EQU	00001000B
   167                      <       	
   168                      <       
   169                      <       ;===============================================================
   170                      <       ;               IO base Control Registers
   171                      <       ;               Base Address Start from 0x3080 
   172                      <       ;=============================================================== 
   173                      <       ;===============  IO Register  ==============
   174                      <       P_IO_Ctrl1:                      .EQU    P_IO_Ctrl_Base+0x00     ;$0x3080
   175                      <       	D_IRDuty2:						.EQU	00000000B
   176                      <       	D_IRDuty3:						.EQU	00000010B
   177                      <       	D_IRDuty4:						.EQU	00000100B
   178                      <       	D_IRDuty5:						.EQU	00000110B	
   179                      <       	D_IREn:							.EQU	00001000B
   180                      <       	D_ExtI1Edge:					.EQU	00010000B
   181                      <       	D_ExtI1En:						.EQU	00100000B
   182                      <       	D_ExtI2Edge:					.EQU	01000000B
   183                      <       	D_ExtI2En:						.EQU	10000000B
   184                      <       	
   185                      <       P_IO_Ctrl2:                      .EQU    P_IO_Ctrl_Base+0x01     ;$0x3081
   186                      <       	D_RFC1En:						.EQU	00000001B
   187                      <       	D_RFC2En:						.EQU	00000010B	
   188                      <       	D_RFC1OutEn:					.EQU	00000100B
   189                      <       	D_RFC2OutEn:					.EQU	00001000B
   190                      <       	D_PA32KOutEn:					.EQU	01000000B
   191                      <       	D_PD32KOutEn:					.EQU	10000000B
   192                      <       	
   193                      <       P_IO_RFC_Ctrl:                   .EQU    P_IO_Ctrl_Base+0x02     ;$0x3082
   194                      <       	D_REF2En:						.EQU	00000001B
   195                      <       	D_SEN2AEn:						.EQU	00000010B
   196                      <       	D_SEN2BEn:						.EQU	00001000B	
   197                      <       	D_REF1En:						.EQU	00010000B
   198                      <       	D_SEN1AEn:						.EQU	00100000B
   199                      <       	D_SEN1BEn:						.EQU	10000000B
   200                      <       	
   201                      <       P_IO_LCDPORT_Ctrl:              .EQU    P_IO_Ctrl_Base+0x03     ;$0x3083
   202                      <       	D_PCEn:							.EQU	00000001B	
   203                      <       	D_PDEn:							.EQU	00000010B
   204                      <       	D_PEEn:							.EQU	00000100B
   205                      <       	D_ShiftSeg0:					.EQU	00000000B
   206                      <       	D_ShiftSeg8:					.EQU	00010000B
   207                      <       	D_ShiftSeg16:					.EQU	00100000B
   208                      <       	D_ShiftSeg24:					.EQU	00110000B	
   209                      <       		
   210                      <       P_IO_KeyChange_Ctrl1:           .EQU    P_IO_Ctrl_Base+0x04     ;$0x3084
   211                      <       P_IO_KeyChange_Ctrl2:           .EQU    P_IO_Ctrl_Base+0x05     ;$0x3085
   212                      <       
   213                      <       P_IO_PB_LINEN_Ctrl:				.EQU    P_IO_Ctrl_Base+0x06     ;$0x3086
   214                      <       
   215                      <       P_IO_PortA_Dir:                 .EQU    P_IO_Ctrl_Base+0x08     ;$0x3088
   216                      <       P_IO_PortA_Attrib:              .EQU    P_IO_Ctrl_Base+0x09     ;$0x3089
   217                      <       P_IO_PortA_Data:                .EQU    P_IO_Ctrl_Base+0x0A     ;$0x308A
   218                      <       P_IO_PortA_Buffer:              .EQU    P_IO_Ctrl_Base+0x0B     ;$0x308B
   219                      <       P_IO_PortA_SMT_En:				.EQU    P_IO_Ctrl_Base+0x0C     ;$0x308C
   220                      <       
   221                      <       P_IO_PortB_Dir:                 .EQU    P_IO_Ctrl_Base+0x10     ;$0x3090
   222                      <       P_IO_PortB_Attrib:              .EQU    P_IO_Ctrl_Base+0x11     ;$0x3091
   223                      <       P_IO_PortB_Data:                .EQU    P_IO_Ctrl_Base+0x12     ;$0x3092
   224                      <       P_IO_PortB_Buffer:              .EQU    P_IO_Ctrl_Base+0x13     ;$0x3093
   225                      <       P_IO_PortB_SMT_En:				.EQU    P_IO_Ctrl_Base+0x14     ;$0x3094
   226                      <       	
   227                      <       P_IO_PortC_Dir:                 .EQU    P_IO_Ctrl_Base+0x18     ;$0x3098
   228                      <       P_IO_PortC_Attrib:              .EQU    P_IO_Ctrl_Base+0x19     ;$0x3099
   229                      <       P_IO_PortC_Data:                .EQU    P_IO_Ctrl_Base+0x1A     ;$0x309A
   230                      <       P_IO_PortC_Buffer:              .EQU    P_IO_Ctrl_Base+0x1B     ;$0x309B
   231                      <       P_IO_PortC_SMT_En:				.EQU    P_IO_Ctrl_Base+0x1C     ;$0x309C
   232                      <       
   233                      <       P_IO_PortD_Dir:                 .EQU    P_IO_Ctrl_Base+0x20     ;$0x30A0
   234                      <       P_IO_PortD_Attrib:              .EQU    P_IO_Ctrl_Base+0x21     ;$0x30A1
   235                      <       P_IO_PortD_Data:                .EQU    P_IO_Ctrl_Base+0x22     ;$0x30A2
   236                      <       P_IO_PortD_Buffer:              .EQU    P_IO_Ctrl_Base+0x23     ;$0x30A3
   237                      <       P_IO_PortD_SMT_En:				.EQU    P_IO_Ctrl_Base+0x24     ;$0x30A4
   238                      <       
   239                      <       P_IO_PortE_Dir:                 .EQU    P_IO_Ctrl_Base+0x28     ;$0x30A8
   240                      <       P_IO_PortE_Attrib:              .EQU    P_IO_Ctrl_Base+0x29     ;$0x30A9
   241                      <       P_IO_PortE_Data:                .EQU    P_IO_Ctrl_Base+0x2A     ;$0x30AA
   242                      <       P_IO_PortE_Buffer:              .EQU    P_IO_Ctrl_Base+0x2B     ;$0x30AB
   243                      <       P_IO_PortE_SMT_En:				.EQU    P_IO_Ctrl_Base+0x2C     ;$0x30AC
   244                      <       	
   245                      <       
   246                      <       P_IO_Ctrl3:                     .EQU    P_IO_Ctrl_Base+0x30     ;$0x30B0
   247                      <       	D_PFEn:							.EQU	00000001B
   248                      <       	D_PGEn:							.EQU	00000010B
   249                      <       
   250                      <       P_IO_PortF_Buffer:				.EQU    P_IO_Ctrl_Base+0x31     ;$0x30B1
   251                      <       P_IO_PortG_Buffer:				.EQU    P_IO_Ctrl_Base+0x32     ;$0x30B2	
   252                      <       ;===============================================================
   253                      <       ;               Interrupt base Control Registers
   254                      <       ;               Base Address Start from 0x30C0 
   255                      <       ;=============================================================== 
   256                      <       ;============  INT/NMI Register  ============
   257                      <       P_NMI_Ctrl:                     .EQU    P_INT_Ctrl_Base+0x00    ;$0x30C0 
   258                      <       	D_LVDNMIEn:						.EQU	00000001B
   259                      <       	D_TM1NMIEn:						.EQU	00000010B
   260                      <       	D_TM0NMIEn:						.EQU	00000100B	
   261                      <       	D_ILLADRNMIEn:					.EQU	00010000B
   262                      <       	
   263                      <       P_NMI_Status:                   .EQU    P_INT_Ctrl_Base+0x01    ;$0x30C1
   264                      <       	D_LVDNMIFlag:						.EQU	00000001B
   265                      <       	D_TM1NMIFlag:						.EQU	00000010B
   266                      <       	D_TM0NMIFlag:						.EQU	00000100B	
   267                      <       	D_ILLADRNMIFlag:					.EQU	00010000B	
   268                      <       	
   269                      <       P_INT_Ctrl1:                    .EQU    P_INT_Ctrl_Base+0x02    ;$0x30C2
   270                      <       	D_FPIntEn:						.EQU	00000001B
   271                      <       	D_SPIInt_En:					.EQU	00000010B
   272                      <       	D_TM0IntEn:						.EQU	10000000B	
   273                      <       	
   274                      <       P_INT_Ctrl2:                    .EQU    P_INT_Ctrl_Base+0x03    ;$0x30C3   
   275                      <       	D_ExtI1IntEn:					.EQU	00000001B	
   276                      <       	D_ExtI2IntEn:					.EQU	00000010B
   277                      <       	D_TBLIntEn:						.EQU	00000100B
   278                      <       	D_TBHIntEn:						.EQU	00001000B	
   279                      <       	D_KeyIntEn:						.EQU	00010000B		
   280                      <       	D_TM1IntEn:						.EQU	00100000B
   281                      <       	D_RFCTM0IntEn:					.EQU	01000000B
   282                      <       	D_RFCTM1IntEn:					.EQU	10000000B
   283                      <       		
   284                      <       P_INT_Ctrl3:                    .EQU    P_INT_Ctrl_Base+0x04    ;$0x30C4 
   285                      <       	D_LVDIntEn:						.EQU	00000001B	
   286                      <       	D_ADCIntEn:						.EQU	00000010B
   287                      <       	D_UARTIntEn:					.EQU	00000100B
   288                      <       	D_SWTIntEn:						.EQU	00001000B
   289                      <       	D_I2CIntEn:						.EQU	00010000B
   290                      <       	D_PWMTMIntEn:					.EQU	00100000B
   291                      <       	D_CaptureIntEn:					.EQU	01000000B	
   292                      <       	
   293                      <       P_INT_Status1:            		.EQU    P_INT_Ctrl_Base+0x0A    ;$0x30CA 
   294                      <       	D_FP_Flag:						.EQU	00000001B
   295                      <       	D_SPI_Flag:						.EQU	00000010B
   296                      <       	D_TM0_Flag:						.EQU	10000000B	
   297                      <       	
   298                      <       P_INT_Status2:            		.EQU    P_INT_Ctrl_Base+0x0B    ;$0x30CB
   299                      <       	D_EXT1_Flag:					.EQU	00000001B
   300                      <       	D_EXT2_Flag:					.EQU	00000010B
   301                      <       	D_TBL_Flag:						.EQU	00000100B
   302                      <       	D_TBH_Flag:						.EQU	00001000B
   303                      <       	D_Key_Flag:						.EQU	00010000B
   304                      <       	D_TM1_Flag:						.EQU	00100000B
   305                      <       	D_RFCTM0_Flag:					.EQU	01000000B	
   306                      <       	D_RFCTM1_Flag:					.EQU	10000000B
   307                      <       	
   308                      <       P_INT_Status3:            		.EQU    P_INT_Ctrl_Base+0x0C    ;$0x30CC
   309                      <       	D_LVD_Flag:						.EQU	00000001B	
   310                      <       	D_ADC_Flag:						.EQU	00000010B
   311                      <       	D_UART_Flag:					.EQU	00000100B
   312                      <       	D_SWT_Flag:						.EQU	00001000B
   313                      <       	D_I2C_Flag:						.EQU	00010000B
   314                      <       	D_PWMTM_Flag:					.EQU	00100000B
   315                      <       	D_Capture_Flag:					.EQU	01000000B
   316                      <       	
   317                      <       P_INT_FP_Clear:					.EQU    P_INT_Ctrl_Base+0x10    ;$0x30D0 
   318                      <       P_INT_SPI_Clear:				.EQU    P_INT_Ctrl_Base+0x11    ;$0x30D1
   319                      <       P_INT_TM0_Clear:				.EQU    P_INT_Ctrl_Base+0x17    ;$0x30D7
   320                      <       P_INT_EXT1_Clear:				.EQU    P_INT_Ctrl_Base+0x18    ;$0x30D8
   321                      <       P_INT_EXT2_Clear:				.EQU    P_INT_Ctrl_Base+0x19    ;$0x30D9
   322                      <       P_INT_TBL_Clear:				.EQU    P_INT_Ctrl_Base+0x1A    ;$0x30DA 
   323                      <       P_INT_TBH_Clear:				.EQU    P_INT_Ctrl_Base+0x1B    ;$0x30DB 
   324                      <       P_INT_KEY_Clear:				.EQU    P_INT_Ctrl_Base+0x1C    ;$0x30DC
   325                      <       P_INT_TM1_Clear:				.EQU    P_INT_Ctrl_Base+0x1D    ;$0x30DD
   326                      <       P_INT_RFCTM0_Clear:				.EQU	P_INT_Ctrl_Base+0x1E    ;$0x30DE
   327                      <       P_INT_RFCTM1_Clear:				.EQU	P_INT_Ctrl_Base+0x1F    ;$0x30DF	
   328                      <       P_INT_LVD_Clear:				.EQU    P_INT_Ctrl_Base+0x20    ;$0x30E0
   329                      <       P_INT_ADC_Clear:				.EQU    P_INT_Ctrl_Base+0x21    ;$0x30E1
   330                      <       P_INT_UART_Clear:				.EQU    P_INT_Ctrl_Base+0x22    ;$0x30E2
   331                      <       P_INT_SWT_Clear:				.EQU    P_INT_Ctrl_Base+0x23    ;$0x30E3
   332                      <       P_INT_I2C_Clear:				.EQU    P_INT_Ctrl_Base+0x24    ;$0x30E4
   333                      <       P_INT_PWMTM_Clear:				.EQU    P_INT_Ctrl_Base+0x25    ;$0x30E5
   334                      <       P_INT_Capture_Clear:			.EQU    P_INT_Ctrl_Base+0x26    ;$0x30E6
   335                      <       P_NMI_LVD_Clear:				.EQU    P_INT_Ctrl_Base+0x30    ;$0x30F0
   336                      <       P_NMI_TM1_Clear:				.EQU    P_INT_Ctrl_Base+0x31    ;$0x30F1
   337                      <       P_NMI_TM0_Clear:				.EQU    P_INT_Ctrl_Base+0x32    ;$0x30F2
   338                      <       P_NMI_ILLADDR_Clear:			.EQU    P_INT_Ctrl_Base+0x34    ;$0x30F4
   339                      <       
   340                      <       
   341                      <       ;===============================================================
   342                      <       ;               TIME base Control Registers
   343                      <       ;               Base Address Start from 0x3110 
   344                      <       ;=============================================================== 
   345                      <       ;=============  Timer Register  =============
   346                      <       P_TIMER_TimeBase_Ctrl1:         .EQU    P_TIMER_Ctrl_Base+0x00  ;$0x3110
   347                      <       	D_TBRUN:						.EQU	00000001B
   348                      <       	D_TBRST:						.EQU	00010000B
   349                      <       	
   350                      <       P_TIMER_TimeBase_CNT:           .EQU    P_TIMER_Ctrl_Base+0x01  ;$0x3111
   351                      <       
   352                      <       P_TIMER_TimeBase_Ctrl2:		    .EQU    P_TIMER_Ctrl_Base+0x02  ;$0x3112
   353                      <       	D_1KHzEn:						.EQU	00000001B	
   354                      <       	D_512HzEn:						.EQU	00000010B	
   355                      <       	D_256HzEn:						.EQU	00000100B
   356                      <       	D_128HzEn:						.EQU	00001000B	
   357                      <       	D_32HzEn:						.EQU	00010000B	
   358                      <       	D_8HzEn:						.EQU	00100000B
   359                      <       	D_2HzEn:						.EQU	01000000B	
   360                      <       	D_1HzEn:						.EQU	10000000B	
   361                      <       	
   362                      <       P_TIMER_TimeBase_Status:            .EQU    P_TIMER_Ctrl_Base+0x03  ;$0x3113
   363                      <       	D_1KHz_Flag:					.EQU	00000001B	
   364                      <       	D_512Hz_Flag:					.EQU	00000010B	
   365                      <       	D_256Hz_Flag:					.EQU	00000100B
   366                      <       	D_128Hz_Flag:					.EQU	00001000B	
   367                      <       	D_32Hz_Flag:					.EQU	00010000B	
   368                      <       	D_8Hz_Flag:						.EQU	00100000B
   369                      <       	D_2Hz_Flag:						.EQU	01000000B	
   370                      <       	D_1Hz_Flag:						.EQU	10000000B
   371                      <       		
   372                      <       P_TIMER_EN:						.EQU	P_TIMER_Ctrl_Base+0x04  ;$0x3114
   373                      <       	D_TM0En:						.EQU	00000001B
   374                      <       	D_TM1En:						.EQU	00000010B
   375                      <       	
   376                      <       P_TIMER_Timer_Ctrl:         	.EQU    P_TIMER_Ctrl_Base+0x05  ;$0x3115	
   377                      <       	D_TM1stop:						.EQU	00000000B
   378                      <       	D_TM1ClkSysClk:					.EQU	00000001B
   379                      <       	D_TM1Clk32K:					.EQU	00000010B
   380                      <       	D_TM1ClkTM0:					.EQU	00000011B
   381                      <       	
   382                      <       	D_TM0Stop:						.EQU	00000000B
   383                      <       	D_TM0AClkSysClk:				.EQU	00100000B
   384                      <       	D_TM0AClk32K:					.EQU	01000000B
   385                      <       	D_TM0AClkEXT1:					.EQU	01100000B	
   386                      <       	D_TM0AClkEXT2:					.EQU	10000000B
   387                      <       	
   388                      <       	D_TM0BClkVDD:					.EQU	00000000B
   389                      <       	D_TM0BClkEXT1:					.EQU	00001000B
   390                      <       	D_TM0BClkEXT2:					.EQU	00001100B
   391                      <       	D_TM0BClk2Hz:					.EQU	00010000B	
   392                      <       	D_TM0BClk8Hz:					.EQU	00010100B
   393                      <       	D_TM0BClk32Hz:					.EQU	00011000B
   394                      <       	D_TM0BClk64Hz:					.EQU	00011100B	
   395                      <       
   396                      <       
   397                      <       P_TIMER_TM0Data_LB:             .EQU    P_TIMER_Ctrl_Base+0x08  ;$0x3118
   398                      <       P_TIMER_TM0Data_HB:             .EQU    P_TIMER_Ctrl_Base+0x09  ;$0x3119
   399                      <       P_TIMER_TM0CntData_LB:          .EQU    P_TIMER_Ctrl_Base+0x0A  ;$0x311A
   400                      <       P_TIMER_TM0CntData_HB:          .EQU    P_TIMER_Ctrl_Base+0x0B  ;$0x311B
   401                      <       
   402                      <       P_TIMER_TM1Data_LB:             .EQU    P_TIMER_Ctrl_Base+0x0C  ;$0x311C
   403                      <       P_TIMER_TM1Data_HB:             .EQU    P_TIMER_Ctrl_Base+0x0D  ;$0x311D
   404                      <       P_TIMER_TM1CntData_LB:          .EQU    P_TIMER_Ctrl_Base+0x0E  ;$0x311E
   405                      <       P_TIMER_TM1CntData_HB:          .EQU    P_TIMER_Ctrl_Base+0x0F  ;$0x311F
   406                      <       
   407                      <       
   408                      <       ;===============================================================
   409                      <       ;               SWT base Control Registers
   410                      <       ;               Base Address Start from 0x3200 
   411                      <       ;=============================================================== 
   412                      <       P_SWT_CTRL1:					.EQU    P_SWT_Ctrl_Base+0x00	;$0x3200
   413                      <       	D_SWTRun:						.EQU	00000001B
   414                      <       	D_SWTRst:						.EQU	00010000B	
   415                      <       
   416                      <       P_SWT_BCD_CNT:					.EQU    P_SWT_Ctrl_Base+0x01	;$0x3201
   417                      <       
   418                      <       P_SWT_1K_BCD:					.EQU    P_SWT_Ctrl_Base+0x02	;$0x3202
   419                      <       
   420                      <       P_SWT_Ctrl2:					.EQU    P_SWT_Ctrl_Base+0x03	;$0x3203
   421                      <       	D_T1HzEn:						.EQU	00000001B
   422                      <       	D_T10HzEn:						.EQU	00000010B
   423                      <       	D_T100HzEn:						.EQU	00000100B
   424                      <       	D_T1KHzEn:						.EQU	00001000B	
   425                      <       	
   426                      <       P_SWT_Status:					.EQU    P_SWT_Ctrl_Base+0x04	;$0x3204
   427                      <       	D_T1Hz_Flag:					.EQU	00000001B
   428                      <       	D_T10Hz_Flag:					.EQU	00000010B
   429                      <       	D_T100Hz_Flag:					.EQU	00000100B
   430                      <       	D_T1KHz_Flag:					.EQU	00001000B	
   431                      <       	
   432                      <       
   433                      <       ;===============================================================
   434                      <       ;               UART base Control Registers
   435                      <       ;               Base Address Start from 0x3150 
   436                      <       ;===============================================================
   437                      <       P_UART_Data:           			.EQU    P_UART_Ctrl_Base+0x00  ;$0x3150
   438                      <       
   439                      <       P_UART_RX_Status:           	.EQU    P_UART_Ctrl_Base+0x01  ;$0x3151
   440                      <       	D_FrameErrorFlag:				.EQU		00000001B
   441                      <       	D_ParityErrorFlag:				.EQU		00000010B
   442                      <       	D_BreakErrorFlag:				.EQU		00000100B
   443                      <       	D_OverrunErrorFlag:				.EQU		00001000B
   444                      <       	
   445                      <       	
   446                      <       P_UART_Ctrl1:           		.EQU    P_UART_Ctrl_Base+0x02  ;$0x3152	
   447                      <       	D_UARTReset:					.EQU		00001000B
   448                      <       	D_UARTEn:						.EQU		00010000B
   449                      <       	D_UARTRxTimeoutIntEn:			.EQU		00100000B
   450                      <       	D_UARTTxIntEn:					.EQU		01000000B
   451                      <       	D_UARTRxIntEn:					.EQU		10000000B
   452                      <       	
   453                      <       P_UART_Ctrl2:           		.EQU    P_UART_Ctrl_Base+0x03  ;$0x3153
   454                      <       	D_UARTSendBreak:				.EQU		00000001B
   455                      <       	D_UARTParityEn:					.EQU		00000010B
   456                      <       	D_UARTParityOdd:				.EQU		00000000B
   457                      <       	D_UARTParityEven:				.EQU		00000100B	
   458                      <       	D_UARTStopBit1:					.EQU		00000000B
   459                      <       	D_UARTStopBit2:					.EQU		00001000B	
   460                      <       	D_UARTFIFOEn:					.EQU		00010000B
   461                      <       	D_UARTDataBit5:					.EQU		00000000B
   462                      <       	D_UARTDataBit6:					.EQU		00100000B
   463                      <       	D_UARTDataBit7:					.EQU		01000000B
   464                      <       	D_UARTDataBit8:					.EQU		01100000B
   465                      <       	
   466                      <       P_UART_BaudRate_HB:           	.EQU    P_UART_Ctrl_Base+0x04  ;$0x3154
   467                      <       P_UART_BaudRate_LB:           	.EQU    P_UART_Ctrl_Base+0x05  ;$0x3155
   468                      <       
   469                      <       P_UART_Status1:           		.EQU    P_UART_Ctrl_Base+0x06  ;$0x3156
   470                      <       	D_RxTimeOutFlag:				.EQU		00100000B
   471                      <       	D_TxIntFlag:					.EQU 		01000000B
   472                      <       	D_RxIntFlag:					.EQU		10000000B
   473                      <       	
   474                      <       P_UART_Status2:           		.EQU    P_UART_Ctrl_Base+0x07  ;$0x3157
   475                      <       	D_UARTBusy:						.EQU		00001000B
   476                      <       	D_UARTRxFIFOEmpty:				.EQU		00010000B
   477                      <       	D_UARTTxFIFOFull:				.EQU		00100000B
   478                      <       	D_UARTRxFIFOFull:				.EQU		01000000B
   479                      <       	D_UARTTxFIFOEmpty:				.EQU		10000000B	
   480                      <       	
   481                      <       P_UART_FMD:           			.EQU    P_UART_Ctrl_Base+0x0A  ;$0x315A
   482                      <       
   483                      <       ;===============================================================
   484                      <       ;               SPI base Control Registers
   485                      <       ;               Base Address Start from 0x3180 
   486                      <       ;=============================================================== 
   487                      <       ;==============  SPI Register  ==============
   488                      <       .IF (GPL815P04Ax+GPL815P04Ax_16KB+GPL815P04Bx+GPL815P04Bx_15KB+GPL815P03Ax+GPL815P03Bx)
   489                      <       P_SPI_Ctrl:                    .EQU    P_SPI_Ctrl_Base+0x00    ;$0x3180
   490                      <       	D_SPICpuClkDiv2:				.EQU		00000000B
   491                      <       	D_SPICpuClkDiv4:				.EQU		00000001B
   492                      <       	D_SPICpuClkDiv8:				.EQU		00000010B
   493                      <       	D_SPICpuClkDiv16:				.EQU		00000011B
   494                      <       	D_SPICpuClkDiv32:				.EQU		00000100B
   495                      <       	D_SPICpuClkDiv64:				.EQU		00000101B
   496                      <       	D_SPICpuClkDiv128:				.EQU		00000110B
   497                      <       	D_SPIPolarity:					.EQU		00001000B
   498                      <       	D_SPIPhase:						.EQU		00010000B
   499                      <       	D_SPIMaster:					.EQU		00000000B
   500                      <       	D_SPISlaver:					.EQU		00100000B
   501                      <       	D_SPISelfLoopEn:				.EQU		01000000B
   502                      <       	D_SPIEn:						.EQU		10000000B
   503                      <       	
   504                      <       P_SPI_TX_Status:               .EQU    P_SPI_Ctrl_Base+0x01    ;$0x3181
   505                      <       	D_SPITxEmptyFlag:				.EQU		00000010B	
   506                      <       	D_SPITxIntEn:					.EQU		01000000B
   507                      <       	D_SPITxIntFlag:					.EQU		10000000B
   508                      <       	
   509                      <       P_SPI_TX_Ctrl:                 .EQU    P_SPI_Ctrl_Base+0x02    ;$0x3182
   510                      <       	D_SPITxFIFODataLvMask:			.EQU		00000111B
   511                      <       	D_SPITxFIFOIntLvMask:			.EQU		01110000B
   512                      <       
   513                      <       P_SPI_TX_Data:                 .EQU    P_SPI_Ctrl_Base+0x03    ;$0x3183
   514                      <       
   515                      <       P_SPI_RX_Status:               .EQU    P_SPI_Ctrl_Base+0x04    ;$0x3184
   516                      <       	D_SPIRxFIFOOverRun:				.EQU		00000001B	
   517                      <       	D_SPIRxStatusFIFOFull:			.EQU		00000010B
   518                      <       	D_SPIRxIntEn:					.EQU		01000000B
   519                      <       	D_SPIRxIntFlag:					.EQU		10000000B
   520                      <       	
   521                      <       P_SPI_RX_Ctrl:                 .EQU    P_SPI_Ctrl_Base+0x05    ;$0x3185
   522                      <       	D_SPIRxFIFODataLvMask:			.EQU		00000111B
   523                      <       	D_SPIRxFIFOIntLvMask:			.EQU		01110000B
   524                      <       
   525                      <       P_SPI_RX_Data:                 .EQU    P_SPI_Ctrl_Base+0x06    ;$0x3186
   526                      <       
   527                      <       P_SPI_Misc_Ctrl:               .EQU    P_SPI_Ctrl_Base+0x07    ;$0x3187
   528                      <       	D_SPITxFIFOEmpty:				.EQU		00000001B	
   529                      <       	D_SPITxFIFONotFull:				.EQU		00000010B
   530                      <       	D_SPIRxFIFONotEmpty:			.EQU		00000100B
   531                      <       	D_SPIMiscRxFIFOFull:			.EQU		00001000B
   532                      <       	D_SPIBusy:						.EQU		00010000B
   533                      <       	D_SPISmartEn:					.EQU		00100000B
   534                      <       	D_SPIOverWriteEn:				.EQU		01000000B
   535                      <       	D_SPIFIFOReset:					.EQU		10000000B
   536                      <       	
   537                      <       P_SPI_Port_Ctrl:               .EQU    P_SPI_Ctrl_Base+0x08    ;$0x3188
   538                      <       	D_SPIAutoRead:					.EQU		00000001B
   539                      <       	D_SPIIO:						.EQU		00000000B
   540                      <       	D_SPIPB:						.EQU		00000000B
   541                      <       	D_SPIPD:						.EQU		00001000B	
   542                      <       	D_SPICSDisable:					.EQU		00010000B
   543                      <       .ENDIF	
   544                      <       	
   545                      <       ;===============================================================
   546                      <       ;               ADC base Control Registers
   547                      <       ;               Base Address Start from 0x3340 
   548                      <       ;===============================================================
   549                      <       P_ADC_Ctrl1:					.EQU    P_ADC_Ctrl_Base+0x00    ;$0x3340
   550                      <       	D_ADCClkDiv2:					.EQU		00000000B
   551                      <       	D_ADCClkDiv4:					.EQU		00000001B
   552                      <       	D_ADCClkDiv8:					.EQU		00000010B
   553                      <       	D_ADCClkDiv12:					.EQU		00000011B
   554                      <       	D_ADCClkDiv16:					.EQU		00000100B	
   555                      <       	D_ADCClkDiv20:					.EQU		00000101B	
   556                      <       	D_ADCClkDiv24:					.EQU		00000110B	
   557                      <       	D_ADCClkDiv28:					.EQU		00000111B	
   558                      <       	
   559                      <       	D_ADCSHCycle2:					.EQU		00000000B
   560                      <       	D_ADCSHCycle4:					.EQU		00001000B
   561                      <       	D_ADCSHCycle8:					.EQU		00010000B	
   562                      <       	D_ADCSHCycle16:					.EQU		00011000B
   563                      <       	
   564                      <       	D_ADCTrigManual:				.EQU		00000000B	
   565                      <       	D_ADCTrigTM0:					.EQU		00100000B	
   566                      <       	D_ADCTrigTM1:					.EQU		01000000B
   567                      <       	
   568                      <       	D_ADCStart:						.EQU		10000000B
   569                      <       	
   570                      <       P_ADC_Ctrl2:					.EQU    P_ADC_Ctrl_Base+0x01    ;$0x3341
   571                      <       	D_ADCPB0:						.EQU		00000000B
   572                      <       	D_ADCPB1:						.EQU		00000001B	
   573                      <       	D_ADCPB2:						.EQU		00000010B	
   574                      <       	D_ADCPB3:						.EQU		00000011B	
   575                      <       	D_ADCPB4:						.EQU		00000100B	
   576                      <       	D_ADCPB5:						.EQU		00000101B	
   577                      <       	D_ADCPB6:						.EQU		00000110B	
   578                      <       	D_ADCPB7:						.EQU		00000111B
   579                      <       	D_ADCVREG:						.EQU		00001000B
   580                      <       	D_ADCVBAT:						.EQU		00001001B	
   581                      <       	D_ADCDiv5VDD:					.EQU		00001010B	
   582                      <       	D_ADCVSS:						.EQU		00001011B	
   583                      <       	
   584                      <       	D_ADCEn:						.EQU		00010000B		
   585                      <       	D_BatteryDetectEn:				.EQU		00100000B	
   586                      <       	D_ADCIntEnable:					.EQU		01000000B
   587                      <       	D_ADCStatus:					.EQU		10000000B	
   588                      <       	
   589                      <       P_ADC_Data_LB:					.EQU    P_ADC_Ctrl_Base+0x02    ;$0x3342
   590                      <       P_ADC_Data_HB:					.EQU    P_ADC_Ctrl_Base+0x03    ;$0x3343
   591                      <       P_ADC_VREF_Ctrl:				.EQU    P_ADC_Ctrl_Base+0x04    ;$0x3344
   592                      <       	D_ADCVregEn:					.EQU		00000001B
   593                      <       	D_ADCVreg1P8V:					.EQU		00000000B	
   594                      <       	D_ADCVreg2V:					.EQU		00000010B	
   595                      <       	D_ADCVreg2P4V:					.EQU		00000100B	
   596                      <       	D_ADCVreg2P6V:					.EQU		00000110B	
   597                      <       	D_ADCVreg3V:					.EQU		00001000B	
   598                      <       	D_ADCVreg3P2V:					.EQU		00001010B
   599                      <       	D_ADCVreg3P4V:					.EQU		00001100B
   600                      <       	D_ADCVregVDD:					.EQU		00001110B	
   601                      <       
   602                      <       	
   603                      <       ;===============================================================
   604                      <       ;               I2C base Control Registers
   605                      <       ;               Base Address Start from 0x3360 
   606                      <       ;===============================================================
   607                      <       .IF (GPL815P04Ax+GPL815P04Ax_16KB+GPL815P04Bx+GPL815P04Bx_15KB+GPL815P03Ax+GPL815P03Bx)
   608                      <       P_I2C_Ctrl:						.EQU    P_I2C_Ctrl_Base+0x00    ;$0x3360
   609                      <       	D_I2C_En:						.EQU		00000001B	
   610                      <       	D_I2C_TriggerEn:				.EQU		00000010B		
   611                      <       	D_I2C_ClockDiv128:				.EQU		00000000B	
   612                      <       	D_I2C_ClockDiv256:				.EQU		00000100B
   613                      <       	D_I2C_ClockDiv768:				.EQU		00001000B	
   614                      <       	D_I2C_ClockDiv1024:				.EQU		00001100B	
   615                      <       	D_I2C_Slaver:					.EQU		00010000B		
   616                      <       	D_I2C_Master:					.EQU		00000000B	
   617                      <       	D_Master_Nack:					.EQU		00100000B	
   618                      <       	D_Master_Ack:					.EQU		00000000B	
   619                      <       	D_Master_StopEn:				.EQU		01000000B	
   620                      <       	D_Master_StartEn:				.EQU		10000000B
   621                      <       	
   622                      <       P_I2C_Status:						.EQU    P_I2C_Ctrl_Base+0x01    ;$0x3361
   623                      <       	D_I2C_TrsDone:					.EQU		00000001B
   624                      <       	D_I2C_Ack:						.EQU		00000000B
   625                      <       	D_I2C_Nack:						.EQU		00000010B	
   626                      <       	D_I2C_IntEn:					.EQU		00000100B
   627                      <       	D_I2C_DIDErrIntEn:				.EQU		00010000B
   628                      <       	D_I2C_StopOK:					.EQU		00100000B	
   629                      <       	D_I2C_DataOK:					.EQU		01000000B	
   630                      <       	D_I2C_DIDOK:					.EQU		10000000B		
   631                      <       	
   632                      <       P_I2C_ID:						.EQU    P_I2C_Ctrl_Base+0x02    ;$0x3362
   633                      <       	D_I2C_Write:					.EQU		00000000B
   634                      <       	D_I2C_Read:						.EQU		00000001B	
   635                      <       P_I2C_Data:						.EQU    P_I2C_Ctrl_Base+0x03    ;$0x3363
   636                      <       P_I2C_Debounce:					.EQU    P_I2C_Ctrl_Base+0x04    ;$0x3364
   637                      <       .ENDIF
   638                      <       
   639                      <       ;===============================================================
   640                      <       ;               Buzzer base Control Registers
   641                      <       ;               Base Address Start from 0x3371 
   642                      <       ;===============================================================	
   643                      <       P_AUDIO_BZ_Ctrl:						.EQU    P_Buzzer_Ctrl_Base+0x00    ;$0x3371
   644                      <       	D_BZSrc:						.EQU		00000001B
   645                      <       	D_BZOn:							.EQU		10000000B	
   646                      <       
   647                      <       
   648                      <       ;===============================================================
   649                      <       ;               AUX base Registers
   650                      <       ;               Base Address Start from 0x33D0 
   651                      <       ;=============================================================== 
   652                      <       ;=========  Bit Operation Register  ========= 
   653                      <       P_AUX_DataX:                    .EQU    P_AUX_Ctrl_Base+0x00    ;$0x33D0
   654                      <       P_AUX_DataY:                    .EQU    P_AUX_Ctrl_Base+0x01    ;$0x33D1
   655                      <       P_AUX_BPPExtend_IN:             .EQU    P_AUX_Ctrl_Base+0X02    ;$0x33D2
   656                      <       P_AUX_DataX_0H:                 .EQU    P_AUX_Ctrl_Base+0x06    ;$0x33D6
   657                      <       P_AUX_DataX_0L:                 .EQU    P_AUX_Ctrl_Base+0x07    ;$0x33D7
   658                      <       P_AUX_DataY_0H:                 .EQU    P_AUX_Ctrl_Base+0x08    ;$0x33D8
   659                      <       P_AUX_DataY_0L:                 .EQU    P_AUX_Ctrl_Base+0x09    ;$0x33D9
   660                      <       P_AUX_DataX_H0:                 .EQU    P_AUX_Ctrl_Base+0x0A    ;$0x33DA
   661                      <       P_AUX_DataX_L0:                 .EQU    P_AUX_Ctrl_Base+0x0B    ;$0x33DB
   662                      <       P_AUX_DataY_H0:                 .EQU    P_AUX_Ctrl_Base+0x0C    ;$0x33DC
   663                      <       P_AUX_DataY_L0:                 .EQU    P_AUX_Ctrl_Base+0x0D    ;$0x33DD
   664                      <       P_AUX_DataX_LH:                 .EQU    P_AUX_Ctrl_Base+0x0E    ;$0x33DE
   665                      <       P_AUX_DataY_LH:                 .EQU    P_AUX_Ctrl_Base+0x0F    ;$0x33DF
   666                      <       P_AUX_DataXY_XLYH:              .EQU    P_AUX_Ctrl_Base+0x10    ;$0x33E0
   667                      <       P_AUX_DataXY_YLXH:              .EQU    P_AUX_Ctrl_Base+0x11    ;$0x33E1
   668                      <       P_AUX_DataX_Mirror:             .EQU    P_AUX_Ctrl_Base+0x12    ;$0x33E2
   669                      <       P_AUX_DataY_Mirror:             .EQU    P_AUX_Ctrl_Base+0x13    ;$0x33E3
   670                      <       P_AUX_BPPExtendOut_LB:          .EQU    P_AUX_Ctrl_Base+0x14    ;$0x33E4
   671                      <       P_AUX_BPPExtendOut_HB:          .EQU    P_AUX_Ctrl_Base+0x15    ;$0x33E5
   672                      <       
   673                      <       
   674                      <       ;===============================================================
   675                      <       ;               LCD base Registers
   676                      <       ;               Base Address Start from 0x3450 
   677                      <       ;=============================================================== 
   678                      <       ;==============  LCD Register  ==============
   679                      <       P_LCD_Ctrl1:                    .EQU    P_LCD_Ctrl_Base+0x00    ;$0x3450
   680                      <       	D_DisplayOn:					.EQU	00001000B
   681                      <       	D_LCDEn:						.EQU	10000000B
   682                      <       
   683                      <       P_LCD_Ctrl2:                    .EQU    P_LCD_Ctrl_Base+0x01    ;$0x3451
   684                      <       	D_LCDStrobeTimeMask:			.EQU	00001111B
   685                      <       	D_LCDStrobeEn:					.EQU	00010000B
   686                      <       	D_LCDAllOff:					.EQU	00100000B
   687                      <       	D_LCDAllOn:						.EQU	01000000B
   688                      <       	
   689                      <       P_LCD_Clock:                    .EQU    P_LCD_Ctrl_Base+0x02    ;$0x3452
   690                      <       	D_LCDclk32K:					.EQU	00000000B
   691                      <       	D_LCDclk16K:					.EQU	00010000B
   692                      <       	D_LCDclk8K:						.EQU	00100000B	
   693                      <       	D_LCDclk4K:						.EQU	00110000B	
   694                      <       
   695                      <       P_LCD_SEG_Num:					.EQU    P_LCD_Ctrl_Base+0x03    ;$0x3453
   696                      <       	D_32SEG:						.EQU	00000011B	
   697                      <       	D_48SEG:						.EQU	00000101B
   698                      <       	
   699                      <       P_LCD_COM_Num:					.EQU    P_LCD_Ctrl_Base+0x04    ;$0x3454	
   700                      <       	D_5COM:							.EQU	00000100B	
   701                      <       	D_9COM:							.EQU	00001000B
   702                      <       	
   703                      <       P_LCD_FM_Ctrl:					.EQU    P_LCD_Ctrl_Base+0x05    ;$0x3455
   704                      <       	D_LCDBType:						.EQU	00000000B
   705                      <       	D_LCDCType:						.EQU	10000000B	
   706                      <       	
   707                      <       P_LCD_VLCD_Ctrl:                .EQU    P_LCD_Ctrl_Base+0x06    ;$0x3456
   708                      <       
   709                      <       P_LCD_PUMP_Ctrl:                .EQU    P_LCD_Ctrl_Base+0x07    ;$0x3457
   710                      <       	D_PumpClk2K:					.EQU	00000000B
   711                      <       	D_PumpClk4K:					.EQU	00000001B
   712                      <       	D_PumpClk8K:					.EQU	00000010B
   713                      <       	D_PumpClk16K:					.EQU	00000011B	
   714                      <       	D_PumpEn:						.EQU	10000000B
   715                      <       	
   716                      <       P_LCD_BIAS_Ctrl:                .EQU    P_LCD_Ctrl_Base+0x08    ;$0x3458
   717                      <       	D_LCDBias4:						.EQU	00000001B
   718                      <       	D_LCDBias3:						.EQU	00000010B
   719                      <       	D_LCDBias2:						.EQU	00000011B
   720                      <       	
   721                      <       P_LCD_StartAddr_LB:             .EQU    P_LCD_Ctrl_Base+0x09    ;$0x3459	
   722                      <       
   723                      <       
   724                      <       ;===============================================================
   725                      <       ;               PWMIO base Registers
   726                      <       ;               Base Address Start from 0x3490 
   727                      <       ;===============================================================
   728                      <       P_PWMIO_Ctrl:                   .EQU    P_PWMIO_Ctrl_Base+0x00  ;$0x3490
   729                      <       	D_PWMIO0En:						.EQU	00000001B
   730                      <       	D_PWMIO1En:						.EQU	00000010B
   731                      <       	D_PWMIO2En:						.EQU	00000100B	
   732                      <       	D_PWMIO3En:						.EQU	00001000B	
   733                      <       	D_PWMClkSysClk:					.EQU	00000000B
   734                      <       	D_PWMClkSysClk8:				.EQU	00010000B	
   735                      <       	D_PWMClkSysClk64:				.EQU	00100000B	
   736                      <       	D_PWMClk32K:					.EQU	00110000B
   737                      <       	D_PWMClkTM0:					.EQU	01000000B
   738                      <       	D_PWMClkTM1:					.EQU	01010000B	
   739                      <       	D_PWMClkRFCTM0:					.EQU	01100000B		
   740                      <       	D_PWMClkRFCTM1:					.EQU	01110000B	
   741                      <       
   742                      <       P_PWMIO_Sel:                    .EQU    P_PWMIO_Ctrl_Base+0x01  ;$0x3491
   743                      <       P_PWMIO_Timer_Data:				.EQU    P_PWMIO_Ctrl_Base+0x02  ;$0x3492
   744                      <       P_PWMIO_Timer_Cnt:				.EQU    P_PWMIO_Ctrl_Base+0x03  ;$0x3493
   745                      <       			
   746                      <       P_PWMIO_IO0_DUTY:               .EQU    P_PWMIO_Ctrl_Base+0x04  ;$0x3494
   747                      <       P_PWMIO_IO1_DUTY:               .EQU    P_PWMIO_Ctrl_Base+0x05  ;$0x3495
   748                      <       P_PWMIO_IO2_DUTY:               .EQU    P_PWMIO_Ctrl_Base+0x06  ;$0x3496
   749                      <       P_PWMIO_IO3_DUTY:               .EQU    P_PWMIO_Ctrl_Base+0x07  ;$0x3497
   750                      <       
   751                      <       
   752                      <       ;===============================================================
   753                      <       ;               RFC base Registers
   754                      <       ;               Base Address Start from 0x34C0 
   755                      <       ;===============================================================
   756                      <       P_RFC_Ctrl1:       				.EQU    P_RFC_Ctrl_Base+0x01  ;$0x34C1
   757                      <       	D_AutoStop:						.EQU	01000000B
   758                      <       	D_RFCEn:						.EQU	00010000B	
   759                      <       	D_RFCStart:						.EQU	00000001B	
   760                      <       
   761                      <       P_RFC_Timer_Ctrl:       		.EQU    P_RFC_Ctrl_Base+0x03  ;$0x34C3
   762                      <       	D_RFCTM0En:						.EQU	00000001B
   763                      <       	D_RFCTM1En:						.EQU	00000010B
   764                      <       	D_RFCTM0ClkMask:				.EQU	00011100B
   765                      <       	D_RFCTM0ClkStop:				.EQU	00000000B
   766                      <       	D_RFCTM0ClkIO:					.EQU	00000100B
   767                      <       	D_RFCTM0ClkSysClk:				.EQU	00001100B
   768                      <       	D_RFCTM0ClkSysClk2:				.EQU	00010000B
   769                      <       	D_RFCTM0ClkRFC1:				.EQU	00010100B
   770                      <       	D_RFCTM0ClkRFC2:				.EQU	00011000B
   771                      <       	D_RFCTM0Clk32K:					.EQU	00011100B
   772                      <       	
   773                      <       	D_RFCTM1ClkMask:				.EQU	11100000B
   774                      <       	D_RFCTM1ClkStop:				.EQU	00000000B
   775                      <       	D_RFCTM1ClkSysClk:				.EQU	00100000B
   776                      <       	D_RFCTM1ClkSysClk2:				.EQU	01000000B
   777                      <       	D_RFCTM1ClkSysClk4:				.EQU	01100000B
   778                      <       	D_RFCTM1ClkSysClk8:				.EQU	10000000B
   779                      <       	D_RFCTM1ClkSysClk16:			.EQU	10100000B
   780                      <       	D_RFCTM1ClkSysClk32:			.EQU	11000000B
   781                      <       	D_RFCTM1Clk32K:					.EQU	11100000B
   782                      <       	
   783                      <       P_RFC_Ctrl2:       				.EQU    P_RFC_Ctrl_Base+0x04  ;$0x34C4
   784                      <       	D_RFCCaptureEdgeRising:			.EQU	00000000B
   785                      <       	D_RFCCaptureEdgeFalling:		.EQU	00000100B		
   786                      <       	D_RFCCaptureTrigDis:			.EQU	00000000B	
   787                      <       	D_RFCCaptureTrigTM0:			.EQU	00000001B	
   788                      <       	
   789                      <       P_RFC_TM0Data_LB:       		.EQU    P_RFC_Ctrl_Base+0x06  ;$0x34C6
   790                      <       P_RFC_TM0Data_HB:       		.EQU    P_RFC_Ctrl_Base+0x07  ;$0x34C7
   791                      <       P_RFC_TM0Cnt_LB:       			.EQU    P_RFC_Ctrl_Base+0x08  ;$0x34C8
   792                      <       P_RFC_TM0Cnt_HB:       			.EQU    P_RFC_Ctrl_Base+0x09  ;$0x34C9
   793                      <       
   794                      <       P_RFC_TM1Data_LB:       		.EQU    P_RFC_Ctrl_Base+0x0A  ;$0x34CA
   795                      <       P_RFC_TM1Data_HB:       		.EQU    P_RFC_Ctrl_Base+0x0B  ;$0x34CB
   796                      <       P_RFC_TM1Cnt_LB:				.EQU    P_RFC_Ctrl_Base+0x0C  ;$0x34CC
   797                      <       P_RFC_TM1Cnt_HB:       			.EQU    P_RFC_Ctrl_Base+0x0D  ;$0x34CD
   798                      <       
   799                      <       P_RFC_TM1CapData_LB:       		.EQU    P_RFC_Ctrl_Base+0x0E  ;$0x34CE
   800                      <       P_RFC_TM1CapData_HB:		  	.EQU    P_RFC_Ctrl_Base+0x0F  ;$0x34CF
   801                      <       	
   802                      <       
   803                      <       ;**********************************************************************
   804                      <       ;ROM Checksum
   805                      <       ;**********************************************************************
   806                      <       .IF (GPL815P04Ax)
   807                      <       ;	ROM Checksum : Bank0 address :		  0x4000 ~ 0x7FE5, 0x8000 ~ 0xBFFF
   808                      <       ;				   NMI and Reset Vector : 0xFFFA ~ 0xFFFD
   809                      <       ;				   
   810                      <       	D_Bank0UserRomStartAddr:		.EQU	0x4000		;0x4000 ~ 0x7FE5:User ROM Code
   811                      <       	D_Bank0UserRomEndAddr:			.EQU	0x7FE5
   812                      <       	D_Bank0HUserRomStartAddr:		.EQU	0x8000		;0x8000 ~ 0xBFFF:User ROM Code
   813                      <       	D_Bank0HUserRomEndAddr:			.EQU	0xBFFF	
   814                      <       	D_NMIandResetVectorStartAddr:	.EQU	0x7FFA
   815                      <       	D_NMIandResetVectorEndAddr:		.EQU	0x7FFD	
   816                      <       .ENDIF
   817                      <       
   818                      <       .IF (GPL815P04Ax_16KB)
   819                      <       ;	ROM Checksum : Bank0 address :		  0x4000 ~ 0x7FE5
   820                      <       ;				   NMI and Reset Vector : 0xFFFA ~ 0xFFFD
   821                      <       ;				   
   822                      <       	D_Bank0UserRomStartAddr:		.EQU	0x4000		;0x4000 ~ 0x7FE5:User ROM Code
   823                      <       	D_Bank0UserRomEndAddr:			.EQU	0x7FE5
   824                      <       	D_NMIandResetVectorStartAddr:	.EQU	0x7FFA
   825                      <       	D_NMIandResetVectorEndAddr:		.EQU	0x7FFD	
   826                      <       .ENDIF	
   827                      <       
   828                      <       .IF (GPL815P04Bx)
   829                      <       ;	ROM Checksum : Bank0 address :		  0x4400 ~ 0x7FE5, 0x8000 ~ 0xBFFF (0x4000 ~ 0x43FF for GP Test Code : 1K Bytes)
   830                      <       ;				   NMI and Reset Vector : 0xFFFA ~ 0xFFFD
   831                      <       ;				   
   832                      <       	D_Bank0UserRomStartAddr:		.EQU	0x4400		;0x4400 ~ 0x7FE5:User ROM Code
   833                      <       	D_Bank0UserRomEndAddr:			.EQU	0x7FE5
   834                      <       	D_Bank0HUserRomStartAddr:		.EQU	0x8000		;0x8000 ~ 0xBFFF:User ROM Code
   835                      <       	D_Bank0HUserRomEndAddr:			.EQU	0xBFFF	
   836                      <       	D_NMIandResetVectorStartAddr:	.EQU	0x7FFA
   837                      <       	D_NMIandResetVectorEndAddr:		.EQU	0x7FFD	
   838                      <       .ENDIF	
   839                      <       
   840                      <       .IF (GPL815P04Bx_15KB)
   841                      <       ;	ROM Checksum : Bank0 address :		  0x4400 ~ 0x7FE5 (0x4000 ~ 0x43FF for GP Test Code : 1K Bytes)
   842                      <       ;				   NMI and Reset Vector : 0xFFFA ~ 0xFFFD
   843                      <       ;				   
   844                      <       	D_Bank0UserRomStartAddr:		.EQU	0x4400		;0x4400 ~ 0x7FE5:User ROM Code
   845                      <       	D_Bank0UserRomEndAddr:			.EQU	0x7FE5
   846                      <       	D_NMIandResetVectorStartAddr:	.EQU	0x7FFA
   847                      <       	D_NMIandResetVectorEndAddr:		.EQU	0x7FFD	
   848                      <       .ENDIF
   849                      <       
   850                      <       .IF (GPL815P03Ax)
   851                      <       ;	ROM Checksum : Bank0 address :		  0x4000 ~ 0x7FE5, 0x8000 ~ 0x9FFF
   852                      <       ;				   NMI and Reset Vector : 0xFFFA ~ 0xFFFD
   853                      <       ;				   
   854                      <       	D_Bank0UserRomStartAddr:		.EQU	0x4000		;0x4000 ~ 0x7FE5:User ROM Code
   855                      <       	D_Bank0UserRomEndAddr:			.EQU	0x7FE5
   856                      <       	D_Bank0HUserRomStartAddr:		.EQU	0x8000		;0x8000 ~ 0x9FFF:User ROM Code
   857                      <       	D_Bank0HUserRomEndAddr:			.EQU	0x9FFF	
   858                      <       	D_NMIandResetVectorStartAddr:	.EQU	0x7FFA
   859                      <       	D_NMIandResetVectorEndAddr:		.EQU	0x7FFD
   860                      <       .ENDIF
   861                      <       
   862                      <       .IF (GPL815P03Bx)
   863                      <       ;	ROM Checksum : Bank0 address :		  0x4400 ~ 0x7FE5, 0x8000 ~ 0x9FFF (0x4000 ~ 0x43FF for GP Test Code : 1K Bytes)
   864                      <       ;				   NMI and Reset Vector : 0xFFFA ~ 0xFFFD
   865                      <       ;				   
   866                      <       	D_Bank0UserRomStartAddr:		.EQU	0x4400		;0x4400 ~ 0x7FE5:User ROM Code
   867                      <       	D_Bank0UserRomEndAddr:			.EQU	0x7FE5
   868                      <       	D_Bank0HUserRomStartAddr:		.EQU	0x8000		;0x8000 ~ 0x9FFF:User ROM Code
   869                      <       	D_Bank0HUserRomEndAddr:			.EQU	0x9FFF	
   870                      <       	D_NMIandResetVectorStartAddr:	.EQU	0x7FFA
   871                      <       	D_NMIandResetVectorEndAddr:		.EQU	0x7FFD
   872                      <       .ENDIF	
   873                      <       
   874                      <       .IF (GPL815P02Ax)
   875                      <       ;	ROM Checksum : Bank0 address :		  0x4000 ~ 0x7FE5
   876                      <       ;				   NMI and Reset Vector : 0xFFFA ~ 0xFFFD
   877                      <       ;				   
   878                      <       	D_Bank0UserRomStartAddr:		.EQU	0x4000		;0x4000 ~ 0x7FE5:User ROM Code
   879                      <       	D_Bank0UserRomEndAddr:			.EQU	0x7FE5
   880                      <       	D_NMIandResetVectorStartAddr:	.EQU	0x7FFA
   881                      <       	D_NMIandResetVectorEndAddr:		.EQU	0x7FFD	
   882                      <       .ENDIF	
   883                      <       ; ========================================================================================
   884                      <       ; Macro Name	: M_UserRomChecksum
   885                      <       ; Parameters	: None
   886                      <       ; Return Value	: R_ChecksumResult: bit[7:0]
   887                      <       ;				: R_ChecksumResult + 1: bit[15:8]
   888                      <       ;				: R_ChecksumResult + 2: bit[23:16]
   889                      <       ;				: R_ChecksumResult + 3: bit[31:24]
   890                      <       ; Description	: Calculate user ROM area code checksum
   891                      <       ; Destroy		: A, X
   892                      <       ; Example		: %M_UserRomChecksum	R_ChecksumAddrPtr, R_ChecksumResult
   893                      <       ; ========================================================================================	
   894                      <       %M_UserRomChecksum:	.MACRO	R_ChecksumAddrPtr, R_ChecksumResult
   895                      <       	LDA		#0
   896                      <       	STA		R_ChecksumResult					;Result Byte0
   897                      <       	STA		R_ChecksumResult + 1				;Result Byte1
   898                      <       	STA		R_ChecksumResult + 2				;Result Byte2
   899                      <       	STA		R_ChecksumResult + 3				;Result Byte3
   900                      <       ;=================== Bank 0 ==================================================	
   901                      <       	LDA		#.HIGH.D_Bank0UserRomStartAddr
   902                      <       	STA		R_ChecksumAddrPtr + 1				;Start High Byte
   903                      <       	LDA		#.LOW.D_Bank0UserRomStartAddr
   904                      <       	STA		R_ChecksumAddrPtr					;Start Low Byte
   905                      <       		
   906                      <       	LDY		#0	
   907                      <       
   908                      <       L_ChecksumLoop1?
   909                      <       	STA	   P_WDT_Clear	
   910                      <       	CLC
   911                      <       	LDA		(R_ChecksumAddrPtr),Y
   912                      <       	ADC		R_ChecksumResult					;Result Low Byte
   913                      <       	STA		R_ChecksumResult					;Result Low Byte
   914                      <       	BCC		L_CheckAddress1?
   915                      <       	INC		R_ChecksumResult + 1				;Result Byte1
   916                      <       	BNE		L_CheckAddress1?
   917                      <       	INC		R_ChecksumResult + 2				;Result Byte3
   918                      <       	BNE		L_CheckAddress1?
   919                      <       	INC		R_ChecksumResult + 3				;Result Byte4
   920                      <       		
   921                      <       L_CheckAddress1?:
   922                      <       	LDA		R_ChecksumAddrPtr + 1				;Address Pointer HB
   923                      <       	CMP		#.HIGH.D_Bank0UserRomEndAddr		;End High Byte
   924                      <       	BNE		L_IncreaseAdd1?
   925                      <       	
   926                      <       	LDA		R_ChecksumAddrPtr					;Address Pointer LB
   927                      <       	CMP		#.LOW.D_Bank0UserRomEndAddr			;End Low Byte
   928                      <       	BEQ		L_ExitRomSum1?
   929                      <       	
   930                      <       L_IncreaseAdd1?:
   931                      <       	INC		R_ChecksumAddrPtr					;Address Pointer LB
   932                      <       	BNE		L_ChecksumLoop1?
   933                      <       	INC		R_ChecksumAddrPtr + 1				;Address Pointer HB
   934                      <       	JMP		L_ChecksumLoop1?	
   935                      <       		
   936                      <       L_ExitRomSum1?:		
   937                      <       .IF (GPL815P04Ax+GPL815P04Bx+GPL815P03Ax+GPL815P03Bx)	
   938                      <       ;===================================Bank0H==============================================
   939                      <       	LDA		#.HIGH.D_Bank0HUserRomStartAddr
   940                      <       	STA		R_ChecksumAddrPtr + 1				;Start High Byte
   941                      <       	LDA		#.LOW.D_Bank0HUserRomStartAddr
   942                      <       	STA		R_ChecksumAddrPtr
   943                      <       	
   944                      <       L_ChecksumLoop1H?
   945                      <       	STA	   P_WDT_Clear	
   946                      <       	CLC
   947                      <       	LDA		(R_ChecksumAddrPtr),Y
   948                      <       	ADC		R_ChecksumResult					;Result Low Byte
   949                      <       	STA		R_ChecksumResult					;Result Low Byte
   950                      <       	BCC		L_CheckAddress1H?
   951                      <       	INC		R_ChecksumResult + 1				;Result Byte1
   952                      <       	BNE		L_CheckAddress1H?
   953                      <       	INC		R_ChecksumResult + 2				;Result Byte3
   954                      <       	BNE		L_CheckAddress1H?
   955                      <       	INC		R_ChecksumResult + 3				;Result Byte4
   956                      <       		
   957                      <       L_CheckAddress1H?:
   958                      <       	LDA		R_ChecksumAddrPtr + 1				;Address Pointer HB
   959                      <       	CMP		#.HIGH.D_Bank0HUserRomEndAddr		;End High Byte
   960                      <       	BNE		L_IncreaseAdd1H?
   961                      <       	
   962                      <       	LDA		R_ChecksumAddrPtr					;Address Pointer LB
   963                      <       	CMP		#.LOW.D_Bank0HUserRomEndAddr			;End Low Byte
   964                      <       	BEQ		L_ExitRomSum1H?
   965                      <       	
   966                      <       L_IncreaseAdd1H?:
   967                      <       	INC		R_ChecksumAddrPtr					;Address Pointer LB
   968                      <       	BNE		L_ChecksumLoop1H?
   969                      <       	INC		R_ChecksumAddrPtr + 1				;Address Pointer HB
   970                      <       	JMP		L_ChecksumLoop1H?	
   971                      <       		
   972                      <       L_ExitRomSum1H?:	
   973                      <       .ENDIF	
   974                      <       ;===================NMI & Reset Vector==================================================		
   975                      <       	LDA		#.HIGH.D_NMIandResetVectorStartAddr
   976                      <       	STA		R_ChecksumAddrPtr + 1				; Start High Byte
   977                      <       	LDA		#.LOW.D_NMIandResetVectorStartAddr
   978                      <       	STA		R_ChecksumAddrPtr					;Start Low Byte
   979                      <       		
   980                      <       L_ChecksumLoop2?
   981                      <       	STA	   P_WDT_Clear		
   982                      <       	CLC
   983                      <       	LDA		(R_ChecksumAddrPtr),Y
   984                      <       	ADC		R_ChecksumResult					;Result Low Byte
   985                      <       	STA		R_ChecksumResult					;Result Low Byte
   986                      <       	BCC		L_CheckAddress2?
   987                      <       	INC		R_ChecksumResult + 1				;Result Byte2
   988                      <       	BNE		L_CheckAddress2?
   989                      <       	INC		R_ChecksumResult + 2				;Result Byte3
   990                      <       	BNE		L_CheckAddress2?
   991                      <       	INC		R_ChecksumResult + 3				;Result Byte4
   992                      <       		
   993                      <       L_CheckAddress2?:
   994                      <       	LDA		R_ChecksumAddrPtr + 1				;Address Pointer HB
   995                      <       	CMP		#.HIGH.D_NMIandResetVectorEndAddr	;End High Byte
   996                      <       	BNE		L_IncreaseAdd2?
   997                      <       	
   998                      <       	LDA		R_ChecksumAddrPtr					;Address Pointer LB
   999                      <       	CMP		#.LOW.D_NMIandResetVectorEndAddr	;End Low Byte
  1000                      <       	BEQ		L_ExitRomSum2?
  1001                      <       	
  1002                      <       L_IncreaseAdd2?:
  1003                      <       	INC		R_ChecksumAddrPtr					;Address Pointer LB
  1004                      <       	BNE		L_ChecksumLoop2?
  1005                      <       	INC		R_ChecksumAddrPtr + 1				;Address Pointer HB
  1006                      <       	JMP		L_ChecksumLoop2?	
  1007                      <       		
  1008                      <       L_ExitRomSum2?:	
  1009                      <       	.ENDM
  1010                      <       
  1011                      <       	.ENDIF
  1012                      <       .endif
  1013                      <       	.ENDIF	
  1014                      <       
  1015                              .INCLUDE		KEYSCAN\keyscan_user.inc
  1016                      <       .EXTERN		F_InitialKeyBorad
  1017                      <       .EXTERN		F_KeyScan
  1018                      <       ;.EXTERN		F_InputProc
  1019                      <       ;.EXTERN		F_LongKeyService
  1020                      <       ;.EXTERN     PAGE0 R_KeyState
  1021                      <       ;	D_HasKey:			.EQU	01H
  1022                      <       ;	D_NewKey:			.EQU	02H
  1023                      <       ;	D_Debounce:			.EQU	04H
  1024                      <       ;	D_Long_Key:			.EQU	08H
  1025                      <       ;	D_Key_Release:		.EQU	10H	
  1026                      <       ;.EXTERN     PAGE0 R_KeyCode
  1027                      <       ;.EXTERN     PAGE0 R_DebounceCnt
  1028                      <       ;.EXTERN     PAGE0 R_Key_time
  1029                      <       ;.EXTERN     PAGE0			RB_Option_Count
  1030                      <       ;C_Option_Overtime:		.EQU		0X14
  1031                      <       ;; ==============================================
  1032                      <       ;; Function	name	: F_Operation_Count_Proc
  1033                      <       ;; Purpose			: EEPROM erea current data
  1034                      <       ;; Parameter			: none 
  1035                      <       ;; Return			: 
  1036                      <       ;; Destroy			: none 
  1037                      <       ;; Stack depth		: none
  1038                      <       ;; ==============================================						
  1039                      <       ;.EXTERNAL			F_Operation_Count_Proc
  1040                      <       .EXTERN		R_SleepTime
  1041                      <       .EXTERN		_R_SleepTime
  1042                      <       .EXTERN		R_SnoozeTime
  1043                      <       .EXTERN		_R_SnoozeTime
  1044                      <       C_SnoozeTime1min	EQU		60
  1045                      <       ;C_SnoozeTime5min	equ		5
  1046                      <       .EXTERN		R_OtherFlag
  1047                      <       ;D_12Mode			equ		0x01	;0默认为24H，1为12H	
  1048                      <       D_Urat_Open			equ		0x02
  1049                      <       D_EnableSnooze		equ		0x04
  1050                      <       D_ToneDIS			equ		0x08
  1051                      <       D_AlarmingStatus	equ		0x10
  1052                      <       ;D_SetVolumeFlag		equ		0x20
  1053                      <       D_Timering			equ		0x20
  1054                      <       D_Alarming			equ		0x40
  1055                      <       D_TimerStatus		equ		0x80
  1056                      <       .EXTERN		BitMaskTable
  1057                      <       .EXTERN		R_TimeFlashSet
  1058                      <       .EXTERN		R_AlmTimeFlashSet
  1059                      <       .EXTERN		R_TimerFlashSet
  1060                      <       AddOthers			equ		01H
  1061                      <       
  1062                      <       
  1063                      <       .EXTERN		R_TimeFlashSet
  1064                      <       D_SetYear			equ	0x01
  1065                      <       D_SetMonth			equ	0x02
  1066                      <       D_SetDate			equ	0x04		
  1067                      <       ;D_Set12_24			equ	0x08
  1068                      <       D_SetHour			equ	0x08
  1069                      <       D_SetMinute			equ	0x10 
  1070                      <       D_SetTimeMax		equ	0x20  
  1071                      <       .EXTERN		R_AlmTimeFlashSet	
  1072                      <       _R_AlmTimeFlashSet	equ		R_AlmTimeFlashSet
  1073                      <       D_SetAlm			equ	0x01	;闹钟开关
  1074                      <       D_SetAlmHour		equ	0x02	;闹时
  1075                      <       D_SetAlmMinute		equ	0x04	;闹分
  1076                      <       D_SetAlmDay			equ	0x08	;闹
  1077                      <       D_SetAlarmMax		equ	0x10   
  1078                      <       .EXTERN		R_TimerFlashSet	
  1079                      <       _R_TimerFlashSet	equ		R_TimerFlashSet
  1080                      <       D_TimerSet			equ	0x01	
  1081                      <       D_SetTimerMax		equ	0x02
  1082                      <       .EXTERN		R_CurrentVolume
  1083                      <       _R_CurrentVolume		equ	R_CurrentVolume
  1084                      <       .EXTERN		R_CurrentSong
  1085                      <       _R_CurrentSong		equ		R_CurrentSong
  1086                      <       
  1087                      <       .EXTERN		R_KeyFlag		
  1088                      <       _R_KeyFlag		equ		R_KeyFlag
  1089                      <       D_EnableFastAdd		equ	0x01
  1090                      <       D_LCDOFF			equ	0x02
  1091                      <       D_KeyTone			equ	0x04
  1092                      <       D_KeyRelDis			equ	0x08
  1093                      <       D_UpdateBAT			equ	0x10
  1094                      <       
  1095                      <       .EXTERN 	 	 R_Charge 
  1096                      <       D_LowPower 	 	 equ 0x01;低电 
  1097                      <       D_Charge 	 	 equ 0x02;充电中 
  1098                      <       D_Full 	 	 	 equ 0x04;充满 
  1099                      <       .EXTERN 	 	 R_LVDStatus 
  1100                      <       
  1101                      <       
  1102                      <       .EXTERN		R_TimerFlag
  1103                      <       _R_TimerFlag	equ		R_TimerFlag
  1104                      <       D_Timerstatus_just	equ		0x01
  1105                      <       D_Timerstatus		equ		0x02
  1106                      <       TIMER_START_FLAG	equ		0x04	
  1107                      <       D_TimerSetstatus	equ		0x08
  1108                      <       D_Timerstatus_justpause	equ	0x10
  1109                      <       D_TimerPausedCountDown	equ		0x20
  1110                      <       ;.EXTERN		F_OpenData
  1111                      <       
  1112                      <       .EXTERN		SetVolumeAndPlayAlarm1_flag
  1113                      <       
  1114                      <       .EXTERN		R_SetBack
  1115                      <       _R_SetBack	equ		R_SetBack
  1116                      <       
  1117                      <       
  1118                      <       
  1119                      <       .EXTERN	R_VoiceFlag	
  1120                      <       _R_VoiceFlag	equ		R_VoiceFlag
  1121                      <       D_OpenReady		equ		0x01
  1122                      <       D_WakePlay		equ		0x02	; 按键唤醒后请求播放应答（由主循环处理）
  1123                      <       .EXTERN	R_DelayOpen
  1124                      <       .EXTERN	R_VoiceReq
  1125                      <       
  1126                      <       ; R_VoiceReq 位定义（由汇编置位，主循环处理）
  1127                      <       D_VOICE_ALARM_CHECK	equ	0x01
  1128                      <       D_VOICE_ALARM_SET		equ	0x02
  1129                      <       D_VOICE_DATE_SET		equ	0x04
  1130                      <       D_VOICE_TIME_SET		equ	0x08
  1131                      <       D_VOICE_BEEP			equ	0x10
  1132                      <       D_VOICE_TIMER_START		equ	0x20
  1133                      <       D_VOICE_TIMER_PAUSE			equ	0x40
  1134                      <       D_VOICE_TIMER_CONTINUE		equ	0x80
  1135                      <       .EXTERN	Voice_PowerOn
  1136                      <       .EXTERN	Voice_PowerOn_Noxiaonao
  1137                      <       .EXTERN		R_Uart_OpenTime
  1138                      <       .EXTERN		_R_Uart_OpenTime
  1139                      <       
  1140                      <       D_BatLevel1 	 equ 	 01H 
  1141                      <       D_BatLevel2 	 equ 	 02H 
  1142                      <       D_BatLevel3 	 equ 	 04H 
  1143                      <       ; ==============================================
  1144                      <       ; MACRO name	: %DecDebounce
  1145                      <       ; Purpose		: DEBOUNCE 
  1146                      <       ; Parameter		: none 
  1147                      <       ; Return    	: none
  1148                      <       ; Destroy		: none 
  1149                      <       ; Stack depth	: none
  1150                      <       ; =============================================
  1151                      <       %DecDebounce	.MACRO	
  1152                      <       		    LDA	    R_DebounceCnt
  1153                      <       		    BEQ	    ?L_Exit#
  1154                      <       		    DEC	    R_DebounceCnt
  1155                      <       ?L_Exit#:	
  1156                      <           		.ENDM
  1157                      <       ;============================================
  1158                              .INCLUDE		SYS\Macro.inc
  1159                      <       D_Bit0					equ		01H
  1160                      <       D_Bit1					equ		02H
  1161                      <       D_Bit2					equ		04H
  1162                      <       D_Bit3					equ		08H
  1163                      <       D_Bit4					equ		10H
  1164                      <       D_Bit5					equ		20H
  1165                      <       D_Bit6					equ		40H
  1166                      <       D_Bit7					equ		80H
  1167                      <       
  1168                      <       
  1169                      <       ;==========================================================================
  1170                      <       LCDConvert		.MACRO  com,seg
  1171                      <       			DB	com*10H+(seg/8)+00H,1<<(seg.AND.07H)	;GPL813P01;
  1172                      <       			
  1173                      <       			.ENDM
  1174                      <       			
  1175                      <       %LCD7S        .MACRO   i1c,i1s,i2c,i2s,i3c,i3s,i4c,i4s,i5c,i5s,i6c,i6s,i7c,i7s
  1176                      <                      LCDConvert    i1c,i1s
  1177                      <                      LCDConvert    i2c,i2s
  1178                      <                      LCDConvert    i3c,i3s
  1179                      <                      LCDConvert    i4c,i4s
  1180                      <                      LCDConvert    i5c,i5s
  1181                      <                      LCDConvert    i6c,i6s
  1182                      <                      LCDConvert    i7c,i7s
  1183                      <                      .ENDM
  1184                      <                      
  1185                      <       %LCD8S:        .MACRO   i1c,i1s,i2c,i2s,i3c,i3s,i4c,i4s,i5c,i5s,i6c,i6s,i7c,i7s,i8c,i8s
  1186                      <                      LCDConvert    i1c,i1s
  1187                      <                      LCDConvert    i2c,i2s
  1188                      <                      LCDConvert    i3c,i3s
  1189                      <                      LCDConvert    i4c,i4s
  1190                      <                      LCDConvert    i5c,i5s
  1191                      <                      LCDConvert    i6c,i6s
  1192                      <                      LCDConvert    i7c,i7s
  1193                      <       		       LCDConvert    i8c,i8s
  1194                      <                      .ENDM  
  1195                      <       ;;================================================================
  1196                      <       ;Kind   :Count Loop
  1197                      <       ;================================================================		                    
  1198                      <       %DJNZ:               .MACRO       Var,Lable    ;  !=0
  1199                      <                             DEC          Var
  1200                      <                             BNE          Lable
  1201                      <                            .ENDM
  1202                      <       		
  1203                      <       ;----------------------------------------------------------
  1204                      <       ;/***********************************************/
  1205                      <       ;         i.L=1 
  1206                      <       %bits:   .MACRO   i,L             ;BYTE i;  
  1207                      <                 lda     i               ;ex.  
  1208                      <                 ora     #L              ;  %bits 10H,_BIT0
  1209                      <       		                   ;  10H.0=1
  1210                      <                 sta     i               ;
  1211                      <                .ENDM    
  1212                      <       
  1213                      <       ;/***********************************************/
  1214                      <       ;         i.L=0
  1215                      <       %bitr:   .MACRO   i,L             ;BYTE i;  
  1216                      <                 lda     i               ;ex.  
  1217                      <                 and     #.NOT.L         ;  %bitr 10H,_BIT0;  10H.0=0
  1218                      <                 sta     i
  1219                      <                .ENDM    
  1220                      <       
  1221                      <       ;/***********************************************/
  1222                      <       ;         if(i.L==1) goto N
  1223                      <       %btst:   .MACRO   i,L,N           ;BYTE i;  
  1224                      <                 lda     i               ;ex.   
  1225                      <                 and     #L              ;  %btst 10H,_BIT0,N
  1226                      <                 bne     N               ;  if(10H.0=1) goto N 
  1227                      <                .ENDM    
  1228                      <                                         
  1229                      <       ;/***********************************************/
  1230                      <       ;         if(i.L==0) goto N
  1231                      <       %btsf:   .MACRO   i,L,N           ;BYTE i;    
  1232                      <                 lda     i               ;ex.   
  1233                      <                 and     #L              ;  %btsf 10H,_BIT0,N
  1234                      <                 beq     N               ;  if(10H.0=0) goto N 
  1235                      <                .ENDM    
  1236                      <        
  1237                              .INCLUDE		lcd\lcd_user.inc
  1238                      <       ;============================================================================
  1239                      <       ;File Name:	lcd_user.inc
  1240                      <       ;Applied body:	GPL815PX
  1241                      <       ;Descriptions:	AT24C01D/02D I2C function for user Call
  1242                      <       ;Programmer:	yanxiaodu
  1243                      <       ;Created Date:	2014-03-19
  1244                      <       ;Version:		1.0
  1245                      <       ;============================================================================
  1246                      <       ;==========================================
  1247                      <       ; external define area
  1248                      <       ;==========================================
  1249                      <       
  1250                      <       ; ==============================================
  1251                      <       ; Macro name	: F_CountDataAndTime 
  1252                      <       ; Purpose	    : count time with one second 
  1253                      <       ; Parameter		: 
  1254                      <       ; Return    	: 
  1255                      <       ; Destroy	    : 
  1256                      <       ; Stack depth	: 
  1257                      <       ; =============================================
  1258                      <       .EXTERNAL			F_Flash_counter_set
  1259                      <       ; ==============================================
  1260                      <       ; Function	name: F_Flash_Dot 
  1261                      <       ; Purpose	    : Make a dot flash 
  1262                      <       ; Parameter		: X
  1263                      <       ; Return    	: 
  1264                      <       ; Destroy	    : 
  1265                      <       ; Stack depth	: 2
  1266                      <       ; =============================================		
  1267                      <       
  1268                      <       ;.EXTERNAL			F_Flash_Dot
  1269                      <       ; ==============================================
  1270                      <       ; Function	name: F_DispFlag 
  1271                      <       ; Purpose	    : show DOT
  1272                      <       ; Parameter		: A,X
  1273                      <       ; Return    	: 
  1274                      <       ; Destroy	    : 
  1275                      <       ; Stack depth	: 2
  1276                      <       ; ==============================================
  1277                      <       .EXTERNAL			F_DispFlag
  1278                      <       .EXTERNAL			F_SwatchDispFlag
  1279                      <       ; ==============================================
  1280                      <       ; Function	name: F_NotDispFlag 
  1281                      <       ; Purpose	    : show DOT
  1282                      <       ; Parameter		: A,X
  1283                      <       ; Return    	: 
  1284                      <       ; Destroy	    : 
  1285                      <       ; Stack depth	: 2
  1286                      <       ; ==============================================
  1287                      <       .EXTERNAL			F_NotDispFlag
  1288                      <       .EXTERNAL			F_SwatchNotDispFlag
  1289                      <       
  1290                      <       ;.EXTERNAL			F_Fill_ALL_LCDDPRAM
  1291                      <       .EXTERNAL			.PAGE0	R_LcdBuff
  1292                      <       ; ==============================================
  1293                      <       ; Function	name: F_Disp_NO_Digital 
  1294                      <       ; Purpose	    : show digital 
  1295                      <       ; Parameter		: A  display icon ,X  dispaly index
  1296                      <       ; Return    	: 
  1297                      <       ; Destroy	    : 
  1298                      <       ; Stack depth	: 2
  1299                      <       ; =============================================
  1300                      <       .EXTERNAL			F_Disp_Digital
  1301                      <       .EXTERNAL			F_Disp_Digital_1	
  1302                      <       ; ==============================================
  1303                      <       ; Function	name: F_Flash_PandTime_Dot 
  1304                      <       ; Purpose	    : Make a dot flash 
  1305                      <       ; Parameter		: X
  1306                      <       ; Return    	: 
  1307                      <       ; Destroy	    : 
  1308                      <       ; Stack depth	: 2
  1309                      <       ; =============================================		
  1310                      <       .EXTERNAL	F_LCDDisplay
  1311                      <       .EXTERNAL	F_LCDDisplay_Proc
  1312                      <       ;.EXTERNAL	F_Fill_LCDDPRAM
  1313                      <       .EXTERNAL	F_Flash_COL_Dot
  1314                      <       .EXTERNAL	F_SeetupDisplay_Proc
  1315                      <       .EXTERNAL	F_Settup_Hour_LCD_Disp
  1316                      <       .EXTERNAL		F_Settup_Hour_LCD_Disp
  1317                      <       .EXTERNAL		F_Settup_Minute_LCD_Disp
  1318                      <       .EXTERNAL		F_Settup_alarmhour_LCD_Disp
  1319                      <       .EXTERNAL		F_Settup_alarmminu_LCD_Disp
  1320                      <       .EXTERNAL		F_Settup_day_LCD_Disp
  1321                      <       .EXTERNAL		F_Settup_Year_LCD_Disp
  1322                      <       .EXTERNAL		F_Settup_month_LCD_Disp
  1323                      <       
  1324                      <       
  1325                      <       .EXTERNAL	.PAGE0		RB_Lcd_Updata_Flag
  1326                      <       	 D_LcdtimesetUpdate:			.EQU		10000000B
  1327                      <       	 D_LcdUpdate:					.EQU		40H
  1328                      <       	 D_LcdChangeUpdate:				.EQU		20H	
  1329                      <       	 
  1330                      <       
  1331                      <       .EXTERNAL	RB_LCD_Display_change
  1332                      <       
  1333                      <       ;.EXTERNAL	RB_Temp_CF_Flag
  1334                      <       ;	D_F_Flag:			.equ	0x80
  1335                      <       .EXTERNAL	RB_Setup_LCD_Status
  1336                      <       	D_Time_Minute_setup_lcd:		.equ	0
  1337                      <       	D_Time_Hour_setup_lcd:			.equ	1
  1338                      <       	D_Date_Year_setup_lcd:			.equ	2
  1339                      <       	D_Date_Month_setup_lcd:			.equ	3
  1340                      <       	D_Date_Day_setup_lcd:			.equ	4
  1341                      <       	D_Alarm_Minute_setup_lcd:		.equ	5
  1342                      <       	D_Alarm_Hour_setup_lcd:			.equ	6
  1343                      <       .EXTERNAL	RB_Setup_Status
  1344                      <       	D_Setting_flag:			.equ	0x80
  1345                      <       
  1346                      <       .EXTERNAL	R_flash_Temp
  1347                      <       
  1348                      <       .EXTERNAL	R_POINT
  1349                      <       
  1350                      <       .EXTERNAL		R_Uart_UI	
  1351                      <       D_UI_Time		equ		60
  1352                      <       
  1353                      <       ;.EXTERNAL	R_DispTemper	
  1354                      <       ;.EXTERNAL	R_DispHum	
  1355                      <       ;.EXTERNAL	R_SpecFlag	
  1356                      <       ;;R_TempMin_Sign	ds	1
  1357                      <       ;;R_TempMax_Sign	ds	1
  1358                      <       ;;R_HumMin_Sign	ds	1
  1359                      <       ;;R_HumMax_Sign	ds	1
  1360                      <       ;D_HumHH				equ	0x80
  1361                      <       ;D_HumLL				equ	0x40
  1362                      <       ;D_TempHH			equ	0x20
  1363                      <       ;D_TempLL			equ	0x10
  1364                      <       ;D_Neg				equ 0x08	;负温度
  1365                      <       ;D_TF				equ 0x04	;华氏度
  1366                      <       ;D_DelayReady		equ 0x02	
  1367                      <       ;C_TEMP_HH		equ	5
  1368                      <       ;C_TEMP_LL		equ 9
  1369                      <       .EXTERN	F_LCD_Initinal
  1370                              ;==========================================
  1371                              ; External declare area
  1372                              ;==========================================
  1373                              
  1374                              ;==========================================
  1375                              ; Public declare area
  1376                              ;==========================================
  1377                              .PUBLIC			F_24HourClock
  1378                              .PUBLIC			_F_24HourClock
  1379                              ;.PUBLIC			F_GetNsLiCalendar
  1380                              ;.PUBLIC			_F_GetNsLiCalendar
  1381                              .PUBLIC			F_JudegLeapYear
  1382                              .PUBLIC			_F_JudegLeapYear
  1383                              .PUBLIC			F_24TO12Change
  1384                              .PUBLIC			_F_24TO12Change
  1385                              ; .PUBLIC			F_Check_Alarming
  1386                              ; .PUBLIC			_F_Check_Alarming
  1387                              .PUBLIC			F_JudgeWeek
  1388                              .PUBLIC			_F_JudgeWeek
  1389                              
  1390                              
  1391                              .PUBLIC			R_Week
  1392                              .PUBLIC			_R_Week
  1393                              .PUBLIC			R_Month
  1394                              .PUBLIC			_R_Month
  1395                              .PUBLIC			R_Month_temp
  1396                              .PUBLIC			_R_Month_temp
  1397                              .PUBLIC			R_Day
  1398                              .PUBLIC			_R_Day
  1399                              .PUBLIC			R_Day_temp
  1400                              .PUBLIC			_R_Day_temp
  1401                              .PUBLIC			R_Year
  1402                              .PUBLIC			_R_Year
  1403                              .PUBLIC			R_Year_temp
  1404                              .PUBLIC			_R_Year_temp
  1405                              .PUBLIC			R_Hejira_LeapYear_CalendarFlag
  1406                              .PUBLIC			_R_Hejira_LeapYear_CalendarFlag
  1407                              .PUBLIC			R_LCDHourBuff
  1408                              .PUBLIC			_R_LCDHourBuff
  1409                              .PUBLIC			R_LCDMinuBuff
  1410                              .PUBLIC			_R_LCDMinuBuff
  1411                              .PUBLIC			R_LCDSecBuff
  1412                              .PUBLIC			_R_LCDSecBuff
  1413                              
  1414                              .PUBLIC			R_DateSecond
  1415                              .PUBLIC			_R_DateSecond
  1416                              .PUBLIC			R_DateMinute
  1417                              .PUBLIC			_R_DateMinute
  1418                              .PUBLIC			R_DateHour
  1419                              .PUBLIC			_R_DateHour
  1420                              .PUBLIC			RB_12_24_Status
  1421                              .PUBLIC			_RB_12_24_Status
  1422                              .PUBLIC			R_AlarmMinute
  1423                              .PUBLIC			_R_AlarmMinute
  1424                              .PUBLIC			R_AlarmHour
  1425                              .PUBLIC			_R_AlarmHour
  1426                              
  1427                              .PUBLIC			R_CurrentGroup
  1428                              .PUBLIC			_R_CurrentGroup
  1429                              .PUBLIC			R_DispAlmDay
  1430                              .PUBLIC			_R_DispAlmDay
  1431                              .PUBLIC			R_AlarmOnOff
  1432                              .PUBLIC			_R_AlarmOnOff
  1433                              
  1434                              .PUBLIC			R_Alarm_ENDIS_Flag
  1435                              .PUBLIC			_R_Alarm_ENDIS_Flag
  1436                              .PUBLIC			R_TimerMinute
  1437                              .PUBLIC			_R_TimerMinute
  1438                              .PUBLIC			R_TimerSecond
  1439                              .PUBLIC			_R_TimerSecond
  1440                              
  1441                              .PUBLIC		R_Second_Temp
  1442                              .PUBLIC		_R_Second_Temp
  1443                              .PUBLIC		R_IconCount
  1444                              .PUBLIC		_R_IconCount
  1445                              ;==========================================
  1446                              ;Variable RAM declare area
  1447                              ;==========================================
  1448 00000004                     Z_User_Calendar:		.section	.PAGE0
  1449 00000004 FF                  R_Week:			.DS		1
  1450                              _R_Week:		.EQU	R_Week
  1451 00000005 FF                  R_Month:		.DS		1
  1452                              _R_Month:		.EQU	R_Month
  1453 00000006 FF                  R_Month_temp:	.ds		1
  1454                              _R_Month_temp:		.equ	R_Month_temp
  1455 00000007 FF                  R_Day:			.DS		1
  1456                              _R_Day:			.EQU	R_Day
  1457 00000008 FF                  R_Day_temp:				.ds		1
  1458                              _R_Day_temp:	.equ	R_Day_temp
  1459 00000009 FF FF               R_Year:			.DS		2
  1460                              _R_Year:		.EQU	R_Year
  1461 0000000B FF FF               R_Year_temp:	.ds		2
  1462                              _R_Year_temp:	.EQU	R_Year_temp
  1463 0000000D FF FF               R_JMP_Temp		.ds		2
  1464 0000000F FF                  R_Calendar_Temp0:		.DS		1
  1465 00000010 FF                  R_Calendar_Temp1:		.DS		1
  1466 00000011 FF                  R_Calendar_Temp2:		.DS		1		;春节所在月份
  1467 00000012 FF                  R_Calendar_Temp3:		.DS		1		;春节所在日
  1468 00000013 FF                  R_Calendar_Temp4:		.DS		1		;春节离元旦的天数
  1469 00000014 FF FF               R_Calendar_Temp5:		.DS		2		;计算公历日离当年元旦的天数
  1470 00000016 FF                  R_Calendar_ADDR:		.DS		1
  1471                              
  1472 00000017 FF FF               R_YEAR_ADDR:		.DS		2
  1473 00000019 FF                  R_DayRange:			.DS		1
  1474                              D_LeapYear:			.EQU	%10000000B
  1475 0000001A FF                  R_Index_temp:		.DS		1
  1476 0000001B FF                  R_Flag_y:			.DS		1
  1477 0000001C FF                  R_Index_Month:		.ds		1
  1478 0000001D FF                  R_Hejira_LeapYear_CalendarFlag:		.DS		1
  1479                              _R_Hejira_LeapYear_CalendarFlag:		.EQU		R_Hejira_LeapYear_CalendarFlag
  1480                              
  1481                              
  1482 0000001E FF                  R_LCDHourBuff:		.ds		1
  1483                              _R_LCDHourBuff:		.equ	R_LCDHourBuff
  1484 0000001F FF                  R_LCDMinuBuff:		.ds		1
  1485                              _R_LCDMinuBuff:		.equ	R_LCDMinuBuff
  1486 00000020 FF                  R_LCDSecBuff:		.ds		1
  1487                              _R_LCDSecBuff:		.equ	R_LCDSecBuff
  1488                              
  1489 00000021 FF                  R_DateSecond:		.ds		1
  1490                              _R_DateSecond:		.equ	R_DateSecond
  1491 00000022 FF                  R_DateMinute:		.ds		1
  1492                              _R_DateMinute:		.equ	R_DateMinute
  1493 00000023 FF                  R_DateHour:			.ds		1
  1494                              _R_DateHour:		.equ	R_DateHour
  1495                              
  1496 00000024 FF FF FF            R_AlarmMinute:		.ds		3
  1497                              _R_AlarmMinute:		.equ	R_AlarmMinute
  1498 00000027 FF FF FF            R_AlarmHour:			.ds		3
  1499                              _R_AlarmHour:		.equ	R_AlarmHour
  1500                              
  1501 0000002A FF                  R_CurrentGroup: 	ds	1		;响闹组别(0-2)
  1502                              _R_CurrentGroup:	.equ	R_CurrentGroup
  1503 0000002B FF FF FF            R_DispAlmDay	ds	3		;3组门闹钟的类型，0为每天，1为单休，2为双休
  1504                              _R_DispAlmDay		.equ	R_DispAlmDay
  1505 0000002E FF                  R_AlarmOnOff	ds  1		;bit0-2对应组开关状态
  1506                              _R_AlarmOnOff		.equ	R_AlarmOnOff
  1507                              
  1508 0000002F FF                  RB_12_24_Status:		.ds		1
  1509                              _RB_12_24_Status:		.equ	RB_12_24_Status
  1510                              	D_24H:		.EQU	00H
  1511                              	D_12H:		.EQU	80H
  1512 00000030 FF                  R_Alarm_ENDIS_Flag:		.DS		1
  1513                              _R_Alarm_ENDIS_Flag:		.equ	R_Alarm_ENDIS_Flag
  1514                              	D_Alarm_EN:		.EQU	0X80
  1515                              
  1516                              	
  1517 00000031 FF                  RB_Alarming_cnt:		.ds		1		
  1518 00000032 FF                  R_KEYMathTemp:		.DS		1
  1519                              
  1520 00000033 FF                  R_TimerMinute:		.ds		1
  1521                              _R_TimerMinute:		.equ	R_TimerMinute
  1522 00000034 FF                  R_TimerSecond:		.ds		1
  1523                              _R_TimerSecond:		.equ	R_TimerSecond
  1524                              
  1525 00000035 FF                  R_IconCount			ds	1
  1526                              _R_IconCount		equ		R_IconCount
  1527 00000036 FF                  R_Second_Temp		ds	1
  1528                              _R_Second_Temp		equ		R_Second_Temp
  1529                              
  1530                              .ENDS
  1531                              ;===========================================================
  1532 000002C5                     N_User_calendar:			.section
  1533                              
  1534 000002C5 FF                  R_TEST_Temp:		.DS		1
  1535                              .ENDS
  1536                              ;==========================================
  1537                              ; code starting 
  1538                              ;==========================================
  1539                              
  1540                              
  1541 0000EDE7                     ROM_calendar:			.SECTION
  1542                              
  1543                              ;;======================================
  1544                              ;Function Name:  F_24HourClock
  1545                              ;Applied Body:   GPL10B
  1546                              ;purpose:        set clock & clock change
  1547                              ;programmer:     yanxiaodu
  1548                              ;data:           2011-11-03
  1549                              ;modification:   2011-11-03 
  1550                              ;;======================================
  1551 0000EDE7                     F_24HourClock:
  1552 0000EDE7                     _F_24HourClock:
  1553 0000EDE7 A5 21               	lda	R_DateSecond				;R_Scend
  1554 0000EDE9 85 20               	STA	R_LCDSecBuff
  1555 0000EDEB C9 3C               	cmp	#60d
  1556 0000EDED B0 03               	BCS	?L_Minute
  1557 0000EDEF 4C 8E EE            	jmp	L_24HourClockEnd
  1558 0000EDF2                     ?L_Minute:
  1559 0000EDF2 A9 00               	lda		#00h						;clear scend temp
  1560 0000EDF4 85 21               	sta		R_DateSecond				;R_Scend
  1561 0000EDF6 85 20               	STA		R_LCDSecBuff	
  1562                              	
  1563 0000EDF8 E6 22               	INC		R_DateMinute
  1564                              ;	JSR		F_OpenData					;打开温湿度检测
  1565 0000EDFA 20 63 F1            	jsr		F_CheckAlarm				;check alarm	
  1566 0000EDFD A5 22               	LDA		R_DateMinute
  1567 0000EDFF 85 1F               	STA		R_LCDMinuBuff
  1568                              	
  1569 0000EE01 C9 3C               	cmp		#60d
  1570 0000EE03 B0 03               	BCS		?L_Hour	
  1571 0000EE05 4C 88 EE            	jmp		L_minute_end
  1572 0000EE08                     ?L_Hour:
  1573 0000EE08 A9 00               	lda		#00h						;clear minute time
  1574 0000EE0A 85 22               	sta		R_DateMinute				;R_Minute
  1575 0000EE0C 85 1F               	STA		R_LCDMinuBuff
  1576                              
  1577 0000EE0E E6 23               	INC		R_DateHour					;R_Hour
  1578 0000EE10 A5 23               	LDA		R_DateHour
  1579 0000EE12 85 1E               	STA		R_LCDHourBuff
  1580 0000EE14 C9 18               	CMP		#24d
  1581 0000EE16 B0 03               	BCS		?L_Day	
  1582 0000EE18 4C 88 EE            	jmp		L_minute_end			;hour is 24?
  1583 0000EE1B                     ?L_Day:
  1584 0000EE1B A9 00               	lda		#00h						;
  1585 0000EE1D 85 23               	sta		R_DateHour					;R_Hour
  1586 0000EE1F 85 1E               	STA		R_LCDHourBuff
  1587                              	
  1588 0000EE21 E6 04               	inc	R_Week
  1589 0000EE23 A5 04               	lda	R_Week
  1590 0000EE25 C9 08               	cmp	#08d
  1591 0000EE27 90 04               	bcc	?L_Month					;if week over sunday,it must be change
  1592 0000EE29 A9 01               	lda	#01d
  1593 0000EE2B 85 04               	sta	R_Week
  1594 0000EE2D                     ?L_Month:
  1595 0000EE2D A5 05               	lda	R_Month
  1596 0000EE2F 49 02               	EOR	#02h
  1597 0000EE31 F0 03               	beq	?L_JudgeLeapYear
  1598 0000EE33 4C 3C EE            	jmp	?L_NormalYear
  1599 0000EE36                     ?L_JudgeLeapYear:
  1600 0000EE36 A5 1D               	lda	R_Hejira_LeapYear_CalendarFlag				;R_LeapYearFlag=0,not leap year
  1601 0000EE38 29 80               	and	#10000000B									;D_LeapYear
  1602 0000EE3A D0 10               	bne	?L_LeapYear						;R_LeapYearFlag=0 --→ leap year
  1603 0000EE3C                     ?L_NormalYear:
  1604 0000EE3C A6 05               	ldx	R_Month
  1605 0000EE3E BD 2E EF            	lda	T_Month_Table,x
  1606 0000EE41 85 19               	sta	R_DayRange						;one month max day
  1607 0000EE43 A5 07               	lda	R_Day
  1608 0000EE45 C5 19               	cmp	R_DayRange
  1609 0000EE47 F0 0E               	beq	?L_MonthAdjust
  1610 0000EE49 4C 52 EE            	jmp	?L_DayIncrease
  1611 0000EE4C                     ?L_LeapYear:
  1612 0000EE4C A5 07               	lda	R_Day
  1613 0000EE4E C9 1D               	cmp	#1dh
  1614 0000EE50 F0 05               	beq	?L_MonthAdjust
  1615 0000EE52                     ?L_DayIncrease:
  1616 0000EE52 E6 07               	inc	R_Day						;day+1
  1617 0000EE54 4C 88 EE            	jmp	L_minute_end	
  1618 0000EE57                     ?L_MonthAdjust:
  1619 0000EE57 A9 01               	lda	#01h
  1620 0000EE59 85 07               	sta	R_Day
  1621 0000EE5B A5 05               	lda	R_Month
  1622 0000EE5D C9 0C               	cmp	#12d
  1623 0000EE5F F0 05               	beq	?L_Year
  1624 0000EE61 E6 05               	inc	R_Month						;month+1
  1625 0000EE63 4C 88 EE            	jmp	L_minute_end
  1626 0000EE66                     ?L_Year:
  1627 0000EE66 A9 01               	lda	#01h
  1628 0000EE68 85 05               	sta	R_Month						;month loop:1,2,3,4````,12,1,2,```12,1,2,```
  1629                              	
  1630 0000EE6A A5 09               	lda	R_Year
  1631 0000EE6C C9 63               	cmp	#99D
  1632 0000EE6E F0 05               	BEQ	?l_AdjustYear
  1633 0000EE70 E6 09               	inc	R_Year
  1634 0000EE72 4C 88 EE            	jmp	L_minute_end
  1635 0000EE75                     ?l_AdjustYear:
  1636 0000EE75 A9 00               	lda	#00h
  1637 0000EE77 85 09               	sta	R_Year						;
  1638 0000EE79 A5 0A               	lda	R_Year+1
  1639 0000EE7B C9 14               	cmp	#20d						;the maximal year is 3999
  1640 0000EE7D F0 05               	beq	?L_AdjustYear_1
  1641 0000EE7F E6 0A               	inc	R_Year+1
  1642 0000EE81 4C 88 EE            	jmp	L_minute_end
  1643 0000EE84                     ?L_AdjustYear_1:
  1644 0000EE84 A9 13               	lda	#19d
  1645 0000EE86 85 0A               	sta	R_Year+1					;the min year is 1000
  1646                              	
  1647 0000EE88                     L_minute_end:
  1648                              ;	JSR		F_JudegAlarm
  1649                              	%bits RB_Lcd_Updata_Flag,D_LcdUpdate;	
  1650 0000EE88 A5 5E             1           lda     RB_Lcd_Updata_Flag               ;ex.  
  1651 0000EE8A 09 40             1           ora     #D_LcdUpdate              ;  %bits 10H,_BIT0
  1652                            1 		                   ;  10H.0=1
  1653 0000EE8C 85 5E             1           sta     RB_Lcd_Updata_Flag               ;
  1654 0000EE8E                     L_24HourClockEnd:
  1655                              
  1656 0000EE8E 20 96 EE            	jsr		F_JudegLeapYear
  1657 0000EE91 EA                  	NOP
  1658 0000EE92 20 C7 EE            	JSR		F_JudgeWeek
  1659 0000EE95 60                  	rts
  1660                              ;; ==============================================
  1661                              ;; Function	name: F_JudegAlarm 
  1662                              ;; Purpose	    : Judeg leap year 
  1663                              ;; Parameter		: 
  1664                              ;; Return    	: 
  1665                              ;; Destroy	    : X
  1666                              ;; Stack depth	: 1
  1667                              ;; ==============================================
  1668                              ;
  1669                              ;F_JudegAlarm:
  1670                              ;_F_JudegAlarm:
  1671                              ;	
  1672                              ;		LDA		R_Alarm_ENDIS_Flag
  1673                              ;		AND		#D_Alarm_EN
  1674                              ;		BNE		?L_Alarm_enable
  1675                              ;		RTS
  1676                              ;		
  1677                              ;?L_Alarm_enable:
  1678                              ;		LDA		R_AlarmHour
  1679                              ;		CMP		R_DateHour
  1680                              ;		BEQ		?L_Check_Minute
  1681                              ;		RTS
  1682                              ;?L_Check_Minute:
  1683                              ;		LDA		R_AlarmMinute
  1684                              ;		CMP		R_DateMinute
  1685                              ;		BEQ		?L_Alarm_checked
  1686                              ;		RTS
  1687                              ;?L_Alarm_checked:
  1688                              ;		LDA		#00010000B			;output pull low
  1689                              ;		STA		P_IO_PortC_Dir
  1690                              ;		
  1691                              ;		LDA		#00000000B
  1692                              ;		STA		P_IO_PortC_Data
  1693                              ;		
  1694                              ;		LDA		#02h			;pC4
  1695                              ;		STA		P_PWMIO_Sel
  1696                              ;		
  1697                              ;		LDA		#10H
  1698                              ;		STA		P_PWMIO_Timer_Data
  1699                              ;		LDA		#08D
  1700                              ;		STA		P_PWMIO_IO0_DUTY
  1701                              ;		
  1702                              ;		LDA		#D_PWMClk32K+D_PWMIO0En
  1703                              ;		STA		P_PWMIO_Ctrl
  1704                              ;		
  1705                              ;		LDA		R_Alarm_ENDIS_Flag
  1706                              ;		ORA		#D_Alarming
  1707                              ;		STA		R_Alarm_ENDIS_Flag
  1708                              ;		
  1709                              ;		LDA		#30d
  1710                              ;		STA		RB_Alarming_cnt
  1711                              ;		RTS
  1712                              ; ; ==============================================
  1713                              ; ; Function	name: F_Check_Alarming 
  1714                              ; ; Purpose	    : alarm 30s
  1715                              ; ; Parameter		: 
  1716                              ; ; Return    	: 
  1717                              ; ; Destroy	    : X
  1718                              ; ; Stack depth	: 1
  1719                              ; ; ==============================================
  1720                              ; F_Check_Alarming:
  1721                              ; _F_Check_Alarming:
  1722                              ; 		LDA		R_Alarm_ENDIS_Flag
  1723                              ; 		EOR		#D_Alarming+D_Alarm_EN
  1724                              ; 		BEQ		?L_Alarming
  1725                              ; 		RTS
  1726                              ; ?L_Alarming:
  1727                              ; 		LDA		RB_Alarming_cnt
  1728                              ; 		BEQ		?L_Stop_alarm
  1729                              ; 		DEC		RB_Alarming_cnt
  1730                              ; 		RTS
  1731                              ; ?L_Stop_alarm:
  1732                              ; 		LDA		#00h
  1733                              ; 		STA		P_PWMIO_Sel
  1734                              ; 		LDA		#D_PWMClk32K
  1735                              ; 		STA		P_PWMIO_Ctrl
  1736                              		
  1737                              ; 		LDA		R_Alarm_ENDIS_Flag
  1738                              ; 		AND		#~D_Alarming
  1739                              ; 		STA		R_Alarm_ENDIS_Flag
  1740                              		
  1741                              ; 		LDA		P_IO_PortC_Data
  1742                              ; 		AND		#E0H
  1743                              ; 		STA		P_IO_PortC_Data
  1744                              ; 		RTS
  1745                              	
  1746                              ; ==============================================
  1747                              ; Function	name: F_JudegLeapYear 
  1748                              ; Purpose	    : Judeg leap year 
  1749                              ; Parameter		: 
  1750                              ; Return    	: 
  1751                              ; Destroy	    : X
  1752                              ; Stack depth	: 1
  1753                              ; ==============================================
  1754                              
  1755 0000EE96                     F_JudegLeapYear:
  1756 0000EE96                     _F_JudegLeapYear:
  1757 0000EE96 A5 09               	lda		R_Year
  1758 0000EE98 85 0F               	sta		R_Calendar_Temp0
  1759 0000EE9A A5 0A               	lda		R_Year+1
  1760 0000EE9C 85 10               	sta		R_Calendar_Temp1
  1761                              	
  1762 0000EE9E A5 0F               	lda		R_Calendar_Temp0
  1763 0000EEA0 D0 0C               	bne		?L_NextL#
  1764 0000EEA2 A5 10               	lda		R_Calendar_Temp1
  1765 0000EEA4 18                  	clc
  1766 0000EEA5 6A                  	ror		a
  1767 0000EEA6 B0 18               	bcs		?L_LeapYear_Not#
  1768 0000EEA8 6A                  	ror		a
  1769 0000EEA9 B0 15               	bcs		?L_LeapYear_Not#		;不是400的整数倍
  1770 0000EEAB 4C B7 EE            	jmp		?L_LeapYear_Yes#
  1771 0000EEAE                     ?L_NextL#:
  1772 0000EEAE A5 0F               	lda		R_Calendar_Temp0
  1773 0000EEB0 18                  	clc
  1774 0000EEB1 6A                  	ror		a
  1775 0000EEB2 B0 0C               	bcs		?L_LeapYear_Not#
  1776 0000EEB4 6A                  	ror		a
  1777 0000EEB5 B0 09               	bcs		?L_LeapYear_Not#		;不是4的整数倍
  1778 0000EEB7                     ?L_LeapYear_Yes#:					;400的整数倍
  1779 0000EEB7 A5 1D               	lda		R_Hejira_LeapYear_CalendarFlag
  1780 0000EEB9 09 80               	ora		#D_LeapYear
  1781 0000EEBB 85 1D               	sta		R_Hejira_LeapYear_CalendarFlag
  1782 0000EEBD 4C C6 EE            	jmp		?L_JudegLeapYearEnd#
  1783 0000EEC0                     ?L_LeapYear_Not#:
  1784 0000EEC0 A5 1D               	lda		R_Hejira_LeapYear_CalendarFlag
  1785 0000EEC2 29 7F               	and		#.not.D_LeapYear
  1786 0000EEC4 85 1D               	sta		R_Hejira_LeapYear_CalendarFlag
  1787 0000EEC6                     ?L_JudegLeapYearEnd#:
  1788 0000EEC6 60                  	rts
  1789                              
  1790                              ;; ==============================================
  1791                              ;; Function	name: F_GetNsLiCalendar 
  1792                              ;; Purpose	    : 公历转换为农历
  1793                              ;; Parameter		: 
  1794                              ;; Return    	: 
  1795                              ;; Destroy	    : X
  1796                              ;; Stack depth	: 1
  1797                              ;; ==============================================
  1798                              ;F_GetNsLiCalendar:
  1799                              ;_F_GetNsLiCalendar:
  1800                              ;	LDA		R_Year+1
  1801                              ;	CMP		#14h
  1802                              ;	BCC		L_19XX_YEARADDR
  1803                              ;	
  1804                              ;;=================================================
  1805                              ;L_20XX_YEARADDR:						;20XX YEAR TAB
  1806                              ;	LDA		R_Year
  1807                              ;	STA		R_Calendar_ADDR
  1808                              ;	LDA		#01h
  1809                              ;	STA		R_YEAR_ADDR+1
  1810                              ;	JMP		L_YEARADDR_3
  1811                              ;L_19XX_YEARADDR:						;19XX YEAR TAB
  1812                              ;	LDA		R_Year
  1813                              ;	SEC		
  1814                              ;	SBC		#15d
  1815                              ;	STA		R_Calendar_ADDR
  1816                              ;	LDA		#00H
  1817                              ;	STA		R_YEAR_ADDR+1				;gaowei
  1818                              ;L_YEARADDR_3:
  1819                              ;	LDA		R_Calendar_ADDR
  1820                              ;	CLC
  1821                              ;	ROL		A
  1822                              ;	CLC
  1823                              ;	ADC		R_Calendar_ADDR
  1824                              ;	STA		R_YEAR_ADDR
  1825                              ;
  1826                              ;;================================================
  1827                              ;L_NongLi_Chunjie_YueFen:
  1828                              ;	TAX	
  1829                              ;	INX
  1830                              ;	INX
  1831                              ;	LDA		R_YEAR_ADDR+1
  1832                              ;	BEQ		?L_NongLi_Chunjie_19#
  1833                              ;	LDA		T_year_code_TAB1,X
  1834                              ;	JMP		?L_NongLi_Chunjie_20#
  1835                              ;?L_NongLi_Chunjie_19#:
  1836                              ;	LDA		T_year_code_TAB,X
  1837                              ;?L_NongLi_Chunjie_20#:
  1838                              ;	AND		#01100000b
  1839                              ;	CLC
  1840                              ;	ROR		A
  1841                              ;	CLC
  1842                              ;	ROR		A
  1843                              ;	CLC
  1844                              ;	ROR		A
  1845                              ;	CLC
  1846                              ;	ROR		A
  1847                              ;	CLC
  1848                              ;	ROR		A
  1849                              ;	AND		#03H
  1850                              ;	STA		R_Calendar_Temp2					;nongli chunjie suozai yuefen
  1851                              ;	LDA		R_YEAR_ADDR+1
  1852                              ;	BEQ		?L_Gongli_Chunjie_19#
  1853                              ;	LDA		T_year_code_TAB1,X
  1854                              ;	JMP		?L_Gongli_Chunjie_20#
  1855                              ;?L_Gongli_Chunjie_19#:
  1856                              ;	LDA		T_year_code_TAB,X
  1857                              ;?L_Gongli_Chunjie_20#:
  1858                              ;	AND		#1fh
  1859                              ;	STA		R_Calendar_Temp3					;nongli chunjie suozai ri
  1860                              ;;====================================================================	
  1861                              ;	LDA		#01h
  1862                              ;	BIT		R_Calendar_Temp2					
  1863                              ;	BNE		L_YuanYue_ChunJie					;1yuefen shi nongli chunjie
  1864                              ;	JMP		L_ErYue_ChunJie
  1865                              ;L_YuanYue_ChunJie:
  1866                              ;	CLC
  1867                              ;	DEC		R_Calendar_Temp3
  1868                              ;	LDA		R_Calendar_Temp3
  1869                              ;	JMP		L_ChunJie
  1870                              ;	;STA		R_Calendar_Temp4					;chunjie juli yuandan  tianshu 
  1871                              ;L_ErYue_ChunJie:
  1872                              ;	LDA		R_Calendar_Temp3
  1873                              ;	CLC
  1874                              ;	ADC		#30d								;+31-1
  1875                              ;L_ChunJie:
  1876                              ;	STA		R_Calendar_Temp4
  1877                              ;;=======================================================================
  1878                              ;	LDA		R_Month
  1879                              ;	TAX
  1880                              ;	CMP		#10d
  1881                              ;	BCC		L_Gongli_Days1
  1882                              ;	JMP		L_Gongli_Days2
  1883                              ;L_Gongli_Days1:
  1884                              ;	DEX
  1885                              ;	LDA		T_day_code_TAB1,X
  1886                              ;	CLC
  1887                              ;	ADC		R_Day
  1888                              ;	STA		R_Calendar_Temp5
  1889                              ;	BCS		?L_C_Carry
  1890                              ;	LDA		#00h
  1891                              ;	BEQ		?L_Sta_c5
  1892                              ;
  1893                              ;?L_C_Carry:
  1894                              ;	LDA		#01h
  1895                              ;?L_Sta_c5:
  1896                              ;	STA		R_Calendar_Temp5+1
  1897                              ;	DEC		R_Calendar_Temp5
  1898                              ;	LDA		R_Calendar_Temp5
  1899                              ;	CMP		#ffh
  1900                              ;	BNE		L_eapYear_Day_Modify
  1901                              ;	LDA		#00h
  1902                              ;	STA		R_Calendar_Temp5+1
  1903                              ;	JMP		L_eapYear_Day_Modify
  1904                              ;L_Gongli_Days2:
  1905                              ;	DEX
  1906                              ;	LDA		T_day_code_TAB1,X
  1907                              ;	CLC
  1908                              ;	ADC		R_Day
  1909                              ;	ROL		R_Calendar_Temp5+1
  1910                              ;	STA		R_Calendar_Temp5			;diwei
  1911                              ;	INC			R_Calendar_Temp5+1			;gaowei
  1912                              ;L_eapYear_Day_Modify:
  1913                              ;	LDA		R_Hejira_LeapYear_CalendarFlag
  1914                              ;	BMI		L_LEAP_YEAR
  1915                              ;	JMP		L_ChunJie_QianHou
  1916                              ;L_LEAP_YEAR:							;RUN NIAN +1
  1917                              ;	LDA		R_Month
  1918                              ;	CMP		#03H
  1919                              ;	BCS		L_LEAR_YEAR_Day_adc_1
  1920                              ;	JMP		L_ChunJie_QianHou
  1921                              ;L_LEAR_YEAR_Day_adc_1:
  1922                              ;	INC		R_Calendar_Temp5
  1923                              ;L_ChunJie_QianHou:							;fi start
  1924                              ;	LDA		R_Calendar_Temp5+1
  1925                              ;	BNE		L_ChunJie_Qian
  1926                              ;	LDA		R_Calendar_Temp4
  1927                              ;	CMP		R_Calendar_Temp5
  1928                              ;	BEQ		L_ChunJie_Qian				;add 20150630
  1929                              ;	BCC		L_ChunJie_Qian
  1930                              ;	JMP		L_ChunJie_Hou1
  1931                              ;L_ChunJie_Qian:
  1932                              ;	LDA		R_Calendar_Temp5
  1933                              ;	SEC
  1934                              ;	SBC		R_Calendar_Temp4
  1935                              ;	STA		R_Calendar_Temp5
  1936                              ;	BCC		L_Clear_gaowei1#
  1937                              ;	JMP		L_Nop_Clear1#
  1938                              ;L_Clear_gaowei1#:
  1939                              ;	LDA		#00h
  1940                              ;	STA		R_Calendar_Temp5+1
  1941                              ;L_Nop_Clear1#:
  1942                              ;	LDA		#00H
  1943                              ;	STA		R_Flag_y
  1944                              ;	LDA		#01h
  1945                              ;	STA		R_Month_temp				;R_Month
  1946                              ;	STA		R_Index_Month
  1947                              ;	LDX		R_YEAR_ADDR
  1948                              ;	STX		R_Index_temp
  1949                              ;	JSR		F_JudgeMoonDay
  1950                              ;	STA		R_Calendar_Temp2
  1951                              ;;======================================
  1952                              ;	LDX		R_YEAR_ADDR
  1953                              ;	
  1954                              ;	LDA		R_YEAR_ADDR+1
  1955                              ;	BEQ		?L_Runnian_yue_19#
  1956                              ;	LDA		T_year_code_TAB1,X
  1957                              ;	JMP		?L_Runnian_yue_20#
  1958                              ;?L_Runnian_yue_19#:
  1959                              ;	LDA		T_year_code_TAB,X
  1960                              ;?L_Runnian_yue_20#:
  1961                              ;	CLC
  1962                              ;	ROR		A
  1963                              ;	CLC
  1964                              ;	ROR		A
  1965                              ;	CLC
  1966                              ;	ROR		A
  1967                              ;	CLC
  1968                              ;	ROR		A
  1969                              ;	STA		R_Calendar_Temp3
  1970                              ;L_Calculate_Day_loop:
  1971                              ;	LDA		R_Calendar_Temp5+1
  1972                              ;	BNE		L_Calculate_Day_loop1
  1973                              ;	LDA		R_Calendar_Temp5
  1974                              ;	CMP		R_Calendar_Temp2
  1975                              ;	BCS		L_Calculate_Day_loop1			;R_Calendar_Temp5>=R_Calendar_Temp2
  1976                              ;	JMP		L_Day_Value
  1977                              ;L_Calculate_Day_loop1:
  1978                              ;	LDA		R_Calendar_Temp5
  1979                              ;	SEC
  1980                              ;	SBC		R_Calendar_Temp2
  1981                              ;	STA		R_Calendar_Temp5
  1982                              ;	BCC		L_Clear_gaowei2#
  1983                              ;	JMP		L_Nop_Clear2#
  1984                              ;L_Clear_gaowei2#:
  1985                              ;	LDA		#00h
  1986                              ;	STA		R_Calendar_Temp5+1
  1987                              ;L_Nop_Clear2#:
  1988                              ;	INC		R_Index_Month					;R_Index_temp
  1989                              ;	
  1990                              ;	LDA		R_Month_temp					;R_Month
  1991                              ;	EOR		R_Calendar_Temp3
  1992                              ;	BEQ		L_YUE_DENGYU_LeapYear_yue
  1993                              ;	JMP		L_Month_add
  1994                              ;L_YUE_DENGYU_LeapYear_yue:
  1995                              ;	LDA		R_Flag_y
  1996                              ;	EOR		#01H	
  1997                              ;	STA		R_Flag_y
  1998                              ;	BEQ		L_Month_add
  1999                              ;	JMP		L_GetMoonDay
  2000                              ;L_ChunJie_Hou1:
  2001                              ;	JMP		L_ChunJie_Hou
  2002                              ;L_Month_add:
  2003                              ;	INC		R_Month_temp				;R_Index_Month
  2004                              ;L_GetMoonDay:
  2005                              ;	LDX		R_YEAR_ADDR
  2006                              ;	STX		R_Index_temp
  2007                              ;	JSR		F_JudgeMoonDay
  2008                              ;	STA		R_Calendar_Temp2
  2009                              ;	JMP		L_Calculate_Day_loop	
  2010                              ;L_Day_Value:
  2011                              ;	INC		R_Calendar_Temp5
  2012                              ;	LDA		R_Calendar_Temp5
  2013                              ;	STA		R_Day_temp						;R_Day
  2014                              ;	JMP		L_Data_Evaluate;	RTS										;if stop										;ADBHAOUDHAOUIDHAIOWDNIOAWNDIOAWNDIO
  2015                              ;L_ChunJie_Hou:													;else start
  2016                              ;	LDA		R_Calendar_Temp4
  2017                              ;	SEC
  2018                              ;	SBC		R_Calendar_Temp5
  2019                              ;	STA		R_Calendar_Temp4	
  2020                              ;	LDA		R_Year_temp										;R_Year		IF(YEAR_L ==0)		
  2021                              ;	BEQ		L_YearH_jian1
  2022                              ;	JMP		L_YearL_jian1
  2023                              ;L_YearH_jian1:
  2024                              ;	LDA		#99D														;100-1
  2025                              ;	STA		R_Year_temp												;R_Year	
  2026                              ;	LDA		#19D
  2027                              ;	STA		R_Year_temp+1											;R_Year+1
  2028                              ;	JMP		L_TAB_ADDR_3
  2029                              ;L_YearL_jian1:
  2030                              ;	DEC		R_Year_temp											;R_Year
  2031                              ;L_TAB_ADDR_3:
  2032                              ;	DEC		R_YEAR_ADDR											;ADDR -3
  2033                              ;	DEC		R_YEAR_ADDR
  2034                              ;	DEC		R_YEAR_ADDR
  2035                              ;	LDA		#12D
  2036                              ;	STA		R_Month_temp										;R_Month
  2037                              ;	LDX		R_YEAR_ADDR
  2038                              ;	LDA		R_YEAR_ADDR+1
  2039                              ;	BEQ		?L_else_Runnian_yue_19#
  2040                              ;	LDA		T_year_code_TAB1,X
  2041                              ;	JMP		?L_else_Runnian_yue_20#
  2042                              ;?L_else_Runnian_yue_19#:
  2043                              ;	LDA		T_year_code_TAB,X
  2044                              ;?L_else_Runnian_yue_20#:
  2045                              ;	CLC
  2046                              ;	ROR		A
  2047                              ;	CLC
  2048                              ;	ROR		A
  2049                              ;	CLC
  2050                              ;	ROR		A
  2051                              ;	CLC
  2052                              ;	ROR		A
  2053                              ;	STA		R_Calendar_Temp3	
  2054                              ;	BEQ		L_Index_Month_Change
  2055                              ;	LDA		#13D
  2056                              ;	STA		R_Index_Month	
  2057                              ;	JMP		L_GetMoonDay_ELSE	
  2058                              ;L_Index_Month_Change:
  2059                              ;	LDA		#12D
  2060                              ;	STA		R_Index_Month	
  2061                              ;L_GetMoonDay_ELSE:
  2062                              ;	LDA		#00H
  2063                              ;	STA		R_Flag_y
  2064                              ;	LDX		R_YEAR_ADDR
  2065                              ;	STX		R_Index_temp
  2066                              ;	JSR		F_JudgeMoonDay
  2067                              ;	STA		R_Calendar_Temp2
  2068                              ;L_Calculate_Day_loop2_ELSE:
  2069                              ;	LDA		R_Calendar_Temp2
  2070                              ;	CMP		R_Calendar_Temp4
  2071                              ;	BCC		L_Calculate_Day_While
  2072                              ;	jmp		L_Calculate_Day_While_end
  2073                              ;L_Calculate_Day_While:
  2074                              ;	lda		R_Calendar_Temp4
  2075                              ;	sec
  2076                              ;	sbc		R_Calendar_Temp2
  2077                              ;	sta		R_Calendar_Temp4
  2078                              ;	dec		R_Index_Month
  2079                              ;	lda		R_Flag_y
  2080                              ;	beq		L_Month_jian1
  2081                              ;	jmp		L_Month_VS_Temp3
  2082                              ;L_Month_jian1:
  2083                              ;	dec		R_Month_temp									;R_Month
  2084                              ;L_Month_VS_Temp3:
  2085                              ;	lda		R_Month_temp									;R_Month
  2086                              ;	EOR		R_Calendar_Temp3
  2087                              ;	beq		L_Month_dengyu_Temp3
  2088                              ;	jmp		L_GetMoonDay_ELSE_WHILE
  2089                              ;L_Month_dengyu_Temp3:
  2090                              ;	lda		R_Flag_y
  2091                              ;	eor		#01h
  2092                              ;	sta		R_Flag_y
  2093                              ;L_GetMoonDay_ELSE_WHILE:
  2094                              ;	LDX		R_YEAR_ADDR
  2095                              ;	STX		R_Index_temp
  2096                              ;	JSR		F_JudgeMoonDay
  2097                              ;	STA		R_Calendar_Temp2
  2098                              ;L_Calculate_Day_While_end:
  2099                              ;	LDA		R_Calendar_Temp2
  2100                              ;	SEC
  2101                              ;	SBC		R_Calendar_Temp4
  2102                              ;	CLC
  2103                              ;	ADC		#01H
  2104                              ;	STA		R_Day_temp							;R_Day
  2105                              ;L_Data_Evaluate:
  2106                              ;	;LDX		R_Year_temp
  2107                              ;	;%Hex_To_BCD
  2108                              ;	;STA		R_LCDHourBuff
  2109                              ;
  2110                              ;	;LDX		R_Month_temp
  2111                              ;	;%Hex_To_BCD
  2112                              ;	;STA		R_LCDMinuBuff	
  2113                              ;	;LDX		R_Day_temp
  2114                              ;	;%Hex_To_BCD
  2115                              ;	;STA		R_LCDSecBuff
  2116                              ;	RTS
  2117                              ;	
  2118                              ;=================================================================
  2119                              ; ==============================================
  2120                              ; Macro		name: F_JudgeWeek
  2121                              ; Purpose	    : 依据阳历日期计算星期
  2122                              ; Parameter		: 
  2123                              ; Return    	: R_Week
  2124                              ; Destroy	    : X
  2125                              ; Stack depth	: 1
  2126                              ; ==============================================
  2127 0000EEC7                     F_JudgeWeek:
  2128 0000EEC7                     _F_JudgeWeek:
  2129 0000EEC7 A5 0A               	lda		R_Year+1
  2130 0000EEC9 29 03               	and		#00000011b				;(R_Year+1)%4
  2131 0000EECB F0 10               	beq		?L_WeekNext1#
  2132 0000EECD 85 0F               	sta		R_Calendar_Temp0
  2133                              ;---------------------	
  2134 0000EECF A5 0F               	lda		R_Calendar_Temp0
  2135 0000EED1 18                  	clc
  2136 0000EED2 2A                  	rol		a
  2137 0000EED3 18                  	clc
  2138 0000EED4 2A                  	rol		a
  2139 0000EED5 18                  	clc
  2140 0000EED6 65 0F               	adc		R_Calendar_Temp0
  2141 0000EED8 85 0F               	sta		R_Calendar_Temp0				;(R_Year+1)%4*5
  2142 0000EEDA 4C E1 EE            	jmp		?L_WeekNext2#
  2143                              	
  2144 0000EEDD                      ?L_WeekNext1#:
  2145 0000EEDD A9 00               	lda		#00h
  2146 0000EEDF 85 0F               	sta		R_Calendar_Temp0
  2147                              ;---------------------
  2148 0000EEE1                      ?L_WeekNext2#:
  2149 0000EEE1 A5 09               	lda		R_Year
  2150 0000EEE3 18                  	clc
  2151 0000EEE4 65 0F               	adc		R_Calendar_Temp0
  2152 0000EEE6 85 0F               	sta		R_Calendar_Temp0				;(R_Year+1)%4*5+R_Year
  2153                              ;---------------------
  2154 0000EEE8 A5 09               	lda		R_Year
  2155 0000EEEA 18                  	clc
  2156 0000EEEB 6A                  	ror		a
  2157 0000EEEC 18                  	clc
  2158 0000EEED 6A                  	ror		a
  2159 0000EEEE 18                  	clc
  2160 0000EEEF 65 0F               	adc		R_Calendar_Temp0
  2161 0000EEF1 85 0F               	sta		R_Calendar_Temp0				;(R_Year+1)%4*5+R_Year+R_Year/4
  2162                              ;---------------------
  2163 0000EEF3 A5 1D               	lda		R_Hejira_LeapYear_CalendarFlag
  2164 0000EEF5 29 80               	and		#D_LeapYear
  2165 0000EEF7 D0 0D               	bne		?L_LeapYear#
  2166 0000EEF9                     ?L_NormalYear#:
  2167 0000EEF9 A6 05               	ldx		R_Month
  2168 0000EEFB BD 3B EF            	lda		T_WeekAdjust_Normal,x
  2169 0000EEFE 18                  	clc
  2170 0000EEFF 65 0F               	adc		R_Calendar_Temp0				;(R_Year+1)%4*5+R_Year+R_Year/4+mothAdjust
  2171 0000EF01 85 0F               	sta		R_Calendar_Temp0
  2172 0000EF03 4C 10 EF            	jmp		?L_WeekNext#
  2173 0000EF06                      ?L_LeapYear#:
  2174 0000EF06 A6 05               	ldx		R_Month
  2175 0000EF08 BD 48 EF            	lda		T_WeekAdjust_Leap,x
  2176 0000EF0B 18                  	clc
  2177 0000EF0C 65 0F               	adc		R_Calendar_Temp0				;(R_Year+1)%4*5+R_Year+R_Year/4+mothAdjust
  2178 0000EF0E 85 0F               	sta		R_Calendar_Temp0
  2179                              ;---------------------
  2180 0000EF10                      ?L_WeekNext#:
  2181 0000EF10 A5 07               	lda		R_Day
  2182 0000EF12 18                  	clc
  2183 0000EF13 65 0F               	adc		R_Calendar_Temp0				;(R_Year+1)%4*5+R_Year+R_Year/4+mothAdjust+R_Day
  2184 0000EF15 85 0F               	sta		R_Calendar_Temp0
  2185 0000EF17 E6 0F               	inc		R_Calendar_Temp0
  2186 0000EF19 E6 0F               	inc		R_Calendar_Temp0				;(R_Year+1)%4*5+R_Year+R_Year/4+mothAdjust+R_Day+2
  2187                              ;---------------------
  2188 0000EF1B A5 0F               	lda		R_Calendar_Temp0
  2189 0000EF1D C9 07               	cmp		#07h
  2190 0000EF1F B0 03               	bcs		?L_WeekValue#
  2191 0000EF21 4C 2B EF            	jmp		?L_JudgeWeekEnd#
  2192 0000EF24                      ?L_WeekValue#:
  2193 0000EF24 38                  	sec
  2194 0000EF25 E9 07               	sbc		#07h
  2195 0000EF27 C9 07               	cmp		#07h
  2196 0000EF29 B0 F9               	bcs		?L_WeekValue#
  2197 0000EF2B                      ?L_JudgeWeekEnd#:
  2198 0000EF2B 85 04               	sta		R_Week				;week value
  2199 0000EF2D 60                  	RTS
  2200                              ;;=================================================
  2201                              ;; ==============================================
  2202                              ;; Function	name: F_JudgeMoonDay 
  2203                              ;; Purpose	    : 决定该取那个农历月来判断大月还是小月 
  2204                              ;; Parameter		: R_Index_Month
  2205                              ;; Return    	: nong li yue tian shu
  2206                              ;; Destroy	    : X
  2207                              ;; Stack depth	: 1
  2208                              ;; ==============================================
  2209                              ;F_JudgeMoonDay:		
  2210                              ;			LDX		R_Index_Month			;P
  2211                              ;			LDA		T_MonthIndexTab,X
  2212                              ;			TAX
  2213                              ;			LDA		T_GetMoonDay_TAB,X
  2214                              ;			STA		R_JMP_Temp
  2215                              ;			LDA		T_GetMoonDay_TAB+1,X
  2216                              ;			STA		R_JMP_Temp+1
  2217                              ;			JMP		(R_JMP_Temp)
  2218                              ;			RTS
  2219                              ;;ci tab 表格是为了匹配选取那个月份来判断
  2220                              ;T_MonthIndexTab:
  2221                              ;		DB	00H, 00H, 02H, 04H, 06H, 08H, 0AH, 0CH, 0EH, 10H, 12H, 14H, 16H, 18H
  2222                              ;T_MonthIndexTabEnd:
  2223                              ;
  2224                              ;T_GetMoonDay_TAB:
  2225                              ;	DW	F_GetMoonDay1, F_GetMoonDay2, F_GetMoonDay3, F_GetMoonDay4, F_GetMoonDay5, F_GetMoonDay6
  2226                              ;	DW	F_GetMoonDay7, F_GetMoonDay8, F_GetMoonDay9, F_GetMoonDay10, F_GetMoonDay11, F_GetMoonDay12, F_GetMoonDay13
  2227                              ;T_GetMoonDay_TAB_END:
  2228                              ;; ==============================================
  2229                              ;; Function	name: F_GetMoonDay1 
  2230                              ;; Purpose	    : 判断月份大小月
  2231                              ;; Parameter		: R_Index_temp	year_code_TAB 表格的地址
  2232                              ;; Return    	: nong li yue tian shu
  2233                              ;; Destroy	    : X
  2234                              ;; Stack depth	: 1
  2235                              ;; ==============================================
  2236                              ;F_GetMoonDay1:
  2237                              ;	LDX		R_Index_temp
  2238                              ;	LDA		R_YEAR_ADDR+1
  2239                              ;	BEQ		?L_GetMoonDay1_19#
  2240                              ;	LDA		T_year_code_TAB1,X
  2241                              ;	JMP		?L_GetMoonDay1_20#
  2242                              ;?L_GetMoonDay1_19#:
  2243                              ;	LDA		T_year_code_TAB,X
  2244                              ;?L_GetMoonDay1_20#:
  2245                              ;	AND		#08H
  2246                              ;	BEQ		?L_XiaoYue#
  2247                              ;	LDA		#30d
  2248                              ;	JMP		?L_DaYue#
  2249                              ;?L_XiaoYue#:
  2250                              ;	LDA		#29d
  2251                              ;?L_DaYue#:	
  2252                              ;	RTS
  2253                              ;; ==============================================
  2254                              ;; Function	name: F_GetMoonDay2 
  2255                              ;; Purpose	    : 判断月份大小月
  2256                              ;; Parameter		: R_Index_temp	year_code_TAB 表格的地址
  2257                              ;; Return    	: nong li yue tian shu
  2258                              ;; Destroy	    : X
  2259                              ;; Stack depth	: 1
  2260                              ;; ==============================================
  2261                              ;F_GetMoonDay2:
  2262                              ;	LDX		R_Index_temp
  2263                              ;	LDA		R_YEAR_ADDR+1
  2264                              ;	BEQ		?L_GetMoonDay2_19#
  2265                              ;	LDA		T_year_code_TAB1,X
  2266                              ;	JMP		?L_GetMoonDay2_20#
  2267                              ;?L_GetMoonDay2_19#:
  2268                              ;	LDA		T_year_code_TAB,X
  2269                              ;?L_GetMoonDay2_20#:
  2270                              ;	AND		#04H
  2271                              ;	BEQ		?L_XiaoYue#
  2272                              ;	LDA		#30d
  2273                              ;	JMP		?L_DaYue#
  2274                              ;?L_XiaoYue#:
  2275                              ;	LDA		#29d
  2276                              ;?L_DaYue#:	
  2277                              ;	RTS
  2278                              ;; ==============================================
  2279                              ;; Function	name: F_GetMoonDay3 
  2280                              ;; Purpose	    : 判断月份大小月
  2281                              ;; Parameter		: R_Index_temp	year_code_TAB 表格的地址
  2282                              ;; Return    	: nong li yue tian shu
  2283                              ;; Destroy	    : X
  2284                              ;; Stack depth	: 1
  2285                              ;; ==============================================
  2286                              ;F_GetMoonDay3:
  2287                              ;	LDX		R_Index_temp
  2288                              ;	LDA		R_YEAR_ADDR+1
  2289                              ;	BEQ		?L_GetMoonDay3_19#
  2290                              ;	LDA		T_year_code_TAB1,X
  2291                              ;	JMP		?L_GetMoonDay3_20#
  2292                              ;?L_GetMoonDay3_19#:
  2293                              ;	LDA		T_year_code_TAB,X
  2294                              ;?L_GetMoonDay3_20#:
  2295                              ;	AND		#02H
  2296                              ;	BEQ		?L_XiaoYue#
  2297                              ;	LDA		#30d
  2298                              ;	JMP		?L_DaYue#
  2299                              ;?L_XiaoYue#:
  2300                              ;	LDA		#29d
  2301                              ;?L_DaYue#:	
  2302                              ;	RTS
  2303                              ;; ==============================================
  2304                              ;; Function	name: F_GetMoonDay4 
  2305                              ;; Purpose	    : 判断月份大小月
  2306                              ;; Parameter		: R_Index_temp	year_code_TAB 表格的地址
  2307                              ;; Return    	: nong li yue tian shu
  2308                              ;; Destroy	    : X
  2309                              ;; Stack depth	: 1
  2310                              ;; ==============================================
  2311                              ;F_GetMoonDay4:
  2312                              ;	LDX		R_Index_temp
  2313                              ;	LDA		R_YEAR_ADDR+1
  2314                              ;	BEQ		?L_GetMoonDay4_19#
  2315                              ;	LDA		T_year_code_TAB1,X
  2316                              ;	JMP		?L_GetMoonDay4_20#
  2317                              ;?L_GetMoonDay4_19#:
  2318                              ;	LDA		T_year_code_TAB,X
  2319                              ;?L_GetMoonDay4_20#:
  2320                              ;	AND		#01H
  2321                              ;	BEQ		?L_XiaoYue#
  2322                              ;	LDA		#30d
  2323                              ;	JMP		?L_DaYue#
  2324                              ;?L_XiaoYue#:
  2325                              ;	LDA		#29d
  2326                              ;?L_DaYue#:	
  2327                              ;	RTS
  2328                              ;; ==============================================
  2329                              ;; Function	name: F_GetMoonDay5 
  2330                              ;; Purpose	    : 判断月份大小月
  2331                              ;; Parameter		: R_Index_temp	year_code_TAB 表格的地址
  2332                              ;; Return    	: nong li yue tian shu
  2333                              ;; Destroy	    : X
  2334                              ;; Stack depth	: 1
  2335                              ;; ==============================================
  2336                              ;F_GetMoonDay5:
  2337                              ;	LDX		R_Index_temp
  2338                              ;	INX
  2339                              ;	LDA		R_YEAR_ADDR+1
  2340                              ;	BEQ		?L_GetMoonDay5_19#
  2341                              ;	LDA		T_year_code_TAB1,X
  2342                              ;	JMP		?L_GetMoonDay5_20#
  2343                              ;?L_GetMoonDay5_19#:
  2344                              ;	LDA		T_year_code_TAB,X
  2345                              ;?L_GetMoonDay5_20#:
  2346                              ;	AND		#80H
  2347                              ;	BEQ		?L_XiaoYue#
  2348                              ;	LDA		#30d
  2349                              ;	JMP		?L_DaYue#
  2350                              ;?L_XiaoYue#:
  2351                              ;	LDA		#29d
  2352                              ;?L_DaYue#:	
  2353                              ;	RTS
  2354                              ;; ==============================================
  2355                              ;; Function	name: F_GetMoonDay6 
  2356                              ;; Purpose	    : 判断月份大小月
  2357                              ;; Parameter		: R_Index_temp	year_code_TAB 表格的地址
  2358                              ;; Return    	: nong li yue tian shu
  2359                              ;; Destroy	    : X
  2360                              ;; Stack depth	: 1
  2361                              ;; ==============================================
  2362                              ;F_GetMoonDay6:
  2363                              ;	LDX		R_Index_temp
  2364                              ;	INX
  2365                              ;	LDA		R_YEAR_ADDR+1
  2366                              ;	BEQ		?L_GetMoonDay6_19#
  2367                              ;	LDA		T_year_code_TAB1,X
  2368                              ;	JMP		?L_GetMoonDay6_20#
  2369                              ;?L_GetMoonDay6_19#:
  2370                              ;	LDA		T_year_code_TAB,X
  2371                              ;?L_GetMoonDay6_20#:
  2372                              ;	AND		#40H
  2373                              ;	BEQ		?L_XiaoYue#
  2374                              ;	LDA		#30d
  2375                              ;	JMP		?L_DaYue#
  2376                              ;?L_XiaoYue#:
  2377                              ;	LDA		#29d
  2378                              ;?L_DaYue#:	
  2379                              ;	RTS
  2380                              ;; ==============================================
  2381                              ;; Function	name: F_GetMoonDay7 
  2382                              ;; Purpose	    : 判断月份大小月
  2383                              ;; Parameter		: R_Index_temp	year_code_TAB 表格的地址
  2384                              ;; Return    	: nong li yue tian shu
  2385                              ;; Destroy	    : X
  2386                              ;; Stack depth	: 1
  2387                              ;; ==============================================
  2388                              ;F_GetMoonDay7:
  2389                              ;	LDX		R_Index_temp
  2390                              ;	INX
  2391                              ;	LDA		R_YEAR_ADDR+1
  2392                              ;	BEQ		?L_GetMoonDay7_19#
  2393                              ;	LDA		T_year_code_TAB1,X
  2394                              ;	JMP		?L_GetMoonDay7_20#
  2395                              ;?L_GetMoonDay7_19#:
  2396                              ;	LDA		T_year_code_TAB,X
  2397                              ;?L_GetMoonDay7_20#:
  2398                              ;	AND		#20H
  2399                              ;	BEQ		?L_XiaoYue#
  2400                              ;	LDA		#30d
  2401                              ;	JMP		?L_DaYue#
  2402                              ;?L_XiaoYue#:
  2403                              ;	LDA		#29d
  2404                              ;?L_DaYue#:	
  2405                              ;	RTS
  2406                              ;; ==============================================
  2407                              ;; Function	name: F_GetMoonDay8 
  2408                              ;; Purpose	    : 判断月份大小月
  2409                              ;; Parameter		: R_Index_temp	year_code_TAB 表格的地址
  2410                              ;; Return    	: nong li yue tian shu
  2411                              ;; Destroy	    : X
  2412                              ;; Stack depth	: 1
  2413                              ;; ==============================================
  2414                              ;F_GetMoonDay8:
  2415                              ;	LDX		R_Index_temp
  2416                              ;	INX
  2417                              ;	LDA		R_YEAR_ADDR+1
  2418                              ;	BEQ		?L_GetMoonDay8_19#
  2419                              ;	LDA		T_year_code_TAB1,X
  2420                              ;	JMP		?L_GetMoonDay8_20#
  2421                              ;?L_GetMoonDay8_19#:
  2422                              ;	LDA		T_year_code_TAB,X
  2423                              ;?L_GetMoonDay8_20#:
  2424                              ;	AND		#10H
  2425                              ;	BEQ		?L_XiaoYue#
  2426                              ;	LDA		#30d
  2427                              ;	JMP		?L_DaYue#
  2428                              ;?L_XiaoYue#:
  2429                              ;	LDA		#29d
  2430                              ;?L_DaYue#:	
  2431                              ;	RTS
  2432                              ;; ==============================================
  2433                              ;; Function	name: F_GetMoonDay9 
  2434                              ;; Purpose	    : 判断月份大小月
  2435                              ;; Parameter		: R_Index_temp	year_code_TAB 表格的地址
  2436                              ;; Return    	: nong li yue tian shu
  2437                              ;; Destroy	    : X
  2438                              ;; Stack depth	: 1
  2439                              ;; ==============================================
  2440                              ;F_GetMoonDay9:
  2441                              ;	LDX		R_Index_temp
  2442                              ;	INX
  2443                              ;	LDA		R_YEAR_ADDR+1
  2444                              ;	BEQ		?L_GetMoonDay9_19#
  2445                              ;	LDA		T_year_code_TAB1,X
  2446                              ;	JMP		?L_GetMoonDay9_20#
  2447                              ;?L_GetMoonDay9_19#:
  2448                              ;	LDA		T_year_code_TAB,X
  2449                              ;?L_GetMoonDay9_20#:
  2450                              ;	AND		#08H
  2451                              ;	BEQ		?L_XiaoYue#
  2452                              ;	LDA		#30d
  2453                              ;	JMP		?L_DaYue#
  2454                              ;?L_XiaoYue#:
  2455                              ;	LDA		#29d
  2456                              ;?L_DaYue#:	
  2457                              ;	RTS
  2458                              ;; ==============================================
  2459                              ;; Function	name: F_GetMoonDay10 
  2460                              ;; Purpose	    : 判断月份大小月
  2461                              ;; Parameter		: R_Index_temp	year_code_TAB 表格的地址
  2462                              ;; Return    	: nong li yue tian shu
  2463                              ;; Destroy	    : X
  2464                              ;; Stack depth	: 1
  2465                              ;; ==============================================
  2466                              ;F_GetMoonDay10:
  2467                              ;	LDX		R_Index_temp
  2468                              ;	INX
  2469                              ;	LDA		R_YEAR_ADDR+1
  2470                              ;	BEQ		?L_GetMoonDay10_19#
  2471                              ;	LDA		T_year_code_TAB1,X
  2472                              ;	JMP		?L_GetMoonDay10_20#
  2473                              ;?L_GetMoonDay10_19#:
  2474                              ;	LDA		T_year_code_TAB,X
  2475                              ;?L_GetMoonDay10_20#:
  2476                              ;	AND		#04H
  2477                              ;	BEQ		?L_XiaoYue#
  2478                              ;	LDA		#30d
  2479                              ;	JMP		?L_DaYue#
  2480                              ;?L_XiaoYue#:
  2481                              ;	LDA		#29d
  2482                              ;?L_DaYue#:	
  2483                              ;	RTS
  2484                              ;; ==============================================
  2485                              ;; Function	name: F_GetMoonDay11 
  2486                              ;; Purpose	    : 判断月份大小月
  2487                              ;; Parameter		: R_Index_temp	year_code_TAB 表格的地址
  2488                              ;; Return    	: nong li yue tian shu
  2489                              ;; Destroy	    : X
  2490                              ;; Stack depth	: 1
  2491                              ;; ==============================================
  2492                              ;F_GetMoonDay11:
  2493                              ;	LDX		R_Index_temp
  2494                              ;	INX
  2495                              ;	LDA		R_YEAR_ADDR+1
  2496                              ;	BEQ		?L_GetMoonDay11_19#
  2497                              ;	LDA		T_year_code_TAB1,X
  2498                              ;	JMP		?L_GetMoonDay11_20#
  2499                              ;?L_GetMoonDay11_19#:
  2500                              ;	LDA		T_year_code_TAB,X
  2501                              ;?L_GetMoonDay11_20#:
  2502                              ;	AND		#02H
  2503                              ;	BEQ		?L_XiaoYue#
  2504                              ;	LDA		#30d
  2505                              ;	JMP		?L_DaYue#
  2506                              ;?L_XiaoYue#:
  2507                              ;	LDA		#29d
  2508                              ;?L_DaYue#:	
  2509                              ;	RTS
  2510                              ;; ==============================================
  2511                              ;; Function	name: F_GetMoonDay12 
  2512                              ;; Purpose	    : 判断月份大小月
  2513                              ;; Parameter		: R_Index_temp	year_code_TAB 表格的地址
  2514                              ;; Return    	: nong li yue tian shu
  2515                              ;; Destroy	    : X
  2516                              ;; Stack depth	: 1
  2517                              ;; ==============================================
  2518                              ;F_GetMoonDay12:
  2519                              ;	LDX		R_Index_temp
  2520                              ;	INX
  2521                              ;	LDA		R_YEAR_ADDR+1
  2522                              ;	BEQ		?L_GetMoonDay12_19#
  2523                              ;	LDA		T_year_code_TAB1,X
  2524                              ;	JMP		?L_GetMoonDay12_20#
  2525                              ;?L_GetMoonDay12_19#:
  2526                              ;	LDA		T_year_code_TAB,X
  2527                              ;?L_GetMoonDay12_20#:
  2528                              ;	AND		#01H
  2529                              ;	BEQ		?L_XiaoYue#
  2530                              ;	LDA		#30d
  2531                              ;	JMP		?L_DaYue#
  2532                              ;?L_XiaoYue#:
  2533                              ;	LDA		#29d
  2534                              ;?L_DaYue#:	
  2535                              ;	RTS
  2536                              ;; ==============================================
  2537                              ;; Function	name: F_GetMoonDay13 
  2538                              ;; Purpose	    : 判断月份大小月
  2539                              ;; Parameter		: R_Index_temp	year_code_TAB 表格的地址
  2540                              ;; Return    	: nong li yue tian shu
  2541                              ;; Destroy	    : X
  2542                              ;; Stack depth	: 1
  2543                              ;; ==============================================
  2544                              ;F_GetMoonDay13:
  2545                              ;	LDX		R_Index_temp
  2546                              ;	INX
  2547                              ;	INX
  2548                              ;	LDA		R_YEAR_ADDR+1
  2549                              ;	BEQ		?L_GetMoonDay13_19#
  2550                              ;	LDA		T_year_code_TAB1,X
  2551                              ;	JMP		?L_GetMoonDay13_20#
  2552                              ;?L_GetMoonDay13_19#:
  2553                              ;	LDA		T_year_code_TAB,X
  2554                              ;?L_GetMoonDay13_20#:
  2555                              ;	AND		#80H
  2556                              ;	BEQ		?L_XiaoYue#
  2557                              ;	LDA		#30d
  2558                              ;	JMP		?L_DaYue#
  2559                              ;?L_XiaoYue#:
  2560                              ;	LDA		#29d
  2561                              ;?L_DaYue#:	
  2562                              ;	RTS
  2563                              ;===========END=============================
  2564                              
  2565                              ;;=====================================
  2566                              ;此处可以进行年月日赋值
  2567                              ;----------------------------------
  2568 0000EF2E                     T_Month_Table:
  2569 0000EF2E FF                  	DB	0xFF
  2570 0000EF2F 1F                  	DB 	31		;一月
  2571 0000EF30 1C                  	DB	28		;二月
  2572 0000EF31 1F                  	DB	31		;三月
  2573 0000EF32 1E                  	DB	30		;四月
  2574 0000EF33 1F                  	DB	31		;五月
  2575 0000EF34 1E                  	DB	30		;六月
  2576 0000EF35 1F                  	DB	31		;七月
  2577 0000EF36 1F                  	DB	31		;八月
  2578 0000EF37 1E                  	DB	30		;九月
  2579 0000EF38 1F                  	DB	31		;十月
  2580 0000EF39 1E                  	DB	30		;十一月
  2581 0000EF3A 1F                  	DB	31		;十二月
  2582 0000EF3B                     T_Month_Table_END:
  2583                              ;----------------------------------
  2584 0000EF3B                     T_WeekAdjust_Normal:
  2585 0000EF3B FF                  	DB	0xFF
  2586 0000EF3C 04                  	DB 	4		;一月
  2587 0000EF3D 00                  	DB	0		;二月
  2588 0000EF3E 00                  	DB	0		;三月
  2589 0000EF3F 03                  	DB	3		;四月
  2590 0000EF40 05                  	DB	5		;五月
  2591 0000EF41 01                  	DB	1		;六月
  2592 0000EF42 03                  	DB	3		;七月
  2593 0000EF43 06                  	DB	6		;八月
  2594 0000EF44 02                  	DB	2		;九月
  2595 0000EF45 04                  	DB	4		;十月
  2596 0000EF46 00                  	DB	0		;十一月
  2597 0000EF47 02                  	DB	2		;十二月
  2598 0000EF48                     T_WeekAdjust_Normal_END:
  2599                              ;----------------------------------
  2600 0000EF48                     T_WeekAdjust_Leap:
  2601 0000EF48 FF                  	DB	0xFF
  2602 0000EF49 03                  	DB 	3		;一月
  2603 0000EF4A 06                  	DB	6		;二月
  2604 0000EF4B 00                  	DB	0		;三月
  2605 0000EF4C 03                  	DB	3		;四月
  2606 0000EF4D 05                  	DB	5		;五月
  2607 0000EF4E 01                  	DB	1		;六月
  2608 0000EF4F 03                  	DB	3		;七月
  2609 0000EF50 06                  	DB	6		;八月
  2610 0000EF51 02                  	DB	2		;九月
  2611 0000EF52 04                  	DB	4		;十月
  2612 0000EF53 00                  	DB	0		;十一月
  2613 0000EF54 02                  	DB	2		;十二月
  2614 0000EF55                     T_WeekAdjust_Leap_END:
  2615                              ;表格中：第一个8bit高4位表示农历年闰月的月数，低4bit表示1－4月大小月的标志0为小月1为大月
  2616                              ;		 第二个8bit全部8bit表示农历月的大小5－12月，doushi 对应阳历年的阴历月份
  2617                              ;		 第三个8bit bit7 表示13农历月大小。剩下bit6/bit5表示农历年所在的月bit4春节所在日的高位，低4bit表示春节的日低位
  2618 0000EF55                     T_year_code_TAB:
  2619                              ;DB 04H,AeH,53H ;;1901 0
  2620                              ;DB 0AH,57H,48H ;;1902 3
  2621                              ;DB 55H,26H,BdH ;;1903 6
  2622                              ;DB 0dH,26H,50H ;;1904 9
  2623                              ;DB 0dH,95H,44H ;;1905 12
  2624                              ;DB 46H,AAH,B9H ;;1906 15
  2625                              ;DB 05H,6AH,4dH ;;1907 18
  2626                              ;DB 09H,AdH,42H ;;1908 21
  2627                              ;DB 24H,AeH,B6H ;;1909
  2628                              ;DB 04H,AeH,4AH ;;1910
  2629                              ;DB 6AH,4dH,BeH ;;1911
  2630                              ;DB 0AH,4dH,52H ;;1912
  2631                              ;DB 0dH,25H,46H ;;1913
  2632                              ;DB 5dH,52H,BAH ;;1914
  2633                              
  2634                              ;DB 0BH,54H,4eH ;;1915
  2635                              ;DB 0dH,6AH,43H ;;1916
  2636                              ;DB 29H,6dH,37H ;;1917
  2637                              ;DB 09H,5BH,4BH ;;1918
  2638                              ;DB 74H,9BH,C1H ;;1919
  2639                              ;DB 04H,97H,54H ;;1920
  2640                              ;DB 0AH,4BH,48H ;;1921
  2641                              ;DB 5BH,25H,BCH ;;1922
  2642                              ;DB 06H,A5H,50H ;;1923
  2643                              ;DB 06H,d4H,45H ;;1924
  2644                              ;DB 4AH,dAH,B8H ;;1925
  2645                              ;DB 02H,B6H,4dH ;;1926
  2646                              ;DB 09H,57H,42H ;;1927
  2647                              ;DB 24H,97H,B7H ;;1928
  2648                              ;DB 04H,97H,4AH ;;1929
  2649                              ;DB 66H,4BH,3eH ;;1930
  2650                              ;DB 0dH,4AH,51H ;;1931
  2651                              ;DB 0eH,A5H,46H ;;1932
  2652                              ;DB 56H,d4H,BAH ;;1933
  2653                              ;DB 05H,AdH,4eH ;;1934
  2654                              ;DB 02H,B6H,44H ;;1935
  2655                              ;DB 39H,37H,38H ;;1936
  2656                              ;DB 09H,2eH,4BH ;;1937
  2657                              ;DB 7CH,96H,BfH ;;1938
  2658                              ;DB 0CH,95H,53H ;;1939
  2659                              ;DB 0dH,4AH,48H ;;1940
  2660                              ;DB 6dH,A5H,3BH ;;1941
  2661                              ;DB 0BH,55H,4fH ;;1942
  2662                              ;DB 05H,6AH,45H ;;1943
  2663                              ;DB 4AH,AdH,B9H ;;1944
  2664                              ;DB 02H,5dH,4dH ;;1945
  2665                              ;DB 09H,2dH,42H ;;1946
  2666                              ;DB 2CH,95H,B6H ;;1947
  2667                              ;DB 0AH,95H,4AH ;;1948
  2668                              	
  2669 0000EF55 7B 4A BD            DB 7BH,4AH,BdH ;;1949
  2670 0000EF58 06 CA 51            DB 06H,CAH,51H ;;1950
  2671 0000EF5B 0B 55 46            DB 0BH,55H,46H ;;1951
  2672 0000EF5E 55 5A BB            DB 55H,5AH,BBH ;;1952
  2673 0000EF61 04 DA 4E            DB 04H,dAH,4eH ;;1953
  2674 0000EF64 0A 5B 43            DB 0AH,5BH,43H ;;1954
  2675 0000EF67 35 2B B8            DB 35H,2BH,B8H ;;1955
  2676 0000EF6A 05 2B 4C            DB 05H,2BH,4CH ;;1956
  2677 0000EF6D 8A 95 3F            DB 8AH,95H,3fH ;;1957
  2678 0000EF70 0E 95 52            DB 0eH,95H,52H ;;1958
  2679 0000EF73 06 AA 48            DB 06H,AAH,48H ;;1959
  2680 0000EF76 7A D5 3C            DB 7AH,d5H,3CH ;;1960
  2681 0000EF79 0A B5 4F            DB 0AH,B5H,4fH ;;1961
  2682 0000EF7C 04 B6 45            DB 04H,B6H,45H ;;1962
  2683 0000EF7F 4A 57 39            DB 4AH,57H,39H ;;1963
  2684 0000EF82 0A 57 4D            DB 0AH,57H,4dH ;;1964
  2685 0000EF85 05 26 42            DB 05H,26H,42H ;;1965
  2686 0000EF88 3E 93 35            DB 3eH,93H,35H ;;1966
  2687 0000EF8B 0D 95 49            DB 0dH,95H,49H ;;1967
  2688 0000EF8E 75 AA BE            DB 75H,AAH,BeH ;;1968
  2689 0000EF91 05 6A 51            DB 05H,6AH,51H ;;1969
  2690 0000EF94 09 6D 46            DB 09H,6dH,46H ;;1970
  2691 0000EF97 54 AE BB            DB 54H,AeH,BBH ;;1971
  2692 0000EF9A 04 AD 4F            DB 04H,AdH,4fH ;;1972
  2693 0000EF9D 0A 4D 43            DB 0AH,4dH,43H ;;1973
  2694 0000EFA0 4D 26 B7            DB 4dH,26H,B7H ;;1974
  2695 0000EFA3 0D 25 4B            DB 0dH,25H,4BH ;;1975
  2696 0000EFA6 8D 52 BF            DB 8dH,52H,BfH ;;1976
  2697 0000EFA9 0B 54 52            DB 0BH,54H,52H ;;1977
  2698 0000EFAC 0B 6A 47            DB 0BH,6AH,47H ;;1978
  2699 0000EFAF 69 6D 3C            DB 69H,6dH,3CH ;;1979
  2700 0000EFB2 09 5B 50            DB 09H,5BH,50H ;;1980
  2701 0000EFB5 04 9B 45            DB 04H,9BH,45H ;;1981
  2702 0000EFB8 4A 4B B9            DB 4AH,4BH,B9H ;;1982
  2703 0000EFBB 0A 4B 4D            DB 0AH,4BH,4dH ;;1983
  2704 0000EFBE AB 25 C2            DB ABH,25H,C2H ;;1984
  2705 0000EFC1 06 A5 54            DB 06H,A5H,54H ;;1985 252
  2706 0000EFC4 06 D4 49            DB 06H,d4H,49H ;;1986 0
  2707 0000EFC7 6A DA 3D            DB 6AH,dAH,3dH ;;1987 3
  2708 0000EFCA 0A B6 51            DB 0AH,B6H,51H ;;1988 6
  2709 0000EFCD 09 37 46            DB 09H,37H,46H ;;1989 9
  2710 0000EFD0 54 97 BB            DB 54H,97H,BBH ;;1990 12
  2711 0000EFD3 04 97 4F            DB 04H,97H,4fH ;;1991 15
  2712 0000EFD6 06 4B 44            DB 06H,4BH,44H ;;1992 18
  2713 0000EFD9 36 A5 37            DB 36H,A5H,37H ;;1993 21
  2714 0000EFDC 0E A5 4A            DB 0eH,A5H,4AH ;;1994 24
  2715 0000EFDF 86 B2 BF            DB 86H,B2H,BfH ;;1995 27
  2716 0000EFE2 05 AC 53            DB 05H,ACH,53H ;;1996 30
  2717 0000EFE5 0A B6 47            DB 0AH,B6H,47H ;;1997 33
  2718 0000EFE8 59 36 BC            DB 59H,36H,BCH ;;1998 36
  2719 0000EFEB 09 2E 50            DB 09H,2eH,50H ;;1999 39
  2720 0000EFEE                     T_year_code_TAB_END:
  2721 0000EFEE                     T_year_code_TAB1:
  2722 0000EFEE 0C 96 45            DB 0CH,96H,45H ;;2000 42
  2723 0000EFF1 4D 4A B8            DB 4dH,4AH,B8H ;;2001 45
  2724 0000EFF4 0D 4A 4C            DB 0dH,4AH,4CH ;;2002 48
  2725 0000EFF7 0D A5 41            DB 0dH,A5H,41H ;;2003 51
  2726 0000EFFA 25 AA B6            DB 25H,AAH,B6H ;;2004 54
  2727 0000EFFD 05 6A 49            DB 05H,6AH,49H ;;2005 57
  2728 0000F000 7A AD BD            DB 7AH,AdH,BdH ;;2006 60
  2729 0000F003 02 5D 52            DB 02H,5dH,52H ;;2007 63
  2730 0000F006 09 2D 47            DB 09H,2dH,47H ;;2008 66
  2731 0000F009 5C 95 BA            DB 5CH,95H,BAH ;;2009 69
  2732 0000F00C 0A 95 4E            DB 0AH,95H,4eH ;;2010 72
  2733 0000F00F 0B 4A 43            DB 0BH,4AH,43H ;;2011 75
  2734 0000F012 4B 55 37            DB 4BH,55H,37H ;;2012 78
  2735 0000F015 0A D5 4A            DB 0AH,d5H,4AH ;;2013 81
  2736 0000F018 95 5A BF            DB 95H,5AH,BfH ;;2014 84
  2737 0000F01B 04 BA 53            DB 04H,BAH,53H ;;2015 87
  2738 0000F01E 0A 5B 48            DB 0AH,5BH,48H ;;2016 90
  2739 0000F021 65 2B BC            DB 65H,2BH,BCH ;;2017 93
  2740 0000F024 05 2B 50            DB 05H,2BH,50H ;;2018 96
  2741 0000F027 0A 93 45            DB 0AH,93H,45H ;;2019 99
  2742 0000F02A 47 4A B9            DB 47H,4AH,B9H ;;2020 101
  2743 0000F02D 06 AA 4C            DB 06H,AAH,4CH ;;2021 104
  2744 0000F030 0A D5 41            DB 0AH,d5H,41H ;;2022 107
  2745 0000F033 24 DA B6            DB 24H,dAH,B6H ;;2023 110
  2746 0000F036 04 B6 4A            DB 04H,B6H,4AH ;;2024 103
  2747 0000F039 69 57 3D            DB 69H,57H,3dH ;;2025 106
  2748 0000F03C 0A 4E 51            DB 0AH,4eH,51H ;;2026 109
  2749 0000F03F 0D 26 46            DB 0dH,26H,46H ;;2027 111
  2750 0000F042 5E 93 3A            DB 5eH,93H,3AH ;;2028 114
  2751 0000F045 0D 53 4D            DB 0dH,53H,4dH ;;2029 117
  2752 0000F048 05 AA 43            DB 05H,AAH,43H ;;2030 120
  2753 0000F04B 36 B5 37            DB 36H,B5H,37H ;;2031 123
  2754 0000F04E 09 6D 4B            DB 09H,6dH,4BH ;;2032 126
  2755 0000F051 B4 AE BF            DB B4H,AeH,BfH ;;2033 129
  2756 0000F054 04 AD 53            DB 04H,AdH,53H ;;2034 132
  2757 0000F057 0A 4D 48            DB 0AH,4dH,48H ;;2035 135
  2758 0000F05A 6D 25 BC            DB 6dH,25H,BCH ;;2036 138
  2759 0000F05D 0D 25 4F            DB 0dH,25H,4fH ;;2037 141
  2760 0000F060 0D 52 44            DB 0dH,52H,44H ;;2038 144
  2761 0000F063 5D AA 38            DB 5dH,AAH,38H ;;2039 147
  2762 0000F066 0B 5A 4C            DB 0BH,5AH,4CH ;;2040 150
  2763 0000F069 05 6D 41            DB 05H,6dH,41H ;;2041 153
  2764 0000F06C 24 AD B6            DB 24H,AdH,B6H ;;2042 156
  2765 0000F06F 04 9B 4A            DB 04H,9BH,4AH ;;2043 159
  2766 0000F072 7A 4B BE            DB 7AH,4BH,BeH ;;2044 162
  2767 0000F075 0A 4B 51            DB 0AH,4BH,51H ;;2045 165
  2768 0000F078 0A A5 46            DB 0AH,A5H,46H ;;2046 168
  2769 0000F07B 5B 52 BA            DB 5BH,52H,BAH ;;2047 171
  2770 0000F07E 06 D2 4E            DB 06H,d2H,4eH ;;2048 174
  2771 0000F081 0A DA 42            DB 0AH,dAH,42H ;;2049 177
  2772 0000F084 35 5B 37            DB 35H,5BH,37H ;;2050 180
  2773 0000F087 09 37 4B            DB 09H,37H,4BH ;;2051 183 
  2774 0000F08A 84 97 C1            DB 84H,97H,C1H ;;2052 186
  2775 0000F08D 04 97 53            DB 04H,97H,53H ;;2053 189
  2776 0000F090 06 4B 48            DB 06H,4BH,48H ;;2054 192
  2777 0000F093 66 A5 3C            DB 66H,A5H,3CH ;;2055 195
  2778 0000F096 0E A5 4F            DB 0eH,A5H,4fH ;;2056 198
  2779 0000F099 06 B2 44            DB 06H,B2H,44H ;;2057 201
  2780 0000F09C 4A B6 38            DB 4AH,B6H,38H ;;2058 204
  2781 0000F09F 0A AE 4C            DB 0AH,AeH,4CH ;;2059 207
  2782 0000F0A2 09 2E 42            DB 09H,2eH,42H ;;2060 210
  2783 0000F0A5 3C 97 35            DB 3CH,97H,35H ;;2061 213
  2784 0000F0A8 0C 96 49            DB 0CH,96H,49H ;;2062 216
  2785 0000F0AB 7D 4A BD            DB 7dH,4AH,BdH ;;2063 219
  2786 0000F0AE 0D 4A 51            DB 0dH,4AH,51H ;;2064 222
  2787 0000F0B1 0D A5 45            DB 0dH,A5H,45H ;;2065 225
  2788 0000F0B4 55 AA BA            DB 55H,AAH,BAH ;;2066 228
  2789 0000F0B7 05 6A 4E            DB 05H,6AH,4eH ;;2067 231
  2790 0000F0BA 0A 6D 43            DB 0AH,6dH,43H ;;2068 234
  2791 0000F0BD 45 2E B7            DB 45H,2eH,B7H ;;2069 237
  2792 0000F0C0 05 2D 4B            DB 05H,2dH,4BH ;;2070 240
  2793 0000F0C3 8A 95 BF            DB 8AH,95H,BfH ;;2071 243
  2794 0000F0C6 0A 95 53            DB 0AH,95H,53H ;;2072 246
  2795 0000F0C9 0B 4A 47            DB 0BH,4AH,47H ;;2073 249
  2796 0000F0CC 6B 55 3B            DB 6BH,55H,3BH ;;2074 252
  2797 0000F0CF 0A D5 4F            DB 0AH,d5H,4fH ;;2075 255
  2798 0000F0D2 05 5A 45            DB 05H,5AH,45H ;;2076
  2799 0000F0D5 4A 5D 38            DB 4AH,5dH,38H ;;2077
  2800 0000F0D8 0A 5B 4C            DB 0AH,5BH,4CH ;;2078
  2801 0000F0DB 05 2B 42            DB 05H,2BH,42H ;;2079
  2802 0000F0DE 3A 93 B6            DB 3AH,93H,B6H ;;2080
  2803 0000F0E1 06 93 49            DB 06H,93H,49H ;;2081
  2804 0000F0E4 77 29 BD            DB 77H,29H,BdH ;;2082
  2805 0000F0E7 06 AA 51            DB 06H,AAH,51H ;;2083
  2806 0000F0EA 0A D5 46            DB 0AH,d5H,46H ;;2084
  2807 0000F0ED 54 DA BA            DB 54H,dAH,BAH ;;2085
  2808 0000F0F0 04 B6 4E            DB 04H,B6H,4eH ;;2086
  2809 0000F0F3 0A 57 43            DB 0AH,57H,43H ;;2087
  2810 0000F0F6 45 27 38            DB 45H,27H,38H ;;2088
  2811 0000F0F9 0D 26 4A            DB 0dH,26H,4AH ;;2089
  2812 0000F0FC 8E 93 3E            DB 8eH,93H,3eH ;;2090
  2813 0000F0FF 0D 52 52            DB 0dH,52H,52H ;;2091
  2814 0000F102 0D AA 47            DB 0dH,AAH,47H ;;2092
  2815 0000F105 66 B5 3B            DB 66H,B5H,3BH ;;2093
  2816 0000F108 05 6D 4F            DB 05H,6dH,4fH ;;2094
  2817 0000F10B 04 AE 45            DB 04H,AeH,45H ;;2095
  2818 0000F10E 4A 4E B9            DB 4AH,4eH,B9H ;;2096
  2819 0000F111 0A 4D 4C            DB 0AH,4dH,4CH ;;2097
  2820 0000F114 0D 15 41            DB 0dH,15H,41H ;;2098
  2821 0000F117 2D 92 B5            DB 2dH,92H,B5H ;;2099
  2822 0000F11A                     T_year_code_TAB1_END:
  2823                              ;月份数据表
  2824 0000F11A                     T_day_code_TAB1:
  2825 0000F11A 00 1F 3B 5A         DB 00H,1FH,3BH,5AH,78H,97H,b5H,d4H,f3H,10H,2fH,4DH	;11h-1, 30h-1 ,4EH-1
                78 97 B5 D4
                F3 10 2F 4D
                           
  2826 0000F126                     T_day_code_TAB1_END:
  2827                              	
  2828                              	
  2829                              ;=====================================================
  2830                              ; ==============================================
  2831                              ; Function	name: %F_ADC_BCDADC 
  2832                              ; Purpose	    : 10进制和60进制操作  
  2833                              ; Parameter		: none
  2834                              ; Return    	: A
  2835                              ; Destroy	    : none
  2836                              ; Stack depth	: None 
  2837                              ; =============================================
  2838 0000F126                     F_ADC_BCDADC:
  2839 0000F126 AA                  			TAX
  2840 0000F127 18                  			CLC
  2841 0000F128 69 01               			ADC		#C_Bit_0
  2842 0000F12A 29 0F               			AND		#C_HideHigh
  2843 0000F12C C9 0A               			CMP		#0AH
  2844 0000F12E 90 02               			BCC		?L_HighNebble_Change
  2845 0000F130 A9 00               			LDA		#00h
  2846 0000F132                     ?L_HighNebble_Change:
  2847 0000F132 85 32               			STA		R_KEYMathTemp
  2848 0000F134 8A                  			TXA
  2849 0000F135 90 02               			BCC		?L_No_Caryy
  2850 0000F137 69 10               			ADC		#C_Bit_4
  2851 0000F139                     ?L_No_Caryy:		
  2852 0000F139 29 F0               			AND		#C_HideLow
  2853 0000F13B C9 70               			CMP		#70H		;#60h
  2854 0000F13D 90 02               			BCC		?L_ChangeOk
  2855 0000F13F A9 00               			LDA		#00h
  2856 0000F141                     ?L_ChangeOk:
  2857 0000F141 45 32               			EOR		R_KEYMathTemp			; when >=a0h,c=1 
  2858 0000F143 60                  			RTS
  2859                              ;; ==============================================
  2860                              ;; Function	name: %F_DEC_BCDADC 
  2861                              ;; Purpose	    : 10进制和60进制操作  
  2862                              ;; Parameter		: none
  2863                              ;; Return    	: A
  2864                              ;; Destroy	    : none
  2865                              ;; Stack depth	: None 
  2866                              ;; =============================================
  2867                              ;F_DEC_BCDADC:
  2868                              ;			TAX
  2869                              ;			SEC
  2870                              ;			SBC		#C_Bit_0
  2871                              ;			AND		#C_HideHigh
  2872                              ;			CMP		#C_HideHigh
  2873                              ;			BCC		?L_HighNebble_Change
  2874                              ;			LDA		#09h
  2875                              ;?L_HighNebble_Change:
  2876                              ;			STA		R_KEYMathTemp
  2877                              ;			TXA
  2878                              ;			BCC		?L_No_Caryy
  2879                              ;			SBC		#C_Bit_4
  2880                              ;?L_No_Caryy:		
  2881                              ;			AND		#C_HideLow
  2882                              ;			CMP		#C_HideLow
  2883                              ;			BCC		?L_ChangeOk
  2884                              ;			LDA		#50h
  2885                              ;?L_ChangeOk:
  2886                              ;			EOR		R_KEYMathTemp			; when >=a0h,c=1 
  2887                              ;			RTS
  2888                              ;			
  2889                              ;; ==============================================
  2890                              ;; Function	name: F_Hour_BCDADC 
  2891                              ;; Purpose	    : one byte data inc and change to BCD 
  2892                              ;; Parameter		: A
  2893                              ;; Return    	: A,C
  2894                              ;; Destroy	    : X
  2895                              ;; Stack depth	: 1
  2896                              ;; =============================================
  2897                              ;F_Hour_BCDADC:
  2898                              ;			TAX
  2899                              ;			AND		#C_HideLow
  2900                              ;			CMP		#C_Bit_5		;>=2 C=1 ELSE C=0
  2901                              ;			BCC		?L_Nomal#	;20H以下操作
  2902                              ;			JMP		?L_NotNomal#
  2903                              ;?L_Nomal#:
  2904                              ;			JSR		F_HourADC_Nomal
  2905                              ;			RTS
  2906                              ;?L_NotNomal#:
  2907                              ;			JSR		F_HourADC_NOTNomal
  2908                              ;			RTS
  2909                              ;; ==============================================
  2910                              ;; Function	name: F_HourADC_Nomal 
  2911                              ;; Purpose	    : one byte data ADC and change to BCD 
  2912                              ;; Parameter		: A
  2913                              ;; Return    	: A,C
  2914                              ;; Destroy	    : X
  2915                              ;; Stack depth	: 1
  2916                              ;; =============================================
  2917                              ;F_HourADC_Nomal:
  2918                              ;			TXA
  2919                              ;			CLC
  2920                              ;			ADC		#C_Bit_0
  2921                              ;			AND		#C_HideHigh
  2922                              ;			CMP		#0AH
  2923                              ;			BCC		?L_HighNebble_Change
  2924                              ;			LDA		#00h
  2925                              ;?L_HighNebble_Change:
  2926                              ;			STA		R_KEYMathTemp
  2927                              ;			TXA
  2928                              ;			BCC		?L_No_Caryy
  2929                              ;			ADC		#C_Bit_4
  2930                              ;?L_No_Caryy:		
  2931                              ;			AND		#C_HideLow
  2932                              ;			CMP		#30H
  2933                              ;			BCC		?L_ChangeOk
  2934                              ;			LDA		#00h
  2935                              ;?L_ChangeOk:
  2936                              ;			EOR		R_KEYMathTemp			; when >=a0h,c=1  
  2937                              ;			RTS
  2938                              ;
  2939                              ;			
  2940                              ;; ==============================================
  2941                              ;; Function	name: F_HourADC_NOTNomal 
  2942                              ;; Purpose	    : one byte data ADC and change to BCD 
  2943                              ;; Parameter		: A
  2944                              ;; Return    	: A,C
  2945                              ;; Destroy	    : X
  2946                              ;; Stack depth	: 1
  2947                              ;; =============================================
  2948                              ;F_HourADC_NOTNomal:
  2949                              ;			TXA
  2950                              ;			CLC
  2951                              ;			ADC		#C_Bit_0
  2952                              ;			AND		#C_HideHigh
  2953                              ;			CMP		#05H		;#04h			;c=0	A<=4 else c=1 a>=4
  2954                              ;			BCC		?L_HighNebble_Change24
  2955                              ;			LDA		#00h
  2956                              ;?L_HighNebble_Change24:
  2957                              ;			STA		R_KEYMathTemp
  2958                              ;			TXA
  2959                              ;			BCC		?L_No_Caryy24
  2960                              ;			LDA		#00H
  2961                              ;			JMP		?L_ChangeOk24
  2962                              ;?L_No_Caryy24:		
  2963                              ;			AND		#C_HideLow
  2964                              ;			CMP		#30H
  2965                              ;			BCC		?L_ChangeOk24
  2966                              ;			LDA		#00h
  2967                              ;?L_ChangeOk24:
  2968                              ;			EOR		R_KEYMathTemp			; when >=a0h,c=1  
  2969                              ;			RTS
  2970                              ;; ==============================================
  2971                              ;; Function	name: F_Hour_BCDDEC 
  2972                              ;; Purpose	    : one byte data DEC and change to BCD 
  2973                              ;; Parameter		: A
  2974                              ;; Return    	: A,C
  2975                              ;; Destroy	    : X
  2976                              ;; Stack depth	: 1
  2977                              ;; =============================================
  2978                              ;F_Hour_BCDDEC:
  2979                              ;			TAX
  2980                              ;			AND		#C_HideLow
  2981                              ;			CMP		#C_Bit_5		;>=2 C=1 ELSE C=0
  2982                              ;			BCC		?L_Nomal#	;20H以下操作
  2983                              ;			JMP		?L_NotNomal#
  2984                              ;?L_Nomal#:
  2985                              ;			JSR		F_HourDEC_Nomal
  2986                              ;			RTS
  2987                              ;?L_NotNomal#:
  2988                              ;			JSR		F_HourDEC_NotNomal
  2989                              ;			RTS
  2990                              ;; ==============================================
  2991                              ;; Function	name: F_HourDEC_Nomal 
  2992                              ;; Purpose	    : one byte data DEC and change to BCD 
  2993                              ;; Parameter		: A
  2994                              ;; Return    	: A,C
  2995                              ;; Destroy	    : X
  2996                              ;; Stack depth	: 1
  2997                              ;; =============================================
  2998                              ;F_HourDEC_Nomal:
  2999                              ;			TXA
  3000                              ;			SEC
  3001                              ;			SBC		#C_Bit_0
  3002                              ;			AND		#C_HideHigh
  3003                              ;			CMP		#C_HideHigh
  3004                              ;			BCC		?L_HighNebble_Change
  3005                              ;			TXA
  3006                              ;			BEQ		?L_24_Caryy
  3007                              ;			LDA		#09h
  3008                              ;			JMP		?L_HighNebble_Change
  3009                              ;?L_24_Caryy:
  3010                              ;			LDA		#03H
  3011                              ;?L_HighNebble_Change:
  3012                              ;			STA		R_KEYMathTemp
  3013                              ;			TXA
  3014                              ;			BCC		?L_No_Caryy
  3015                              ;			SBC		#C_Bit_4
  3016                              ;?L_No_Caryy:		
  3017                              ;			AND		#C_HideLow
  3018                              ;			CMP		#C_HideLow
  3019                              ;			BCC		?L_ChangeOk
  3020                              ;			LDA		#C_Bit_5
  3021                              ;?L_ChangeOk:
  3022                              ;			EOR		R_KEYMathTemp			; when >=a0h,c=1  
  3023                              ;			RTS
  3024                              ;
  3025                              ;; ==============================================
  3026                              ;; Function	name: F_HourDEC_NotNomal 
  3027                              ;; Purpose	    : one byte data DEC and change to BCD 
  3028                              ;; Parameter		: A
  3029                              ;; Return    	: A,C
  3030                              ;; Destroy	    : X
  3031                              ;; Stack depth	: 1
  3032                              ;; =============================================
  3033                              ;F_HourDEC_NotNomal:
  3034                              ;			TXA
  3035                              ;			SEC
  3036                              ;			SBC		#C_Bit_0
  3037                              ;			AND		#C_HideHigh
  3038                              ;			CMP		#C_HideHigh			;c=0	A<=4 else c=1 a>=4
  3039                              ;			BCC		?L_HighNebble_Change24
  3040                              ;			LDA		#09h
  3041                              ;?L_HighNebble_Change24:
  3042                              ;			STA		R_KEYMathTemp
  3043                              ;			TXA
  3044                              ;			BCC		?L_No_Caryy24
  3045                              ;			LDA		#C_Bit_4
  3046                              ;			JMP		?L_ChangeOk24
  3047                              ;?L_No_Caryy24:		
  3048                              ;			AND		#C_HideLow
  3049                              ;			CMP		#30H
  3050                              ;			BCC		?L_ChangeOk24
  3051                              ;			LDA		#00h
  3052                              ;?L_ChangeOk24:
  3053                              ;			EOR		R_KEYMathTemp			; when >=a0h,c=1  
  3054                              ;			RTS
  3055                              ; ==============================================
  3056                              ; Function	name: F_24TO12Change 
  3057                              ; Purpose	    : change Hour 24 to 12 
  3058                              ; Parameter		: A
  3059                              ; Return    	: A
  3060                              ; Destroy	    : none
  3061                              ; Stack depth	: None
  3062                              ; =============================================
  3063 0000F144                     F_24TO12Change:
  3064 0000F144                     _F_24TO12Change:
  3065 0000F144 F0 15               			BEQ		?L_NeedChange2
  3066 0000F146 C9 13               			CMP		#13H
  3067 0000F148 B0 03               			BCS		?L_NeedChange
  3068 0000F14A 4C 62 F1            			JMP		?L_ChangeOK
  3069 0000F14D                     ?L_NeedChange:
  3070 0000F14D 38                  			SEC
  3071 0000F14E E9 12               			SBC		#12H
  3072 0000F150 AA                  			TAX
  3073 0000F151 29 0F               			AND		#C_HideHigh
  3074 0000F153 C9 0E               			CMP		#0EH
  3075 0000F155 B0 09               			BCS		?L_NeedChange1
  3076 0000F157 8A                  			TXA
  3077 0000F158 4C 62 F1            			JMP		?L_ChangeOK
  3078 0000F15B                     ?L_NeedChange2:
  3079 0000F15B A9 12               			LDA		#12H
  3080 0000F15D 4C 62 F1            			JMP		?L_ChangeOK
  3081 0000F160                     ?L_NeedChange1:
  3082 0000F160 E9 06               			SBC		#06H
  3083 0000F162                     ?L_ChangeOK:
  3084 0000F162 60                  			RTS
  3085                              			
  3086                              
  3087 0000F163                     F_CheckAlarm:					;检查闹钟是否打开
  3088                              ;	jsr		Disable_Alarm
  3089 0000F163 AD 74 00            	LDA		R_TimeFlashSet
  3090 0000F166 0D 75 00            	ORA		R_AlmTimeFlashSet
  3091 0000F169 0D 76 00            	ORA		R_TimerFlashSet
  3092 0000F16C D0 04               	BNE		?Exit				;有设置界面打开则不检查闹钟	
  3093 0000F16E A5 2E               	LDA		R_AlarmOnOff
  3094 0000F170 D0 01               	BNE		$+3				;有闹钟打开，则去比较闹钟时间与当前时间
  3095 0000F172                     	?Exit:
  3096 0000F172 60                  		RTS
  3097 0000F173 A2 00               		LDX		#0		
  3098                              ;;------------------------------------------------	
  3099 0000F175                     F_EnCheckAlarm:
  3100 0000F175 A5 2E               		LDA     R_AlarmOnOff         ; 加载闹钟启用状态
  3101 0000F177 20 AA F1            		JSR     CheckAlarmEnabled             ; 测试第X位是否设置
  3102 0000F17A F0 1E               		BEQ     ?L_NextAlarm           ; 未启用则跳过	
  3103                              		
  3104 0000F17C B5 27               		LDA		R_AlarmHour	,x
  3105 0000F17E 45 23               		EOR		R_DateHour		
  3106 0000F180 D0 18               		BNE		?L_NextAlarm		;判断小时
  3107 0000F182 B5 24               		LDA		R_AlarmMinute	,x
  3108 0000F184 45 22               		EOR		R_DateMinute
  3109 0000F186 D0 12               		BNE		?L_NextAlarm		;判断分
  3110 0000F188 86 2A               	    STX     R_CurrentGroup      ; 保存当前组号
  3111 0000F18A 20 B0 F1                   JSR     F_CheckAlarmDayType ; 调用天数类型检查（C=1触发）	
  3112 0000F18D 90 0B                      BCC     ?L_NextAlarm         ; 天数类型不匹配则跳过
  3113 0000F18F 20 F3 F1            		JSR		L_LoadAlarming		;闹钟响
  3114 0000F192 A9 00               		LDA		#0
  3115 0000F194 8D 77 00            		STA		R_SleepTime
  3116 0000F197 4C 9F F1            		JMP     ?L_SleepSnooze
  3117 0000F19A                     	?L_NextAlarm:					;闹钟时间没到
  3118 0000F19A E8                  		INX
  3119 0000F19B E0 03               	    CPX #3
  3120 0000F19D 90 D6                  	BCC F_EnCheckAlarm
  3121 0000F19F                        ?L_SleepSnooze: 	; 贪睡状态检查
  3122                              
  3123 0000F19F AD 73 00            	 	LDA R_OtherFlag
  3124 0000F1A2 29 04               		AND	#D_EnableSnooze
  3125 0000F1A4 F0 03               		BEQ	$+5		
  3126 0000F1A6 20 0D F2            		JSR	F_CheckSnoozeAlarm
  3127 0000F1A9 60                  		RTS
  3128                              		
  3129                              ; 输入：X = 闹钟组号 (0-2)
  3130                              ; 输出：Z=1 表示未启用，Z=0 表示启用
  3131 0000F1AA                     CheckAlarmEnabled:
  3132 0000F1AA BD DD F6               LDA BitMaskTable,X   ; 获取对应位掩码
  3133 0000F1AD 25 2E                  AND R_AlarmOnOff     ; 与启用状态寄存器相与
  3134 0000F1AF 60                     RTS                  ; 结果在 A 中，Z 标志位表示是否启用	
  3135                              .PUBLIC		F_CheckAlarmDayType		
  3136 0000F1B0                     F_CheckAlarmDayType:
  3137 0000F1B0 A5 04               	   LDA    R_Week
  3138 0000F1B2 A8                  	   TAY                         ; Y = 当前星期（0=日,1=一...6=六）
  3139 0000F1B3 A6 2A                      LDX     R_CurrentGroup   ; 获取当前组的天数类型
  3140 0000F1B5 B5 2B                      LDA     R_DispAlmDay,X      ; A=天数类型(0=双休,1=单休,2=每天)        
  3141                                  
  3142 0000F1B7 F0 06                      BEQ     ?Check_5Day         ; 根据类型判断
  3143 0000F1B9 C9 01                      CMP     #1
  3144 0000F1BB F0 0C                      BEQ     ?Check_6Day       
  3145                                     
  3146 0000F1BD                     	?Check_7Day:                      
  3147 0000F1BD 38                         SEC                         ; 直接允许触发
  3148 0000F1BE 60                         RTS
  3149                                     
  3150 0000F1BF                     	?Check_5Day:                        ; 检查是否工作日（周一至周五）
  3151 0000F1BF C0 01                      CPY     #1                  ; 周一
  3152 0000F1C1 90 0C                      BCC     ?Not_Workday        ; Y<1（周日）
  3153 0000F1C3 C0 06                      CPY     #6                  ; 周六
  3154 0000F1C5 B0 08                      BCS     ?Not_Workday        ; Y>=6（周六）
  3155 0000F1C7 38                         SEC                         ; 允许触发
  3156 0000F1C8 60                         RTS       
  3157 0000F1C9                     	?Check_6Day:                        ; 检查周一至周六
  3158 0000F1C9 C0 00                      CPY     #0                  ; 周日
  3159 0000F1CB F0 02                      BEQ     ?Not_Workday
  3160 0000F1CD 38                         SEC                         ; 允许触发
  3161 0000F1CE 60                         RTS
  3162                                     
  3163 0000F1CF                     ?Not_Workday:
  3164 0000F1CF 18                         CLC                         ; 不触发
  3165 0000F1D0 60                         RTS		
  3166                              	   
  3167                              .PUBLIC		Disable_Alarm
  3168                              .PUBLIC		_Disable_Alarm
  3169 0000F1D1                      Disable_Alarm:	
  3170 0000F1D1                     _Disable_Alarm:
  3171                              	%btsf	R_OtherFlag,(D_Alarming+D_Timering),Exit_ALMCheck
  3172 0000F1D1 AD 73 00          1           lda     R_OtherFlag               ;ex.   
  3173 0000F1D4 29 60             1           and     #(D_Alarming+D_Timering)              ;  %btsf 10H,_BIT0,N
  3174 0000F1D6 F0 1A             1           beq     Exit_ALMCheck               ;  if(10H.0=0) goto N 
  3175 0000F1D8 CE 78 00            	DEC		R_SnoozeTime
  3176 0000F1DB D0 15               	BNE		Exit_ALMCheck
  3177                              	%bitr	R_OtherFlag,(D_Alarming+D_Timering)
  3178 0000F1DD AD 73 00          1           lda     R_OtherFlag               ;ex.  
  3179 0000F1E0 29 9F             1           and     #.NOT.(D_Alarming+D_Timering)         ;  %bitr 10H,_BIT0;  10H.0=0
  3180 0000F1E2 8D 73 00          1           sta     R_OtherFlag
  3181                              	%bits	R_OtherFlag,D_ToneDIS
  3182 0000F1E5 AD 73 00          1           lda     R_OtherFlag               ;ex.  
  3183 0000F1E8 09 08             1           ora     #D_ToneDIS              ;  %bits 10H,_BIT0
  3184                            1 		                   ;  10H.0=1
  3185 0000F1EA 8D 73 00          1           sta     R_OtherFlag               ;
  3186 0000F1ED A9 3C               	LDA		#D_UI_Time
  3187 0000F1EF 8D 8C 00            	STA		R_Uart_OpenTime
  3188 0000F1F2                     Exit_ALMCheck:	
  3189                              	
  3190 0000F1F2 60                  	rts      
  3191                              
  3192 0000F1F3                     L_LoadAlarming:		
  3193 0000F1F3 A9 3C               	     LDA		#C_SnoozeTime1min
  3194 0000F1F5 8D 78 00            		 STA		R_SnoozeTime
  3195 0000F1F8 20 89 F6            		 JSR		Voice_PowerOn_Noxiaonao	 
  3196                              		 %bitr	R_OtherFlag,D_ToneDIS	
  3197 0000F1FB AD 73 00          1           lda     R_OtherFlag               ;ex.  
  3198 0000F1FE 29 F7             1           and     #.NOT.D_ToneDIS         ;  %bitr 10H,_BIT0;  10H.0=0
  3199 0000F200 8D 73 00          1           sta     R_OtherFlag
  3200                              		%bits	R_OtherFlag,(D_Alarming+D_AlarmingStatus)	
  3201 0000F203 AD 73 00          1           lda     R_OtherFlag               ;ex.  
  3202 0000F206 09 50             1           ora     #(D_Alarming+D_AlarmingStatus)              ;  %bits 10H,_BIT0
  3203                            1 		                   ;  10H.0=1
  3204 0000F208 8D 73 00          1           sta     R_OtherFlag               ;
  3205                              
  3206 0000F20B 58                  		CLI
  3207 0000F20C 60                  		RTS
  3208                              		
  3209                              
  3210 0000F20D                     F_CheckSnoozeAlarm:			;贪睡时间检查
  3211 0000F20D AD 77 00            		LDA		R_SleepTime
  3212 0000F210 F0 01               		BEQ		Check_SnoozeTrigger  ;时间到，触发贪睡
  3213 0000F212 60                  		RTS  
  3214 0000F213                     	Check_SnoozeTrigger:
  3215                              		%bitr	R_OtherFlag,D_EnableSnooze
  3216 0000F213 AD 73 00          1           lda     R_OtherFlag               ;ex.  
  3217 0000F216 29 FB             1           and     #.NOT.D_EnableSnooze         ;  %bitr 10H,_BIT0;  10H.0=0
  3218 0000F218 8D 73 00          1           sta     R_OtherFlag
  3219 0000F21B 20 F3 F1            		JSR		L_LoadAlarming			
  3220                              
  3221 0000F21E                     	?L_Exit:	
  3222 0000F21E 60                  		RTS	
  3223                              		
  3224                              .ENDS
0 Error(s), 0 Warning(s).

