0x000002B8;g_low_power_flow@main.c
0x000002B9;g_low_power_query_ticks@main.c
0x000002BB;g_low_power_last_tick@main.c
0x000002BC;g_recheck_battery_after_power_on@main.c
0x0000EDD0;__xinit_R_KeepAwakeTimer@main.c
0x0000EDD1;__xinit_RB_128hz_counter@main.c
0x0000EDD2;__xinit_R_DateMiniSecond@main.c
0x0000EDD3;__xinit_NsLi_Year@main.c
0x0000EDD5;__xinit_NsLi_Month@main.c
0x0000EDD6;__xinit_NsLi_Day@main.c
0x0000EDD7;__xinit_RB_128HzTo32Hz_count@main.c
0x0000EDD8;__xinit_RB_RFC_30S_count@main.c
0x0000EDD9;__xinit_RB_ADC_50S_count@main.c
0x0000EDDA;__xinit_g_low_power_flow@main.c
0x0000EDDB;__xinit_g_low_power_query_ticks@main.c
0x0000EDDD;__xinit_g_low_power_last_tick@main.c
0x0000EDDE;__xinit_g_recheck_battery_after_power_on@main.c
0x000002BD;g_uart_rx_timeout_ticks@Int_Vec.c
0x0000EDDF;__xinit_g_uart_rx_timeout_ticks@Int_Vec.c
0x00000001;GPL815P02Ax@GPL815P.inc
0x00000001;GPL815P_Body_inc@GPL815P.inc
0x00003000;P_System_Ctrl_Base@GPL815P.inc
0x00003080;P_IO_Ctrl_Base@GPL815P.inc
0x000030C0;P_INT_Ctrl_Base@GPL815P.inc
0x00003110;P_TIMER_Ctrl_Base@GPL815P.inc
0x00003150;P_UART_Ctrl_Base@GPL815P.inc
0x00003180;P_SPI_Ctrl_Base@GPL815P.inc
0x00003200;P_SWT_Ctrl_Base@GPL815P.inc
0x00003340;P_ADC_Ctrl_Base@GPL815P.inc
0x00003360;P_I2C_Ctrl_Base@GPL815P.inc
0x00003371;P_Buzzer_Ctrl_Base@GPL815P.inc
0x000033D0;P_AUX_Ctrl_Base@GPL815P.inc
0x00003450;P_LCD_Ctrl_Base@GPL815P.inc
0x00003490;P_PWMIO_Ctrl_Base@GPL815P.inc
0x000034C0;P_RFC_Ctrl_Base@GPL815P.inc
0x00000000;GPL815P04Ax@GPL815P.inc
0x00000000;GPL815P04Ax_16KB@GPL815P.inc
0x00000000;GPL815P04Bx@GPL815P.inc
0x00000000;GPL815P04Bx_15KB@GPL815P.inc
0x00000000;GPL815P03Ax@GPL815P.inc
0x00000000;GPL815P03Bx@GPL815P.inc
0x00000001;GPL815P@GPL815P.inc
0x00003000;P_BANK_Sel@GPL815P.inc
0x00003007;P_CLK_IOSC_Ctrl@GPL815P.inc
0x00000000;D_CPUSysClkDiv1@GPL815P.inc
0x00000001;D_CPUSysClkDiv2@GPL815P.inc
0x00000002;D_CPUSysClkDiv4@GPL815P.inc
0x00000003;D_CPUSysClkDiv8@GPL815P.inc
0x00000000;D_SYS32K@GPL815P.inc
0x00000010;D_SYS2M@GPL815P.inc
0x00000020;D_SYS4M@GPL815P.inc
0x00000030;D_SYS8M@GPL815P.inc
0x00003009;P_SLP_Ctrl@GPL815P.inc
0x0000005A;D_SleepMode@GPL815P.inc
0x000000A5;D_GreenMode@GPL815P.inc
0x0000300A;P_LVD_Ctrl@GPL815P.inc
0x00000080;D_LVDEn@GPL815P.inc
0x00000020;D_LVDStatus@GPL815P.inc
0x00000000;D_LVD2P1V@GPL815P.inc
0x00000001;D_LVD2P4V@GPL815P.inc
0x00000002;D_LVD3P0V@GPL815P.inc
0x00000003;D_LVD3P3V@GPL815P.inc
0x00000003;D_LVDLevelMask@GPL815P.inc
0x0000300B;P_WDT_Clear@GPL815P.inc
0x0000300C;P_RESET_Ctrl@GPL815P.inc
0x00000001;D_LVRResetEn@GPL815P.inc
0x00000002;D_IllegalAddrResetEn@GPL815P.inc
0x00000004;D_SWResetEn@GPL815P.inc
0x00000008;D_WDTResetEn@GPL815P.inc
0x0000300D;P_RESET_Status@GPL815P.inc
0x00000001;D_LVRResetFlag@GPL815P.inc
0x00000002;D_IllegalAddrResetFlag@GPL815P.inc
0x00000004;D_SWResetFlag@GPL815P.inc
0x00000008;D_WDTResetFlag@GPL815P.inc
0x00003080;P_IO_Ctrl1@GPL815P.inc
0x00000000;D_IRDuty2@GPL815P.inc
0x00000002;D_IRDuty3@GPL815P.inc
0x00000004;D_IRDuty4@GPL815P.inc
0x00000006;D_IRDuty5@GPL815P.inc
0x00000008;D_IREn@GPL815P.inc
0x00000010;D_ExtI1Edge@GPL815P.inc
0x00000020;D_ExtI1En@GPL815P.inc
0x00000040;D_ExtI2Edge@GPL815P.inc
0x00000080;D_ExtI2En@GPL815P.inc
0x00003081;P_IO_Ctrl2@GPL815P.inc
0x00000001;D_RFC1En@GPL815P.inc
0x00000002;D_RFC2En@GPL815P.inc
0x00000004;D_RFC1OutEn@GPL815P.inc
0x00000008;D_RFC2OutEn@GPL815P.inc
0x00000040;D_PA32KOutEn@GPL815P.inc
0x00000080;D_PD32KOutEn@GPL815P.inc
0x00003082;P_IO_RFC_Ctrl@GPL815P.inc
0x00000001;D_REF2En@GPL815P.inc
0x00000002;D_SEN2AEn@GPL815P.inc
0x00000008;D_SEN2BEn@GPL815P.inc
0x00000010;D_REF1En@GPL815P.inc
0x00000020;D_SEN1AEn@GPL815P.inc
0x00000080;D_SEN1BEn@GPL815P.inc
0x00003083;P_IO_LCDPORT_Ctrl@GPL815P.inc
0x00000001;D_PCEn@GPL815P.inc
0x00000002;D_PDEn@GPL815P.inc
0x00000004;D_PEEn@GPL815P.inc
0x00000000;D_ShiftSeg0@GPL815P.inc
0x00000010;D_ShiftSeg8@GPL815P.inc
0x00000020;D_ShiftSeg16@GPL815P.inc
0x00000030;D_ShiftSeg24@GPL815P.inc
0x00003084;P_IO_KeyChange_Ctrl1@GPL815P.inc
0x00003085;P_IO_KeyChange_Ctrl2@GPL815P.inc
0x00003086;P_IO_PB_LINEN_Ctrl@GPL815P.inc
0x00003088;P_IO_PortA_Dir@GPL815P.inc
0x00003089;P_IO_PortA_Attrib@GPL815P.inc
0x0000308A;P_IO_PortA_Data@GPL815P.inc
0x0000308B;P_IO_PortA_Buffer@GPL815P.inc
0x0000308C;P_IO_PortA_SMT_En@GPL815P.inc
0x00003090;P_IO_PortB_Dir@GPL815P.inc
0x00003091;P_IO_PortB_Attrib@GPL815P.inc
0x00003092;P_IO_PortB_Data@GPL815P.inc
0x00003093;P_IO_PortB_Buffer@GPL815P.inc
0x00003094;P_IO_PortB_SMT_En@GPL815P.inc
0x00003098;P_IO_PortC_Dir@GPL815P.inc
0x00003099;P_IO_PortC_Attrib@GPL815P.inc
0x0000309A;P_IO_PortC_Data@GPL815P.inc
0x0000309B;P_IO_PortC_Buffer@GPL815P.inc
0x0000309C;P_IO_PortC_SMT_En@GPL815P.inc
0x000030A0;P_IO_PortD_Dir@GPL815P.inc
0x000030A1;P_IO_PortD_Attrib@GPL815P.inc
0x000030A2;P_IO_PortD_Data@GPL815P.inc
0x000030A3;P_IO_PortD_Buffer@GPL815P.inc
0x000030A4;P_IO_PortD_SMT_En@GPL815P.inc
0x000030A8;P_IO_PortE_Dir@GPL815P.inc
0x000030A9;P_IO_PortE_Attrib@GPL815P.inc
0x000030AA;P_IO_PortE_Data@GPL815P.inc
0x000030AB;P_IO_PortE_Buffer@GPL815P.inc
0x000030AC;P_IO_PortE_SMT_En@GPL815P.inc
0x000030B0;P_IO_Ctrl3@GPL815P.inc
0x00000001;D_PFEn@GPL815P.inc
0x00000002;D_PGEn@GPL815P.inc
0x000030B1;P_IO_PortF_Buffer@GPL815P.inc
0x000030B2;P_IO_PortG_Buffer@GPL815P.inc
0x000030C0;P_NMI_Ctrl@GPL815P.inc
0x00000001;D_LVDNMIEn@GPL815P.inc
0x00000002;D_TM1NMIEn@GPL815P.inc
0x00000004;D_TM0NMIEn@GPL815P.inc
0x00000010;D_ILLADRNMIEn@GPL815P.inc
0x000030C1;P_NMI_Status@GPL815P.inc
0x00000001;D_LVDNMIFlag@GPL815P.inc
0x00000002;D_TM1NMIFlag@GPL815P.inc
0x00000004;D_TM0NMIFlag@GPL815P.inc
0x00000010;D_ILLADRNMIFlag@GPL815P.inc
0x000030C2;P_INT_Ctrl1@GPL815P.inc
0x00000001;D_FPIntEn@GPL815P.inc
0x00000002;D_SPIInt_En@GPL815P.inc
0x00000080;D_TM0IntEn@GPL815P.inc
0x000030C3;P_INT_Ctrl2@GPL815P.inc
0x00000001;D_ExtI1IntEn@GPL815P.inc
0x00000002;D_ExtI2IntEn@GPL815P.inc
0x00000004;D_TBLIntEn@GPL815P.inc
0x00000008;D_TBHIntEn@GPL815P.inc
0x00000010;D_KeyIntEn@GPL815P.inc
0x00000020;D_TM1IntEn@GPL815P.inc
0x00000040;D_RFCTM0IntEn@GPL815P.inc
0x00000080;D_RFCTM1IntEn@GPL815P.inc
0x000030C4;P_INT_Ctrl3@GPL815P.inc
0x00000001;D_LVDIntEn@GPL815P.inc
0x00000002;D_ADCIntEn@GPL815P.inc
0x00000004;D_UARTIntEn@GPL815P.inc
0x00000008;D_SWTIntEn@GPL815P.inc
0x00000010;D_I2CIntEn@GPL815P.inc
0x00000020;D_PWMTMIntEn@GPL815P.inc
0x00000040;D_CaptureIntEn@GPL815P.inc
0x000030CA;P_INT_Status1@GPL815P.inc
0x00000001;D_FP_Flag@GPL815P.inc
0x00000002;D_SPI_Flag@GPL815P.inc
0x00000080;D_TM0_Flag@GPL815P.inc
0x000030CB;P_INT_Status2@GPL815P.inc
0x00000001;D_EXT1_Flag@GPL815P.inc
0x00000002;D_EXT2_Flag@GPL815P.inc
0x00000004;D_TBL_Flag@GPL815P.inc
0x00000008;D_TBH_Flag@GPL815P.inc
0x00000010;D_Key_Flag@GPL815P.inc
0x00000020;D_TM1_Flag@GPL815P.inc
0x00000040;D_RFCTM0_Flag@GPL815P.inc
0x00000080;D_RFCTM1_Flag@GPL815P.inc
0x000030CC;P_INT_Status3@GPL815P.inc
0x00000001;D_LVD_Flag@GPL815P.inc
0x00000002;D_ADC_Flag@GPL815P.inc
0x00000004;D_UART_Flag@GPL815P.inc
0x00000008;D_SWT_Flag@GPL815P.inc
0x00000010;D_I2C_Flag@GPL815P.inc
0x00000020;D_PWMTM_Flag@GPL815P.inc
0x00000040;D_Capture_Flag@GPL815P.inc
0x000030D0;P_INT_FP_Clear@GPL815P.inc
0x000030D1;P_INT_SPI_Clear@GPL815P.inc
0x000030D7;P_INT_TM0_Clear@GPL815P.inc
0x000030D8;P_INT_EXT1_Clear@GPL815P.inc
0x000030D9;P_INT_EXT2_Clear@GPL815P.inc
0x000030DA;P_INT_TBL_Clear@GPL815P.inc
0x000030DB;P_INT_TBH_Clear@GPL815P.inc
0x000030DC;P_INT_KEY_Clear@GPL815P.inc
0x000030DD;P_INT_TM1_Clear@GPL815P.inc
0x000030DE;P_INT_RFCTM0_Clear@GPL815P.inc
0x000030DF;P_INT_RFCTM1_Clear@GPL815P.inc
0x000030E0;P_INT_LVD_Clear@GPL815P.inc
0x000030E1;P_INT_ADC_Clear@GPL815P.inc
0x000030E2;P_INT_UART_Clear@GPL815P.inc
0x000030E3;P_INT_SWT_Clear@GPL815P.inc
0x000030E4;P_INT_I2C_Clear@GPL815P.inc
0x000030E5;P_INT_PWMTM_Clear@GPL815P.inc
0x000030E6;P_INT_Capture_Clear@GPL815P.inc
0x000030F0;P_NMI_LVD_Clear@GPL815P.inc
0x000030F1;P_NMI_TM1_Clear@GPL815P.inc
0x000030F2;P_NMI_TM0_Clear@GPL815P.inc
0x000030F4;P_NMI_ILLADDR_Clear@GPL815P.inc
0x00003110;P_TIMER_TimeBase_Ctrl1@GPL815P.inc
0x00000001;D_TBRUN@GPL815P.inc
0x00000010;D_TBRST@GPL815P.inc
0x00003111;P_TIMER_TimeBase_CNT@GPL815P.inc
0x00003112;P_TIMER_TimeBase_Ctrl2@GPL815P.inc
0x00000001;D_1KHzEn@GPL815P.inc
0x00000002;D_512HzEn@GPL815P.inc
0x00000004;D_256HzEn@GPL815P.inc
0x00000008;D_128HzEn@GPL815P.inc
0x00000010;D_32HzEn@GPL815P.inc
0x00000020;D_8HzEn@GPL815P.inc
0x00000040;D_2HzEn@GPL815P.inc
0x00000080;D_1HzEn@GPL815P.inc
0x00003113;P_TIMER_TimeBase_Status@GPL815P.inc
0x00000001;D_1KHz_Flag@GPL815P.inc
0x00000002;D_512Hz_Flag@GPL815P.inc
0x00000004;D_256Hz_Flag@GPL815P.inc
0x00000008;D_128Hz_Flag@GPL815P.inc
0x00000010;D_32Hz_Flag@GPL815P.inc
0x00000020;D_8Hz_Flag@GPL815P.inc
0x00000040;D_2Hz_Flag@GPL815P.inc
0x00000080;D_1Hz_Flag@GPL815P.inc
0x00003114;P_TIMER_EN@GPL815P.inc
0x00000001;D_TM0En@GPL815P.inc
0x00000002;D_TM1En@GPL815P.inc
0x00003115;P_TIMER_Timer_Ctrl@GPL815P.inc
0x00000000;D_TM1stop@GPL815P.inc
0x00000001;D_TM1ClkSysClk@GPL815P.inc
0x00000002;D_TM1Clk32K@GPL815P.inc
0x00000003;D_TM1ClkTM0@GPL815P.inc
0x00000000;D_TM0Stop@GPL815P.inc
0x00000020;D_TM0AClkSysClk@GPL815P.inc
0x00000040;D_TM0AClk32K@GPL815P.inc
0x00000060;D_TM0AClkEXT1@GPL815P.inc
0x00000080;D_TM0AClkEXT2@GPL815P.inc
0x00000000;D_TM0BClkVDD@GPL815P.inc
0x00000008;D_TM0BClkEXT1@GPL815P.inc
0x0000000C;D_TM0BClkEXT2@GPL815P.inc
0x00000010;D_TM0BClk2Hz@GPL815P.inc
0x00000014;D_TM0BClk8Hz@GPL815P.inc
0x00000018;D_TM0BClk32Hz@GPL815P.inc
0x0000001C;D_TM0BClk64Hz@GPL815P.inc
0x00003118;P_TIMER_TM0Data_LB@GPL815P.inc
0x00003119;P_TIMER_TM0Data_HB@GPL815P.inc
0x0000311A;P_TIMER_TM0CntData_LB@GPL815P.inc
0x0000311B;P_TIMER_TM0CntData_HB@GPL815P.inc
0x0000311C;P_TIMER_TM1Data_LB@GPL815P.inc
0x0000311D;P_TIMER_TM1Data_HB@GPL815P.inc
0x0000311E;P_TIMER_TM1CntData_LB@GPL815P.inc
0x0000311F;P_TIMER_TM1CntData_HB@GPL815P.inc
0x00003200;P_SWT_CTRL1@GPL815P.inc
0x00000001;D_SWTRun@GPL815P.inc
0x00000010;D_SWTRst@GPL815P.inc
0x00003201;P_SWT_BCD_CNT@GPL815P.inc
0x00003202;P_SWT_1K_BCD@GPL815P.inc
0x00003203;P_SWT_Ctrl2@GPL815P.inc
0x00000001;D_T1HzEn@GPL815P.inc
0x00000002;D_T10HzEn@GPL815P.inc
0x00000004;D_T100HzEn@GPL815P.inc
0x00000008;D_T1KHzEn@GPL815P.inc
0x00003204;P_SWT_Status@GPL815P.inc
0x00000001;D_T1Hz_Flag@GPL815P.inc
0x00000002;D_T10Hz_Flag@GPL815P.inc
0x00000004;D_T100Hz_Flag@GPL815P.inc
0x00000008;D_T1KHz_Flag@GPL815P.inc
0x00003150;P_UART_Data@GPL815P.inc
0x00003151;P_UART_RX_Status@GPL815P.inc
0x00000001;D_FrameErrorFlag@GPL815P.inc
0x00000002;D_ParityErrorFlag@GPL815P.inc
0x00000004;D_BreakErrorFlag@GPL815P.inc
0x00000008;D_OverrunErrorFlag@GPL815P.inc
0x00003152;P_UART_Ctrl1@GPL815P.inc
0x00000008;D_UARTReset@GPL815P.inc
0x00000010;D_UARTEn@GPL815P.inc
0x00000020;D_UARTRxTimeoutIntEn@GPL815P.inc
0x00000040;D_UARTTxIntEn@GPL815P.inc
0x00000080;D_UARTRxIntEn@GPL815P.inc
0x00003153;P_UART_Ctrl2@GPL815P.inc
0x00000001;D_UARTSendBreak@GPL815P.inc
0x00000002;D_UARTParityEn@GPL815P.inc
0x00000000;D_UARTParityOdd@GPL815P.inc
0x00000004;D_UARTParityEven@GPL815P.inc
0x00000000;D_UARTStopBit1@GPL815P.inc
0x00000008;D_UARTStopBit2@GPL815P.inc
0x00000010;D_UARTFIFOEn@GPL815P.inc
0x00000000;D_UARTDataBit5@GPL815P.inc
0x00000020;D_UARTDataBit6@GPL815P.inc
0x00000040;D_UARTDataBit7@GPL815P.inc
0x00000060;D_UARTDataBit8@GPL815P.inc
0x00003154;P_UART_BaudRate_HB@GPL815P.inc
0x00003155;P_UART_BaudRate_LB@GPL815P.inc
0x00003156;P_UART_Status1@GPL815P.inc
0x00000020;D_RxTimeOutFlag@GPL815P.inc
0x00000040;D_TxIntFlag@GPL815P.inc
0x00000080;D_RxIntFlag@GPL815P.inc
0x00003157;P_UART_Status2@GPL815P.inc
0x00000008;D_UARTBusy@GPL815P.inc
0x00000010;D_UARTRxFIFOEmpty@GPL815P.inc
0x00000020;D_UARTTxFIFOFull@GPL815P.inc
0x00000040;D_UARTRxFIFOFull@GPL815P.inc
0x00000080;D_UARTTxFIFOEmpty@GPL815P.inc
0x0000315A;P_UART_FMD@GPL815P.inc
0x00003340;P_ADC_Ctrl1@GPL815P.inc
0x00000000;D_ADCClkDiv2@GPL815P.inc
0x00000001;D_ADCClkDiv4@GPL815P.inc
0x00000002;D_ADCClkDiv8@GPL815P.inc
0x00000003;D_ADCClkDiv12@GPL815P.inc
0x00000004;D_ADCClkDiv16@GPL815P.inc
0x00000005;D_ADCClkDiv20@GPL815P.inc
0x00000006;D_ADCClkDiv24@GPL815P.inc
0x00000007;D_ADCClkDiv28@GPL815P.inc
0x00000000;D_ADCSHCycle2@GPL815P.inc
0x00000008;D_ADCSHCycle4@GPL815P.inc
0x00000010;D_ADCSHCycle8@GPL815P.inc
0x00000018;D_ADCSHCycle16@GPL815P.inc
0x00000000;D_ADCTrigManual@GPL815P.inc
0x00000020;D_ADCTrigTM0@GPL815P.inc
0x00000040;D_ADCTrigTM1@GPL815P.inc
0x00000080;D_ADCStart@GPL815P.inc
0x00003341;P_ADC_Ctrl2@GPL815P.inc
0x00000000;D_ADCPB0@GPL815P.inc
0x00000001;D_ADCPB1@GPL815P.inc
0x00000002;D_ADCPB2@GPL815P.inc
0x00000003;D_ADCPB3@GPL815P.inc
0x00000004;D_ADCPB4@GPL815P.inc
0x00000005;D_ADCPB5@GPL815P.inc
0x00000006;D_ADCPB6@GPL815P.inc
0x00000007;D_ADCPB7@GPL815P.inc
0x00000008;D_ADCVREG@GPL815P.inc
0x00000009;D_ADCVBAT@GPL815P.inc
0x0000000A;D_ADCDiv5VDD@GPL815P.inc
0x0000000B;D_ADCVSS@GPL815P.inc
0x00000010;D_ADCEn@GPL815P.inc
0x00000020;D_BatteryDetectEn@GPL815P.inc
0x00000040;D_ADCIntEnable@GPL815P.inc
0x00000080;D_ADCStatus@GPL815P.inc
0x00003342;P_ADC_Data_LB@GPL815P.inc
0x00003343;P_ADC_Data_HB@GPL815P.inc
0x00003344;P_ADC_VREF_Ctrl@GPL815P.inc
0x00000001;D_ADCVregEn@GPL815P.inc
0x00000000;D_ADCVreg1P8V@GPL815P.inc
0x00000002;D_ADCVreg2V@GPL815P.inc
0x00000004;D_ADCVreg2P4V@GPL815P.inc
0x00000006;D_ADCVreg2P6V@GPL815P.inc
0x00000008;D_ADCVreg3V@GPL815P.inc
0x0000000A;D_ADCVreg3P2V@GPL815P.inc
0x0000000C;D_ADCVreg3P4V@GPL815P.inc
0x0000000E;D_ADCVregVDD@GPL815P.inc
0x00003371;P_AUDIO_BZ_Ctrl@GPL815P.inc
0x00000001;D_BZSrc@GPL815P.inc
0x00000080;D_BZOn@GPL815P.inc
0x000033D0;P_AUX_DataX@GPL815P.inc
0x000033D1;P_AUX_DataY@GPL815P.inc
0x000033D2;P_AUX_BPPExtend_IN@GPL815P.inc
0x000033D6;P_AUX_DataX_0H@GPL815P.inc
0x000033D7;P_AUX_DataX_0L@GPL815P.inc
0x000033D8;P_AUX_DataY_0H@GPL815P.inc
0x000033D9;P_AUX_DataY_0L@GPL815P.inc
0x000033DA;P_AUX_DataX_H0@GPL815P.inc
0x000033DB;P_AUX_DataX_L0@GPL815P.inc
0x000033DC;P_AUX_DataY_H0@GPL815P.inc
0x000033DD;P_AUX_DataY_L0@GPL815P.inc
0x000033DE;P_AUX_DataX_LH@GPL815P.inc
0x000033DF;P_AUX_DataY_LH@GPL815P.inc
0x000033E0;P_AUX_DataXY_XLYH@GPL815P.inc
0x000033E1;P_AUX_DataXY_YLXH@GPL815P.inc
0x000033E2;P_AUX_DataX_Mirror@GPL815P.inc
0x000033E3;P_AUX_DataY_Mirror@GPL815P.inc
0x000033E4;P_AUX_BPPExtendOut_LB@GPL815P.inc
0x000033E5;P_AUX_BPPExtendOut_HB@GPL815P.inc
0x00003450;P_LCD_Ctrl1@GPL815P.inc
0x00000008;D_DisplayOn@GPL815P.inc
0x00000080;D_LCDEn@GPL815P.inc
0x00003451;P_LCD_Ctrl2@GPL815P.inc
0x0000000F;D_LCDStrobeTimeMask@GPL815P.inc
0x00000010;D_LCDStrobeEn@GPL815P.inc
0x00000020;D_LCDAllOff@GPL815P.inc
0x00000040;D_LCDAllOn@GPL815P.inc
0x00003452;P_LCD_Clock@GPL815P.inc
0x00000000;D_LCDclk32K@GPL815P.inc
0x00000010;D_LCDclk16K@GPL815P.inc
0x00000020;D_LCDclk8K@GPL815P.inc
0x00000030;D_LCDclk4K@GPL815P.inc
0x00003453;P_LCD_SEG_Num@GPL815P.inc
0x00000003;D_32SEG@GPL815P.inc
0x00000005;D_48SEG@GPL815P.inc
0x00003454;P_LCD_COM_Num@GPL815P.inc
0x00000004;D_5COM@GPL815P.inc
0x00000008;D_9COM@GPL815P.inc
0x00003455;P_LCD_FM_Ctrl@GPL815P.inc
0x00000000;D_LCDBType@GPL815P.inc
0x00000080;D_LCDCType@GPL815P.inc
0x00003456;P_LCD_VLCD_Ctrl@GPL815P.inc
0x00003457;P_LCD_PUMP_Ctrl@GPL815P.inc
0x00000000;D_PumpClk2K@GPL815P.inc
0x00000001;D_PumpClk4K@GPL815P.inc
0x00000002;D_PumpClk8K@GPL815P.inc
0x00000003;D_PumpClk16K@GPL815P.inc
0x00000080;D_PumpEn@GPL815P.inc
0x00003458;P_LCD_BIAS_Ctrl@GPL815P.inc
0x00000001;D_LCDBias4@GPL815P.inc
0x00000002;D_LCDBias3@GPL815P.inc
0x00000003;D_LCDBias2@GPL815P.inc
0x00003459;P_LCD_StartAddr_LB@GPL815P.inc
0x00003490;P_PWMIO_Ctrl@GPL815P.inc
0x00000001;D_PWMIO0En@GPL815P.inc
0x00000002;D_PWMIO1En@GPL815P.inc
0x00000004;D_PWMIO2En@GPL815P.inc
0x00000008;D_PWMIO3En@GPL815P.inc
0x00000000;D_PWMClkSysClk@GPL815P.inc
0x00000010;D_PWMClkSysClk8@GPL815P.inc
0x00000020;D_PWMClkSysClk64@GPL815P.inc
0x00000030;D_PWMClk32K@GPL815P.inc
0x00000040;D_PWMClkTM0@GPL815P.inc
0x00000050;D_PWMClkTM1@GPL815P.inc
0x00000060;D_PWMClkRFCTM0@GPL815P.inc
0x00000070;D_PWMClkRFCTM1@GPL815P.inc
0x00003491;P_PWMIO_Sel@GPL815P.inc
0x00003492;P_PWMIO_Timer_Data@GPL815P.inc
0x00003493;P_PWMIO_Timer_Cnt@GPL815P.inc
0x00003494;P_PWMIO_IO0_DUTY@GPL815P.inc
0x00003495;P_PWMIO_IO1_DUTY@GPL815P.inc
0x00003496;P_PWMIO_IO2_DUTY@GPL815P.inc
0x00003497;P_PWMIO_IO3_DUTY@GPL815P.inc
0x000034C1;P_RFC_Ctrl1@GPL815P.inc
0x00000040;D_AutoStop@GPL815P.inc
0x00000010;D_RFCEn@GPL815P.inc
0x00000001;D_RFCStart@GPL815P.inc
0x000034C3;P_RFC_Timer_Ctrl@GPL815P.inc
0x00000001;D_RFCTM0En@GPL815P.inc
0x00000002;D_RFCTM1En@GPL815P.inc
0x0000001C;D_RFCTM0ClkMask@GPL815P.inc
0x00000000;D_RFCTM0ClkStop@GPL815P.inc
0x00000004;D_RFCTM0ClkIO@GPL815P.inc
0x0000000C;D_RFCTM0ClkSysClk@GPL815P.inc
0x00000010;D_RFCTM0ClkSysClk2@GPL815P.inc
0x00000014;D_RFCTM0ClkRFC1@GPL815P.inc
0x00000018;D_RFCTM0ClkRFC2@GPL815P.inc
0x0000001C;D_RFCTM0Clk32K@GPL815P.inc
0x000000E0;D_RFCTM1ClkMask@GPL815P.inc
0x00000000;D_RFCTM1ClkStop@GPL815P.inc
0x00000020;D_RFCTM1ClkSysClk@GPL815P.inc
0x00000040;D_RFCTM1ClkSysClk2@GPL815P.inc
0x00000060;D_RFCTM1ClkSysClk4@GPL815P.inc
0x00000080;D_RFCTM1ClkSysClk8@GPL815P.inc
0x000000A0;D_RFCTM1ClkSysClk16@GPL815P.inc
0x000000C0;D_RFCTM1ClkSysClk32@GPL815P.inc
0x000000E0;D_RFCTM1Clk32K@GPL815P.inc
0x000034C4;P_RFC_Ctrl2@GPL815P.inc
0x00000000;D_RFCCaptureEdgeRising@GPL815P.inc
0x00000004;D_RFCCaptureEdgeFalling@GPL815P.inc
0x00000000;D_RFCCaptureTrigDis@GPL815P.inc
0x00000001;D_RFCCaptureTrigTM0@GPL815P.inc
0x000034C6;P_RFC_TM0Data_LB@GPL815P.inc
0x000034C7;P_RFC_TM0Data_HB@GPL815P.inc
0x000034C8;P_RFC_TM0Cnt_LB@GPL815P.inc
0x000034C9;P_RFC_TM0Cnt_HB@GPL815P.inc
0x000034CA;P_RFC_TM1Data_LB@GPL815P.inc
0x000034CB;P_RFC_TM1Data_HB@GPL815P.inc
0x000034CC;P_RFC_TM1Cnt_LB@GPL815P.inc
0x000034CD;P_RFC_TM1Cnt_HB@GPL815P.inc
0x000034CE;P_RFC_TM1CapData_LB@GPL815P.inc
0x000034CF;P_RFC_TM1CapData_HB@GPL815P.inc
0x00004000;D_Bank0UserRomStartAddr@GPL815P.inc
0x00007FE5;D_Bank0UserRomEndAddr@GPL815P.inc
0x00007FFA;D_NMIandResetVectorStartAddr@GPL815P.inc
0x00007FFD;D_NMIandResetVectorEndAddr@GPL815P.inc
0x00000001;INIT_NPAGE@cstartup.asm
0x00000001;LOOP_AT_END@cstartup.asm
0x00000000;SW_BRK@cstartup.asm
0x00000000;HW_HALT@cstartup.asm
0x00003000;_P_BANK_Sel@cstartup.asm
0x00000000;INS_SRC_ADDR_L@cstartup.asm
0x00000001;INS_SRC_ADDR_H@cstartup.asm
0x00000002;INS_SRC_SIZE_L@cstartup.asm
0x00000003;INS_SRC_SIZE_H@cstartup.asm
0x00000004;INS_DES_ADDR_L@cstartup.asm
0x00000005;INS_DES_ADDR_H@cstartup.asm
0x00000006;INS_INIT_TAB_SIZE@cstartup.asm
0x00000007;TEMPCOUNT_SIZE_H@cstartup.asm
0x00000008;OFFSET_INIT_TAB@cstartup.asm
0x00000007;TAB_RCRD_SIZE@cstartup.asm
0x0000C00D;seg_init@cstartup.asm
0x0000C01C;loop5@cstartup.asm
0x0000C01F;skip6@cstartup.asm
0x0000C028;skip5@cstartup.asm
0x0000C030;_copy_mem@cstartup.asm
0x0000C066;loop6@cstartup.asm
0x0000C074;skip7@cstartup.asm
0x0000C078;loop7@cstartup.asm
0x0000C080;skip8@cstartup.asm
0x0000C081;seg_init_end@cstartup.asm
0x0000C79A;__program_startup@cstartup.asm
0x0000EDE0;__xinit_R_Temp@system.c
0x0000EDE1;__xinit_R_Wakeup_Flag2@system.c
0x00000001;C_Bit_0@calendar.asm
0x00000002;C_Bit_1@calendar.asm
0x00000004;C_Bit_2@calendar.asm
0x00000008;C_Bit_3@calendar.asm
0x00000010;C_Bit_4@calendar.asm
0x00000020;C_Bit_5@calendar.asm
0x00000040;C_Bit_6@calendar.asm
0x00000080;C_Bit_7@calendar.asm
0x0000000F;C_HideHigh@calendar.asm
0x000000F0;C_HideLow@calendar.asm
0x00000001;GPL815P02Ax@GPL815P.inc
0x00000001;GPL815P_Body_inc@GPL815P.inc
0x00003000;P_System_Ctrl_Base@GPL815P.inc
0x00003080;P_IO_Ctrl_Base@GPL815P.inc
0x000030C0;P_INT_Ctrl_Base@GPL815P.inc
0x00003110;P_TIMER_Ctrl_Base@GPL815P.inc
0x00003150;P_UART_Ctrl_Base@GPL815P.inc
0x00003180;P_SPI_Ctrl_Base@GPL815P.inc
0x00003200;P_SWT_Ctrl_Base@GPL815P.inc
0x00003340;P_ADC_Ctrl_Base@GPL815P.inc
0x00003360;P_I2C_Ctrl_Base@GPL815P.inc
0x00003371;P_Buzzer_Ctrl_Base@GPL815P.inc
0x000033D0;P_AUX_Ctrl_Base@GPL815P.inc
0x00003450;P_LCD_Ctrl_Base@GPL815P.inc
0x00003490;P_PWMIO_Ctrl_Base@GPL815P.inc
0x000034C0;P_RFC_Ctrl_Base@GPL815P.inc
0x00000000;GPL815P04Ax@GPL815P.inc
0x00000000;GPL815P04Ax_16KB@GPL815P.inc
0x00000000;GPL815P04Bx@GPL815P.inc
0x00000000;GPL815P04Bx_15KB@GPL815P.inc
0x00000000;GPL815P03Ax@GPL815P.inc
0x00000000;GPL815P03Bx@GPL815P.inc
0x00000001;GPL815P@GPL815P.inc
0x00003000;P_BANK_Sel@GPL815P.inc
0x00003007;P_CLK_IOSC_Ctrl@GPL815P.inc
0x00000000;D_CPUSysClkDiv1@GPL815P.inc
0x00000001;D_CPUSysClkDiv2@GPL815P.inc
0x00000002;D_CPUSysClkDiv4@GPL815P.inc
0x00000003;D_CPUSysClkDiv8@GPL815P.inc
0x00000000;D_SYS32K@GPL815P.inc
0x00000010;D_SYS2M@GPL815P.inc
0x00000020;D_SYS4M@GPL815P.inc
0x00000030;D_SYS8M@GPL815P.inc
0x00003009;P_SLP_Ctrl@GPL815P.inc
0x0000005A;D_SleepMode@GPL815P.inc
0x000000A5;D_GreenMode@GPL815P.inc
0x0000300A;P_LVD_Ctrl@GPL815P.inc
0x00000080;D_LVDEn@GPL815P.inc
0x00000020;D_LVDStatus@GPL815P.inc
0x00000000;D_LVD2P1V@GPL815P.inc
0x00000001;D_LVD2P4V@GPL815P.inc
0x00000002;D_LVD3P0V@GPL815P.inc
0x00000003;D_LVD3P3V@GPL815P.inc
0x00000003;D_LVDLevelMask@GPL815P.inc
0x0000300B;P_WDT_Clear@GPL815P.inc
0x0000300C;P_RESET_Ctrl@GPL815P.inc
0x00000001;D_LVRResetEn@GPL815P.inc
0x00000002;D_IllegalAddrResetEn@GPL815P.inc
0x00000004;D_SWResetEn@GPL815P.inc
0x00000008;D_WDTResetEn@GPL815P.inc
0x0000300D;P_RESET_Status@GPL815P.inc
0x00000001;D_LVRResetFlag@GPL815P.inc
0x00000002;D_IllegalAddrResetFlag@GPL815P.inc
0x00000004;D_SWResetFlag@GPL815P.inc
0x00000008;D_WDTResetFlag@GPL815P.inc
0x00003080;P_IO_Ctrl1@GPL815P.inc
0x00000000;D_IRDuty2@GPL815P.inc
0x00000002;D_IRDuty3@GPL815P.inc
0x00000004;D_IRDuty4@GPL815P.inc
0x00000006;D_IRDuty5@GPL815P.inc
0x00000008;D_IREn@GPL815P.inc
0x00000010;D_ExtI1Edge@GPL815P.inc
0x00000020;D_ExtI1En@GPL815P.inc
0x00000040;D_ExtI2Edge@GPL815P.inc
0x00000080;D_ExtI2En@GPL815P.inc
0x00003081;P_IO_Ctrl2@GPL815P.inc
0x00000001;D_RFC1En@GPL815P.inc
0x00000002;D_RFC2En@GPL815P.inc
0x00000004;D_RFC1OutEn@GPL815P.inc
0x00000008;D_RFC2OutEn@GPL815P.inc
0x00000040;D_PA32KOutEn@GPL815P.inc
0x00000080;D_PD32KOutEn@GPL815P.inc
0x00003082;P_IO_RFC_Ctrl@GPL815P.inc
0x00000001;D_REF2En@GPL815P.inc
0x00000002;D_SEN2AEn@GPL815P.inc
0x00000008;D_SEN2BEn@GPL815P.inc
0x00000010;D_REF1En@GPL815P.inc
0x00000020;D_SEN1AEn@GPL815P.inc
0x00000080;D_SEN1BEn@GPL815P.inc
0x00003083;P_IO_LCDPORT_Ctrl@GPL815P.inc
0x00000001;D_PCEn@GPL815P.inc
0x00000002;D_PDEn@GPL815P.inc
0x00000004;D_PEEn@GPL815P.inc
0x00000000;D_ShiftSeg0@GPL815P.inc
0x00000010;D_ShiftSeg8@GPL815P.inc
0x00000020;D_ShiftSeg16@GPL815P.inc
0x00000030;D_ShiftSeg24@GPL815P.inc
0x00003084;P_IO_KeyChange_Ctrl1@GPL815P.inc
0x00003085;P_IO_KeyChange_Ctrl2@GPL815P.inc
0x00003086;P_IO_PB_LINEN_Ctrl@GPL815P.inc
0x00003088;P_IO_PortA_Dir@GPL815P.inc
0x00003089;P_IO_PortA_Attrib@GPL815P.inc
0x0000308A;P_IO_PortA_Data@GPL815P.inc
0x0000308B;P_IO_PortA_Buffer@GPL815P.inc
0x0000308C;P_IO_PortA_SMT_En@GPL815P.inc
0x00003090;P_IO_PortB_Dir@GPL815P.inc
0x00003091;P_IO_PortB_Attrib@GPL815P.inc
0x00003092;P_IO_PortB_Data@GPL815P.inc
0x00003093;P_IO_PortB_Buffer@GPL815P.inc
0x00003094;P_IO_PortB_SMT_En@GPL815P.inc
0x00003098;P_IO_PortC_Dir@GPL815P.inc
0x00003099;P_IO_PortC_Attrib@GPL815P.inc
0x0000309A;P_IO_PortC_Data@GPL815P.inc
0x0000309B;P_IO_PortC_Buffer@GPL815P.inc
0x0000309C;P_IO_PortC_SMT_En@GPL815P.inc
0x000030A0;P_IO_PortD_Dir@GPL815P.inc
0x000030A1;P_IO_PortD_Attrib@GPL815P.inc
0x000030A2;P_IO_PortD_Data@GPL815P.inc
0x000030A3;P_IO_PortD_Buffer@GPL815P.inc
0x000030A4;P_IO_PortD_SMT_En@GPL815P.inc
0x000030A8;P_IO_PortE_Dir@GPL815P.inc
0x000030A9;P_IO_PortE_Attrib@GPL815P.inc
0x000030AA;P_IO_PortE_Data@GPL815P.inc
0x000030AB;P_IO_PortE_Buffer@GPL815P.inc
0x000030AC;P_IO_PortE_SMT_En@GPL815P.inc
0x000030B0;P_IO_Ctrl3@GPL815P.inc
0x00000001;D_PFEn@GPL815P.inc
0x00000002;D_PGEn@GPL815P.inc
0x000030B1;P_IO_PortF_Buffer@GPL815P.inc
0x000030B2;P_IO_PortG_Buffer@GPL815P.inc
0x000030C0;P_NMI_Ctrl@GPL815P.inc
0x00000001;D_LVDNMIEn@GPL815P.inc
0x00000002;D_TM1NMIEn@GPL815P.inc
0x00000004;D_TM0NMIEn@GPL815P.inc
0x00000010;D_ILLADRNMIEn@GPL815P.inc
0x000030C1;P_NMI_Status@GPL815P.inc
0x00000001;D_LVDNMIFlag@GPL815P.inc
0x00000002;D_TM1NMIFlag@GPL815P.inc
0x00000004;D_TM0NMIFlag@GPL815P.inc
0x00000010;D_ILLADRNMIFlag@GPL815P.inc
0x000030C2;P_INT_Ctrl1@GPL815P.inc
0x00000001;D_FPIntEn@GPL815P.inc
0x00000002;D_SPIInt_En@GPL815P.inc
0x00000080;D_TM0IntEn@GPL815P.inc
0x000030C3;P_INT_Ctrl2@GPL815P.inc
0x00000001;D_ExtI1IntEn@GPL815P.inc
0x00000002;D_ExtI2IntEn@GPL815P.inc
0x00000004;D_TBLIntEn@GPL815P.inc
0x00000008;D_TBHIntEn@GPL815P.inc
0x00000010;D_KeyIntEn@GPL815P.inc
0x00000020;D_TM1IntEn@GPL815P.inc
0x00000040;D_RFCTM0IntEn@GPL815P.inc
0x00000080;D_RFCTM1IntEn@GPL815P.inc
0x000030C4;P_INT_Ctrl3@GPL815P.inc
0x00000001;D_LVDIntEn@GPL815P.inc
0x00000002;D_ADCIntEn@GPL815P.inc
0x00000004;D_UARTIntEn@GPL815P.inc
0x00000008;D_SWTIntEn@GPL815P.inc
0x00000010;D_I2CIntEn@GPL815P.inc
0x00000020;D_PWMTMIntEn@GPL815P.inc
0x00000040;D_CaptureIntEn@GPL815P.inc
0x000030CA;P_INT_Status1@GPL815P.inc
0x00000001;D_FP_Flag@GPL815P.inc
0x00000002;D_SPI_Flag@GPL815P.inc
0x00000080;D_TM0_Flag@GPL815P.inc
0x000030CB;P_INT_Status2@GPL815P.inc
0x00000001;D_EXT1_Flag@GPL815P.inc
0x00000002;D_EXT2_Flag@GPL815P.inc
0x00000004;D_TBL_Flag@GPL815P.inc
0x00000008;D_TBH_Flag@GPL815P.inc
0x00000010;D_Key_Flag@GPL815P.inc
0x00000020;D_TM1_Flag@GPL815P.inc
0x00000040;D_RFCTM0_Flag@GPL815P.inc
0x00000080;D_RFCTM1_Flag@GPL815P.inc
0x000030CC;P_INT_Status3@GPL815P.inc
0x00000001;D_LVD_Flag@GPL815P.inc
0x00000002;D_ADC_Flag@GPL815P.inc
0x00000004;D_UART_Flag@GPL815P.inc
0x00000008;D_SWT_Flag@GPL815P.inc
0x00000010;D_I2C_Flag@GPL815P.inc
0x00000020;D_PWMTM_Flag@GPL815P.inc
0x00000040;D_Capture_Flag@GPL815P.inc
0x000030D0;P_INT_FP_Clear@GPL815P.inc
0x000030D1;P_INT_SPI_Clear@GPL815P.inc
0x000030D7;P_INT_TM0_Clear@GPL815P.inc
0x000030D8;P_INT_EXT1_Clear@GPL815P.inc
0x000030D9;P_INT_EXT2_Clear@GPL815P.inc
0x000030DA;P_INT_TBL_Clear@GPL815P.inc
0x000030DB;P_INT_TBH_Clear@GPL815P.inc
0x000030DC;P_INT_KEY_Clear@GPL815P.inc
0x000030DD;P_INT_TM1_Clear@GPL815P.inc
0x000030DE;P_INT_RFCTM0_Clear@GPL815P.inc
0x000030DF;P_INT_RFCTM1_Clear@GPL815P.inc
0x000030E0;P_INT_LVD_Clear@GPL815P.inc
0x000030E1;P_INT_ADC_Clear@GPL815P.inc
0x000030E2;P_INT_UART_Clear@GPL815P.inc
0x000030E3;P_INT_SWT_Clear@GPL815P.inc
0x000030E4;P_INT_I2C_Clear@GPL815P.inc
0x000030E5;P_INT_PWMTM_Clear@GPL815P.inc
0x000030E6;P_INT_Capture_Clear@GPL815P.inc
0x000030F0;P_NMI_LVD_Clear@GPL815P.inc
0x000030F1;P_NMI_TM1_Clear@GPL815P.inc
0x000030F2;P_NMI_TM0_Clear@GPL815P.inc
0x000030F4;P_NMI_ILLADDR_Clear@GPL815P.inc
0x00003110;P_TIMER_TimeBase_Ctrl1@GPL815P.inc
0x00000001;D_TBRUN@GPL815P.inc
0x00000010;D_TBRST@GPL815P.inc
0x00003111;P_TIMER_TimeBase_CNT@GPL815P.inc
0x00003112;P_TIMER_TimeBase_Ctrl2@GPL815P.inc
0x00000001;D_1KHzEn@GPL815P.inc
0x00000002;D_512HzEn@GPL815P.inc
0x00000004;D_256HzEn@GPL815P.inc
0x00000008;D_128HzEn@GPL815P.inc
0x00000010;D_32HzEn@GPL815P.inc
0x00000020;D_8HzEn@GPL815P.inc
0x00000040;D_2HzEn@GPL815P.inc
0x00000080;D_1HzEn@GPL815P.inc
0x00003113;P_TIMER_TimeBase_Status@GPL815P.inc
0x00000001;D_1KHz_Flag@GPL815P.inc
0x00000002;D_512Hz_Flag@GPL815P.inc
0x00000004;D_256Hz_Flag@GPL815P.inc
0x00000008;D_128Hz_Flag@GPL815P.inc
0x00000010;D_32Hz_Flag@GPL815P.inc
0x00000020;D_8Hz_Flag@GPL815P.inc
0x00000040;D_2Hz_Flag@GPL815P.inc
0x00000080;D_1Hz_Flag@GPL815P.inc
0x00003114;P_TIMER_EN@GPL815P.inc
0x00000001;D_TM0En@GPL815P.inc
0x00000002;D_TM1En@GPL815P.inc
0x00003115;P_TIMER_Timer_Ctrl@GPL815P.inc
0x00000000;D_TM1stop@GPL815P.inc
0x00000001;D_TM1ClkSysClk@GPL815P.inc
0x00000002;D_TM1Clk32K@GPL815P.inc
0x00000003;D_TM1ClkTM0@GPL815P.inc
0x00000000;D_TM0Stop@GPL815P.inc
0x00000020;D_TM0AClkSysClk@GPL815P.inc
0x00000040;D_TM0AClk32K@GPL815P.inc
0x00000060;D_TM0AClkEXT1@GPL815P.inc
0x00000080;D_TM0AClkEXT2@GPL815P.inc
0x00000000;D_TM0BClkVDD@GPL815P.inc
0x00000008;D_TM0BClkEXT1@GPL815P.inc
0x0000000C;D_TM0BClkEXT2@GPL815P.inc
0x00000010;D_TM0BClk2Hz@GPL815P.inc
0x00000014;D_TM0BClk8Hz@GPL815P.inc
0x00000018;D_TM0BClk32Hz@GPL815P.inc
0x0000001C;D_TM0BClk64Hz@GPL815P.inc
0x00003118;P_TIMER_TM0Data_LB@GPL815P.inc
0x00003119;P_TIMER_TM0Data_HB@GPL815P.inc
0x0000311A;P_TIMER_TM0CntData_LB@GPL815P.inc
0x0000311B;P_TIMER_TM0CntData_HB@GPL815P.inc
0x0000311C;P_TIMER_TM1Data_LB@GPL815P.inc
0x0000311D;P_TIMER_TM1Data_HB@GPL815P.inc
0x0000311E;P_TIMER_TM1CntData_LB@GPL815P.inc
0x0000311F;P_TIMER_TM1CntData_HB@GPL815P.inc
0x00003200;P_SWT_CTRL1@GPL815P.inc
0x00000001;D_SWTRun@GPL815P.inc
0x00000010;D_SWTRst@GPL815P.inc
0x00003201;P_SWT_BCD_CNT@GPL815P.inc
0x00003202;P_SWT_1K_BCD@GPL815P.inc
0x00003203;P_SWT_Ctrl2@GPL815P.inc
0x00000001;D_T1HzEn@GPL815P.inc
0x00000002;D_T10HzEn@GPL815P.inc
0x00000004;D_T100HzEn@GPL815P.inc
0x00000008;D_T1KHzEn@GPL815P.inc
0x00003204;P_SWT_Status@GPL815P.inc
0x00000001;D_T1Hz_Flag@GPL815P.inc
0x00000002;D_T10Hz_Flag@GPL815P.inc
0x00000004;D_T100Hz_Flag@GPL815P.inc
0x00000008;D_T1KHz_Flag@GPL815P.inc
0x00003150;P_UART_Data@GPL815P.inc
0x00003151;P_UART_RX_Status@GPL815P.inc
0x00000001;D_FrameErrorFlag@GPL815P.inc
0x00000002;D_ParityErrorFlag@GPL815P.inc
0x00000004;D_BreakErrorFlag@GPL815P.inc
0x00000008;D_OverrunErrorFlag@GPL815P.inc
0x00003152;P_UART_Ctrl1@GPL815P.inc
0x00000008;D_UARTReset@GPL815P.inc
0x00000010;D_UARTEn@GPL815P.inc
0x00000020;D_UARTRxTimeoutIntEn@GPL815P.inc
0x00000040;D_UARTTxIntEn@GPL815P.inc
0x00000080;D_UARTRxIntEn@GPL815P.inc
0x00003153;P_UART_Ctrl2@GPL815P.inc
0x00000001;D_UARTSendBreak@GPL815P.inc
0x00000002;D_UARTParityEn@GPL815P.inc
0x00000000;D_UARTParityOdd@GPL815P.inc
0x00000004;D_UARTParityEven@GPL815P.inc
0x00000000;D_UARTStopBit1@GPL815P.inc
0x00000008;D_UARTStopBit2@GPL815P.inc
0x00000010;D_UARTFIFOEn@GPL815P.inc
0x00000000;D_UARTDataBit5@GPL815P.inc
0x00000020;D_UARTDataBit6@GPL815P.inc
0x00000040;D_UARTDataBit7@GPL815P.inc
0x00000060;D_UARTDataBit8@GPL815P.inc
0x00003154;P_UART_BaudRate_HB@GPL815P.inc
0x00003155;P_UART_BaudRate_LB@GPL815P.inc
0x00003156;P_UART_Status1@GPL815P.inc
0x00000020;D_RxTimeOutFlag@GPL815P.inc
0x00000040;D_TxIntFlag@GPL815P.inc
0x00000080;D_RxIntFlag@GPL815P.inc
0x00003157;P_UART_Status2@GPL815P.inc
0x00000008;D_UARTBusy@GPL815P.inc
0x00000010;D_UARTRxFIFOEmpty@GPL815P.inc
0x00000020;D_UARTTxFIFOFull@GPL815P.inc
0x00000040;D_UARTRxFIFOFull@GPL815P.inc
0x00000080;D_UARTTxFIFOEmpty@GPL815P.inc
0x0000315A;P_UART_FMD@GPL815P.inc
0x00003340;P_ADC_Ctrl1@GPL815P.inc
0x00000000;D_ADCClkDiv2@GPL815P.inc
0x00000001;D_ADCClkDiv4@GPL815P.inc
0x00000002;D_ADCClkDiv8@GPL815P.inc
0x00000003;D_ADCClkDiv12@GPL815P.inc
0x00000004;D_ADCClkDiv16@GPL815P.inc
0x00000005;D_ADCClkDiv20@GPL815P.inc
0x00000006;D_ADCClkDiv24@GPL815P.inc
0x00000007;D_ADCClkDiv28@GPL815P.inc
0x00000000;D_ADCSHCycle2@GPL815P.inc
0x00000008;D_ADCSHCycle4@GPL815P.inc
0x00000010;D_ADCSHCycle8@GPL815P.inc
0x00000018;D_ADCSHCycle16@GPL815P.inc
0x00000000;D_ADCTrigManual@GPL815P.inc
0x00000020;D_ADCTrigTM0@GPL815P.inc
0x00000040;D_ADCTrigTM1@GPL815P.inc
0x00000080;D_ADCStart@GPL815P.inc
0x00003341;P_ADC_Ctrl2@GPL815P.inc
0x00000000;D_ADCPB0@GPL815P.inc
0x00000001;D_ADCPB1@GPL815P.inc
0x00000002;D_ADCPB2@GPL815P.inc
0x00000003;D_ADCPB3@GPL815P.inc
0x00000004;D_ADCPB4@GPL815P.inc
0x00000005;D_ADCPB5@GPL815P.inc
0x00000006;D_ADCPB6@GPL815P.inc
0x00000007;D_ADCPB7@GPL815P.inc
0x00000008;D_ADCVREG@GPL815P.inc
0x00000009;D_ADCVBAT@GPL815P.inc
0x0000000A;D_ADCDiv5VDD@GPL815P.inc
0x0000000B;D_ADCVSS@GPL815P.inc
0x00000010;D_ADCEn@GPL815P.inc
0x00000020;D_BatteryDetectEn@GPL815P.inc
0x00000040;D_ADCIntEnable@GPL815P.inc
0x00000080;D_ADCStatus@GPL815P.inc
0x00003342;P_ADC_Data_LB@GPL815P.inc
0x00003343;P_ADC_Data_HB@GPL815P.inc
0x00003344;P_ADC_VREF_Ctrl@GPL815P.inc
0x00000001;D_ADCVregEn@GPL815P.inc
0x00000000;D_ADCVreg1P8V@GPL815P.inc
0x00000002;D_ADCVreg2V@GPL815P.inc
0x00000004;D_ADCVreg2P4V@GPL815P.inc
0x00000006;D_ADCVreg2P6V@GPL815P.inc
0x00000008;D_ADCVreg3V@GPL815P.inc
0x0000000A;D_ADCVreg3P2V@GPL815P.inc
0x0000000C;D_ADCVreg3P4V@GPL815P.inc
0x0000000E;D_ADCVregVDD@GPL815P.inc
0x00003371;P_AUDIO_BZ_Ctrl@GPL815P.inc
0x00000001;D_BZSrc@GPL815P.inc
0x00000080;D_BZOn@GPL815P.inc
0x000033D0;P_AUX_DataX@GPL815P.inc
0x000033D1;P_AUX_DataY@GPL815P.inc
0x000033D2;P_AUX_BPPExtend_IN@GPL815P.inc
0x000033D6;P_AUX_DataX_0H@GPL815P.inc
0x000033D7;P_AUX_DataX_0L@GPL815P.inc
0x000033D8;P_AUX_DataY_0H@GPL815P.inc
0x000033D9;P_AUX_DataY_0L@GPL815P.inc
0x000033DA;P_AUX_DataX_H0@GPL815P.inc
0x000033DB;P_AUX_DataX_L0@GPL815P.inc
0x000033DC;P_AUX_DataY_H0@GPL815P.inc
0x000033DD;P_AUX_DataY_L0@GPL815P.inc
0x000033DE;P_AUX_DataX_LH@GPL815P.inc
0x000033DF;P_AUX_DataY_LH@GPL815P.inc
0x000033E0;P_AUX_DataXY_XLYH@GPL815P.inc
0x000033E1;P_AUX_DataXY_YLXH@GPL815P.inc
0x000033E2;P_AUX_DataX_Mirror@GPL815P.inc
0x000033E3;P_AUX_DataY_Mirror@GPL815P.inc
0x000033E4;P_AUX_BPPExtendOut_LB@GPL815P.inc
0x000033E5;P_AUX_BPPExtendOut_HB@GPL815P.inc
0x00003450;P_LCD_Ctrl1@GPL815P.inc
0x00000008;D_DisplayOn@GPL815P.inc
0x00000080;D_LCDEn@GPL815P.inc
0x00003451;P_LCD_Ctrl2@GPL815P.inc
0x0000000F;D_LCDStrobeTimeMask@GPL815P.inc
0x00000010;D_LCDStrobeEn@GPL815P.inc
0x00000020;D_LCDAllOff@GPL815P.inc
0x00000040;D_LCDAllOn@GPL815P.inc
0x00003452;P_LCD_Clock@GPL815P.inc
0x00000000;D_LCDclk32K@GPL815P.inc
0x00000010;D_LCDclk16K@GPL815P.inc
0x00000020;D_LCDclk8K@GPL815P.inc
0x00000030;D_LCDclk4K@GPL815P.inc
0x00003453;P_LCD_SEG_Num@GPL815P.inc
0x00000003;D_32SEG@GPL815P.inc
0x00000005;D_48SEG@GPL815P.inc
0x00003454;P_LCD_COM_Num@GPL815P.inc
0x00000004;D_5COM@GPL815P.inc
0x00000008;D_9COM@GPL815P.inc
0x00003455;P_LCD_FM_Ctrl@GPL815P.inc
0x00000000;D_LCDBType@GPL815P.inc
0x00000080;D_LCDCType@GPL815P.inc
0x00003456;P_LCD_VLCD_Ctrl@GPL815P.inc
0x00003457;P_LCD_PUMP_Ctrl@GPL815P.inc
0x00000000;D_PumpClk2K@GPL815P.inc
0x00000001;D_PumpClk4K@GPL815P.inc
0x00000002;D_PumpClk8K@GPL815P.inc
0x00000003;D_PumpClk16K@GPL815P.inc
0x00000080;D_PumpEn@GPL815P.inc
0x00003458;P_LCD_BIAS_Ctrl@GPL815P.inc
0x00000001;D_LCDBias4@GPL815P.inc
0x00000002;D_LCDBias3@GPL815P.inc
0x00000003;D_LCDBias2@GPL815P.inc
0x00003459;P_LCD_StartAddr_LB@GPL815P.inc
0x00003490;P_PWMIO_Ctrl@GPL815P.inc
0x00000001;D_PWMIO0En@GPL815P.inc
0x00000002;D_PWMIO1En@GPL815P.inc
0x00000004;D_PWMIO2En@GPL815P.inc
0x00000008;D_PWMIO3En@GPL815P.inc
0x00000000;D_PWMClkSysClk@GPL815P.inc
0x00000010;D_PWMClkSysClk8@GPL815P.inc
0x00000020;D_PWMClkSysClk64@GPL815P.inc
0x00000030;D_PWMClk32K@GPL815P.inc
0x00000040;D_PWMClkTM0@GPL815P.inc
0x00000050;D_PWMClkTM1@GPL815P.inc
0x00000060;D_PWMClkRFCTM0@GPL815P.inc
0x00000070;D_PWMClkRFCTM1@GPL815P.inc
0x00003491;P_PWMIO_Sel@GPL815P.inc
0x00003492;P_PWMIO_Timer_Data@GPL815P.inc
0x00003493;P_PWMIO_Timer_Cnt@GPL815P.inc
0x00003494;P_PWMIO_IO0_DUTY@GPL815P.inc
0x00003495;P_PWMIO_IO1_DUTY@GPL815P.inc
0x00003496;P_PWMIO_IO2_DUTY@GPL815P.inc
0x00003497;P_PWMIO_IO3_DUTY@GPL815P.inc
0x000034C1;P_RFC_Ctrl1@GPL815P.inc
0x00000040;D_AutoStop@GPL815P.inc
0x00000010;D_RFCEn@GPL815P.inc
0x00000001;D_RFCStart@GPL815P.inc
0x000034C3;P_RFC_Timer_Ctrl@GPL815P.inc
0x00000001;D_RFCTM0En@GPL815P.inc
0x00000002;D_RFCTM1En@GPL815P.inc
0x0000001C;D_RFCTM0ClkMask@GPL815P.inc
0x00000000;D_RFCTM0ClkStop@GPL815P.inc
0x00000004;D_RFCTM0ClkIO@GPL815P.inc
0x0000000C;D_RFCTM0ClkSysClk@GPL815P.inc
0x00000010;D_RFCTM0ClkSysClk2@GPL815P.inc
0x00000014;D_RFCTM0ClkRFC1@GPL815P.inc
0x00000018;D_RFCTM0ClkRFC2@GPL815P.inc
0x0000001C;D_RFCTM0Clk32K@GPL815P.inc
0x000000E0;D_RFCTM1ClkMask@GPL815P.inc
0x00000000;D_RFCTM1ClkStop@GPL815P.inc
0x00000020;D_RFCTM1ClkSysClk@GPL815P.inc
0x00000040;D_RFCTM1ClkSysClk2@GPL815P.inc
0x00000060;D_RFCTM1ClkSysClk4@GPL815P.inc
0x00000080;D_RFCTM1ClkSysClk8@GPL815P.inc
0x000000A0;D_RFCTM1ClkSysClk16@GPL815P.inc
0x000000C0;D_RFCTM1ClkSysClk32@GPL815P.inc
0x000000E0;D_RFCTM1Clk32K@GPL815P.inc
0x000034C4;P_RFC_Ctrl2@GPL815P.inc
0x00000000;D_RFCCaptureEdgeRising@GPL815P.inc
0x00000004;D_RFCCaptureEdgeFalling@GPL815P.inc
0x00000000;D_RFCCaptureTrigDis@GPL815P.inc
0x00000001;D_RFCCaptureTrigTM0@GPL815P.inc
0x000034C6;P_RFC_TM0Data_LB@GPL815P.inc
0x000034C7;P_RFC_TM0Data_HB@GPL815P.inc
0x000034C8;P_RFC_TM0Cnt_LB@GPL815P.inc
0x000034C9;P_RFC_TM0Cnt_HB@GPL815P.inc
0x000034CA;P_RFC_TM1Data_LB@GPL815P.inc
0x000034CB;P_RFC_TM1Data_HB@GPL815P.inc
0x000034CC;P_RFC_TM1Cnt_LB@GPL815P.inc
0x000034CD;P_RFC_TM1Cnt_HB@GPL815P.inc
0x000034CE;P_RFC_TM1CapData_LB@GPL815P.inc
0x000034CF;P_RFC_TM1CapData_HB@GPL815P.inc
0x00004000;D_Bank0UserRomStartAddr@GPL815P.inc
0x00007FE5;D_Bank0UserRomEndAddr@GPL815P.inc
0x00007FFA;D_NMIandResetVectorStartAddr@GPL815P.inc
0x00007FFD;D_NMIandResetVectorEndAddr@GPL815P.inc
0x0000003C;C_SnoozeTime1min@keyscan_user.inc
0x00000002;D_Urat_Open@keyscan_user.inc
0x00000004;D_EnableSnooze@keyscan_user.inc
0x00000008;D_ToneDIS@keyscan_user.inc
0x00000010;D_AlarmingStatus@keyscan_user.inc
0x00000020;D_Timering@keyscan_user.inc
0x00000040;D_Alarming@keyscan_user.inc
0x00000080;D_TimerStatus@keyscan_user.inc
0x00000001;AddOthers@keyscan_user.inc
0x00000001;D_SetYear@keyscan_user.inc
0x00000002;D_SetMonth@keyscan_user.inc
0x00000004;D_SetDate@keyscan_user.inc
0x00000008;D_SetHour@keyscan_user.inc
0x00000010;D_SetMinute@keyscan_user.inc
0x00000020;D_SetTimeMax@keyscan_user.inc
0x00000075;_R_AlmTimeFlashSet@keyscan_user.inc
0x00000001;D_SetAlm@keyscan_user.inc
0x00000002;D_SetAlmHour@keyscan_user.inc
0x00000004;D_SetAlmMinute@keyscan_user.inc
0x00000008;D_SetAlmDay@keyscan_user.inc
0x00000010;D_SetAlarmMax@keyscan_user.inc
0x00000076;_R_TimerFlashSet@keyscan_user.inc
0x00000001;D_TimerSet@keyscan_user.inc
0x00000002;D_SetTimerMax@keyscan_user.inc
0x0000006A;_R_CurrentVolume@keyscan_user.inc
0x00000069;_R_CurrentSong@keyscan_user.inc
0x00000071;_R_KeyFlag@keyscan_user.inc
0x00000001;D_EnableFastAdd@keyscan_user.inc
0x00000002;D_LCDOFF@keyscan_user.inc
0x00000004;D_KeyTone@keyscan_user.inc
0x00000008;D_KeyRelDis@keyscan_user.inc
0x00000010;D_UpdateBAT@keyscan_user.inc
0x00000001;D_LowPower@keyscan_user.inc
0x00000002;D_Charge@keyscan_user.inc
0x00000004;D_Full@keyscan_user.inc
0x00000083;_R_TimerFlag@keyscan_user.inc
0x00000001;D_Timerstatus_just@keyscan_user.inc
0x00000002;D_Timerstatus@keyscan_user.inc
0x00000004;TIMER_START_FLAG@keyscan_user.inc
0x00000008;D_TimerSetstatus@keyscan_user.inc
0x00000010;D_Timerstatus_justpause@keyscan_user.inc
0x00000020;D_TimerPausedCountDown@keyscan_user.inc
0x0000006D;_R_SetBack@keyscan_user.inc
0x00000088;_R_VoiceFlag@keyscan_user.inc
0x00000001;D_OpenReady@keyscan_user.inc
0x00000002;D_WakePlay@keyscan_user.inc
0x00000001;D_VOICE_ALARM_CHECK@keyscan_user.inc
0x00000002;D_VOICE_ALARM_SET@keyscan_user.inc
0x00000004;D_VOICE_DATE_SET@keyscan_user.inc
0x00000008;D_VOICE_TIME_SET@keyscan_user.inc
0x00000010;D_VOICE_BEEP@keyscan_user.inc
0x00000020;D_VOICE_TIMER_START@keyscan_user.inc
0x00000040;D_VOICE_TIMER_PAUSE@keyscan_user.inc
0x00000080;D_VOICE_TIMER_CONTINUE@keyscan_user.inc
0x00000001;D_BatLevel1@keyscan_user.inc
0x00000002;D_BatLevel2@keyscan_user.inc
0x00000004;D_BatLevel3@keyscan_user.inc
0x00000001;D_Bit0@Macro.inc
0x00000002;D_Bit1@Macro.inc
0x00000004;D_Bit2@Macro.inc
0x00000008;D_Bit3@Macro.inc
0x00000010;D_Bit4@Macro.inc
0x00000020;D_Bit5@Macro.inc
0x00000040;D_Bit6@Macro.inc
0x00000080;D_Bit7@Macro.inc
0x00000080;D_LcdtimesetUpdate@lcd_user.inc
0x00000040;D_LcdUpdate@lcd_user.inc
0x00000020;D_LcdChangeUpdate@lcd_user.inc
0x00000000;D_Time_Minute_setup_lcd@lcd_user.inc
0x00000001;D_Time_Hour_setup_lcd@lcd_user.inc
0x00000002;D_Date_Year_setup_lcd@lcd_user.inc
0x00000003;D_Date_Month_setup_lcd@lcd_user.inc
0x00000004;D_Date_Day_setup_lcd@lcd_user.inc
0x00000005;D_Alarm_Minute_setup_lcd@lcd_user.inc
0x00000006;D_Alarm_Hour_setup_lcd@lcd_user.inc
0x00000080;D_Setting_flag@lcd_user.inc
0x0000003C;D_UI_Time@lcd_user.inc
0x00000004;_R_Week@calendar.asm
0x00000005;_R_Month@calendar.asm
0x00000006;_R_Month_temp@calendar.asm
0x00000007;_R_Day@calendar.asm
0x00000008;_R_Day_temp@calendar.asm
0x00000009;_R_Year@calendar.asm
0x0000000B;_R_Year_temp@calendar.asm
0x0000000D;R_JMP_Temp@calendar.asm
0x0000000F;R_Calendar_Temp0@calendar.asm
0x00000010;R_Calendar_Temp1@calendar.asm
0x00000011;R_Calendar_Temp2@calendar.asm
0x00000012;R_Calendar_Temp3@calendar.asm
0x00000013;R_Calendar_Temp4@calendar.asm
0x00000014;R_Calendar_Temp5@calendar.asm
0x00000016;R_Calendar_ADDR@calendar.asm
0x00000017;R_YEAR_ADDR@calendar.asm
0x00000019;R_DayRange@calendar.asm
0x00000080;D_LeapYear@calendar.asm
0x0000001A;R_Index_temp@calendar.asm
0x0000001B;R_Flag_y@calendar.asm
0x0000001C;R_Index_Month@calendar.asm
0x0000001D;_R_Hejira_LeapYear_CalendarFlag@calendar.asm
0x0000001E;_R_LCDHourBuff@calendar.asm
0x0000001F;_R_LCDMinuBuff@calendar.asm
0x00000020;_R_LCDSecBuff@calendar.asm
0x00000021;_R_DateSecond@calendar.asm
0x00000022;_R_DateMinute@calendar.asm
0x00000023;_R_DateHour@calendar.asm
0x00000024;_R_AlarmMinute@calendar.asm
0x00000027;_R_AlarmHour@calendar.asm
0x0000002A;_R_CurrentGroup@calendar.asm
0x0000002B;_R_DispAlmDay@calendar.asm
0x0000002E;_R_AlarmOnOff@calendar.asm
0x0000002F;_RB_12_24_Status@calendar.asm
0x00000000;D_24H@calendar.asm
0x00000080;D_12H@calendar.asm
0x00000030;_R_Alarm_ENDIS_Flag@calendar.asm
0x00000080;D_Alarm_EN@calendar.asm
0x00000031;RB_Alarming_cnt@calendar.asm
0x00000032;R_KEYMathTemp@calendar.asm
0x00000033;_R_TimerMinute@calendar.asm
0x00000034;_R_TimerSecond@calendar.asm
0x00000035;_R_IconCount@calendar.asm
0x00000036;_R_Second_Temp@calendar.asm
0x000002C5;R_TEST_Temp@calendar.asm
0x0000EE88;L_minute_end@calendar.asm
0x0000EE8E;L_24HourClockEnd@calendar.asm
0x0000EF2E;T_Month_Table@calendar.asm
0x0000EF3B;T_Month_Table_END@calendar.asm
0x0000EF3B;T_WeekAdjust_Normal@calendar.asm
0x0000EF48;T_WeekAdjust_Normal_END@calendar.asm
0x0000EF48;T_WeekAdjust_Leap@calendar.asm
0x0000EF55;T_WeekAdjust_Leap_END@calendar.asm
0x0000EF55;T_year_code_TAB@calendar.asm
0x0000EFEE;T_year_code_TAB_END@calendar.asm
0x0000EFEE;T_year_code_TAB1@calendar.asm
0x0000F11A;T_year_code_TAB1_END@calendar.asm
0x0000F11A;T_day_code_TAB1@calendar.asm
0x0000F126;T_day_code_TAB1_END@calendar.asm
0x0000F126;F_ADC_BCDADC@calendar.asm
0x0000F163;F_CheckAlarm@calendar.asm
0x0000F175;F_EnCheckAlarm@calendar.asm
0x0000F1AA;CheckAlarmEnabled@calendar.asm
0x0000F1F2;Exit_ALMCheck@calendar.asm
0x0000F1F3;L_LoadAlarming@calendar.asm
0x0000F20D;F_CheckSnoozeAlarm@calendar.asm
0x0000F213;Check_SnoozeTrigger@calendar.asm
0x00000001;C_Bit_0@lcd.asm
0x00000002;C_Bit_1@lcd.asm
0x00000004;C_Bit_2@lcd.asm
0x00000008;C_Bit_3@lcd.asm
0x00000010;C_Bit_4@lcd.asm
0x00000020;C_Bit_5@lcd.asm
0x00000040;C_Bit_6@lcd.asm
0x00000080;C_Bit_7@lcd.asm
0x0000000F;C_HideHigh@lcd.asm
0x000000F0;C_HideLow@lcd.asm
0x0000001E;C_LCDBUFFER_LENGTH@lcd.asm
0x00000001;GPL815P02Ax@GPL815P.inc
0x00000001;GPL815P_Body_inc@GPL815P.inc
0x00003000;P_System_Ctrl_Base@GPL815P.inc
0x00003080;P_IO_Ctrl_Base@GPL815P.inc
0x000030C0;P_INT_Ctrl_Base@GPL815P.inc
0x00003110;P_TIMER_Ctrl_Base@GPL815P.inc
0x00003150;P_UART_Ctrl_Base@GPL815P.inc
0x00003180;P_SPI_Ctrl_Base@GPL815P.inc
0x00003200;P_SWT_Ctrl_Base@GPL815P.inc
0x00003340;P_ADC_Ctrl_Base@GPL815P.inc
0x00003360;P_I2C_Ctrl_Base@GPL815P.inc
0x00003371;P_Buzzer_Ctrl_Base@GPL815P.inc
0x000033D0;P_AUX_Ctrl_Base@GPL815P.inc
0x00003450;P_LCD_Ctrl_Base@GPL815P.inc
0x00003490;P_PWMIO_Ctrl_Base@GPL815P.inc
0x000034C0;P_RFC_Ctrl_Base@GPL815P.inc
0x00000000;GPL815P04Ax@GPL815P.inc
0x00000000;GPL815P04Ax_16KB@GPL815P.inc
0x00000000;GPL815P04Bx@GPL815P.inc
0x00000000;GPL815P04Bx_15KB@GPL815P.inc
0x00000000;GPL815P03Ax@GPL815P.inc
0x00000000;GPL815P03Bx@GPL815P.inc
0x00000001;GPL815P@GPL815P.inc
0x00003000;P_BANK_Sel@GPL815P.inc
0x00003007;P_CLK_IOSC_Ctrl@GPL815P.inc
0x00000000;D_CPUSysClkDiv1@GPL815P.inc
0x00000001;D_CPUSysClkDiv2@GPL815P.inc
0x00000002;D_CPUSysClkDiv4@GPL815P.inc
0x00000003;D_CPUSysClkDiv8@GPL815P.inc
0x00000000;D_SYS32K@GPL815P.inc
0x00000010;D_SYS2M@GPL815P.inc
0x00000020;D_SYS4M@GPL815P.inc
0x00000030;D_SYS8M@GPL815P.inc
0x00003009;P_SLP_Ctrl@GPL815P.inc
0x0000005A;D_SleepMode@GPL815P.inc
0x000000A5;D_GreenMode@GPL815P.inc
0x0000300A;P_LVD_Ctrl@GPL815P.inc
0x00000080;D_LVDEn@GPL815P.inc
0x00000020;D_LVDStatus@GPL815P.inc
0x00000000;D_LVD2P1V@GPL815P.inc
0x00000001;D_LVD2P4V@GPL815P.inc
0x00000002;D_LVD3P0V@GPL815P.inc
0x00000003;D_LVD3P3V@GPL815P.inc
0x00000003;D_LVDLevelMask@GPL815P.inc
0x0000300B;P_WDT_Clear@GPL815P.inc
0x0000300C;P_RESET_Ctrl@GPL815P.inc
0x00000001;D_LVRResetEn@GPL815P.inc
0x00000002;D_IllegalAddrResetEn@GPL815P.inc
0x00000004;D_SWResetEn@GPL815P.inc
0x00000008;D_WDTResetEn@GPL815P.inc
0x0000300D;P_RESET_Status@GPL815P.inc
0x00000001;D_LVRResetFlag@GPL815P.inc
0x00000002;D_IllegalAddrResetFlag@GPL815P.inc
0x00000004;D_SWResetFlag@GPL815P.inc
0x00000008;D_WDTResetFlag@GPL815P.inc
0x00003080;P_IO_Ctrl1@GPL815P.inc
0x00000000;D_IRDuty2@GPL815P.inc
0x00000002;D_IRDuty3@GPL815P.inc
0x00000004;D_IRDuty4@GPL815P.inc
0x00000006;D_IRDuty5@GPL815P.inc
0x00000008;D_IREn@GPL815P.inc
0x00000010;D_ExtI1Edge@GPL815P.inc
0x00000020;D_ExtI1En@GPL815P.inc
0x00000040;D_ExtI2Edge@GPL815P.inc
0x00000080;D_ExtI2En@GPL815P.inc
0x00003081;P_IO_Ctrl2@GPL815P.inc
0x00000001;D_RFC1En@GPL815P.inc
0x00000002;D_RFC2En@GPL815P.inc
0x00000004;D_RFC1OutEn@GPL815P.inc
0x00000008;D_RFC2OutEn@GPL815P.inc
0x00000040;D_PA32KOutEn@GPL815P.inc
0x00000080;D_PD32KOutEn@GPL815P.inc
0x00003082;P_IO_RFC_Ctrl@GPL815P.inc
0x00000001;D_REF2En@GPL815P.inc
0x00000002;D_SEN2AEn@GPL815P.inc
0x00000008;D_SEN2BEn@GPL815P.inc
0x00000010;D_REF1En@GPL815P.inc
0x00000020;D_SEN1AEn@GPL815P.inc
0x00000080;D_SEN1BEn@GPL815P.inc
0x00003083;P_IO_LCDPORT_Ctrl@GPL815P.inc
0x00000001;D_PCEn@GPL815P.inc
0x00000002;D_PDEn@GPL815P.inc
0x00000004;D_PEEn@GPL815P.inc
0x00000000;D_ShiftSeg0@GPL815P.inc
0x00000010;D_ShiftSeg8@GPL815P.inc
0x00000020;D_ShiftSeg16@GPL815P.inc
0x00000030;D_ShiftSeg24@GPL815P.inc
0x00003084;P_IO_KeyChange_Ctrl1@GPL815P.inc
0x00003085;P_IO_KeyChange_Ctrl2@GPL815P.inc
0x00003086;P_IO_PB_LINEN_Ctrl@GPL815P.inc
0x00003088;P_IO_PortA_Dir@GPL815P.inc
0x00003089;P_IO_PortA_Attrib@GPL815P.inc
0x0000308A;P_IO_PortA_Data@GPL815P.inc
0x0000308B;P_IO_PortA_Buffer@GPL815P.inc
0x0000308C;P_IO_PortA_SMT_En@GPL815P.inc
0x00003090;P_IO_PortB_Dir@GPL815P.inc
0x00003091;P_IO_PortB_Attrib@GPL815P.inc
0x00003092;P_IO_PortB_Data@GPL815P.inc
0x00003093;P_IO_PortB_Buffer@GPL815P.inc
0x00003094;P_IO_PortB_SMT_En@GPL815P.inc
0x00003098;P_IO_PortC_Dir@GPL815P.inc
0x00003099;P_IO_PortC_Attrib@GPL815P.inc
0x0000309A;P_IO_PortC_Data@GPL815P.inc
0x0000309B;P_IO_PortC_Buffer@GPL815P.inc
0x0000309C;P_IO_PortC_SMT_En@GPL815P.inc
0x000030A0;P_IO_PortD_Dir@GPL815P.inc
0x000030A1;P_IO_PortD_Attrib@GPL815P.inc
0x000030A2;P_IO_PortD_Data@GPL815P.inc
0x000030A3;P_IO_PortD_Buffer@GPL815P.inc
0x000030A4;P_IO_PortD_SMT_En@GPL815P.inc
0x000030A8;P_IO_PortE_Dir@GPL815P.inc
0x000030A9;P_IO_PortE_Attrib@GPL815P.inc
0x000030AA;P_IO_PortE_Data@GPL815P.inc
0x000030AB;P_IO_PortE_Buffer@GPL815P.inc
0x000030AC;P_IO_PortE_SMT_En@GPL815P.inc
0x000030B0;P_IO_Ctrl3@GPL815P.inc
0x00000001;D_PFEn@GPL815P.inc
0x00000002;D_PGEn@GPL815P.inc
0x000030B1;P_IO_PortF_Buffer@GPL815P.inc
0x000030B2;P_IO_PortG_Buffer@GPL815P.inc
0x000030C0;P_NMI_Ctrl@GPL815P.inc
0x00000001;D_LVDNMIEn@GPL815P.inc
0x00000002;D_TM1NMIEn@GPL815P.inc
0x00000004;D_TM0NMIEn@GPL815P.inc
0x00000010;D_ILLADRNMIEn@GPL815P.inc
0x000030C1;P_NMI_Status@GPL815P.inc
0x00000001;D_LVDNMIFlag@GPL815P.inc
0x00000002;D_TM1NMIFlag@GPL815P.inc
0x00000004;D_TM0NMIFlag@GPL815P.inc
0x00000010;D_ILLADRNMIFlag@GPL815P.inc
0x000030C2;P_INT_Ctrl1@GPL815P.inc
0x00000001;D_FPIntEn@GPL815P.inc
0x00000002;D_SPIInt_En@GPL815P.inc
0x00000080;D_TM0IntEn@GPL815P.inc
0x000030C3;P_INT_Ctrl2@GPL815P.inc
0x00000001;D_ExtI1IntEn@GPL815P.inc
0x00000002;D_ExtI2IntEn@GPL815P.inc
0x00000004;D_TBLIntEn@GPL815P.inc
0x00000008;D_TBHIntEn@GPL815P.inc
0x00000010;D_KeyIntEn@GPL815P.inc
0x00000020;D_TM1IntEn@GPL815P.inc
0x00000040;D_RFCTM0IntEn@GPL815P.inc
0x00000080;D_RFCTM1IntEn@GPL815P.inc
0x000030C4;P_INT_Ctrl3@GPL815P.inc
0x00000001;D_LVDIntEn@GPL815P.inc
0x00000002;D_ADCIntEn@GPL815P.inc
0x00000004;D_UARTIntEn@GPL815P.inc
0x00000008;D_SWTIntEn@GPL815P.inc
0x00000010;D_I2CIntEn@GPL815P.inc
0x00000020;D_PWMTMIntEn@GPL815P.inc
0x00000040;D_CaptureIntEn@GPL815P.inc
0x000030CA;P_INT_Status1@GPL815P.inc
0x00000001;D_FP_Flag@GPL815P.inc
0x00000002;D_SPI_Flag@GPL815P.inc
0x00000080;D_TM0_Flag@GPL815P.inc
0x000030CB;P_INT_Status2@GPL815P.inc
0x00000001;D_EXT1_Flag@GPL815P.inc
0x00000002;D_EXT2_Flag@GPL815P.inc
0x00000004;D_TBL_Flag@GPL815P.inc
0x00000008;D_TBH_Flag@GPL815P.inc
0x00000010;D_Key_Flag@GPL815P.inc
0x00000020;D_TM1_Flag@GPL815P.inc
0x00000040;D_RFCTM0_Flag@GPL815P.inc
0x00000080;D_RFCTM1_Flag@GPL815P.inc
0x000030CC;P_INT_Status3@GPL815P.inc
0x00000001;D_LVD_Flag@GPL815P.inc
0x00000002;D_ADC_Flag@GPL815P.inc
0x00000004;D_UART_Flag@GPL815P.inc
0x00000008;D_SWT_Flag@GPL815P.inc
0x00000010;D_I2C_Flag@GPL815P.inc
0x00000020;D_PWMTM_Flag@GPL815P.inc
0x00000040;D_Capture_Flag@GPL815P.inc
0x000030D0;P_INT_FP_Clear@GPL815P.inc
0x000030D1;P_INT_SPI_Clear@GPL815P.inc
0x000030D7;P_INT_TM0_Clear@GPL815P.inc
0x000030D8;P_INT_EXT1_Clear@GPL815P.inc
0x000030D9;P_INT_EXT2_Clear@GPL815P.inc
0x000030DA;P_INT_TBL_Clear@GPL815P.inc
0x000030DB;P_INT_TBH_Clear@GPL815P.inc
0x000030DC;P_INT_KEY_Clear@GPL815P.inc
0x000030DD;P_INT_TM1_Clear@GPL815P.inc
0x000030DE;P_INT_RFCTM0_Clear@GPL815P.inc
0x000030DF;P_INT_RFCTM1_Clear@GPL815P.inc
0x000030E0;P_INT_LVD_Clear@GPL815P.inc
0x000030E1;P_INT_ADC_Clear@GPL815P.inc
0x000030E2;P_INT_UART_Clear@GPL815P.inc
0x000030E3;P_INT_SWT_Clear@GPL815P.inc
0x000030E4;P_INT_I2C_Clear@GPL815P.inc
0x000030E5;P_INT_PWMTM_Clear@GPL815P.inc
0x000030E6;P_INT_Capture_Clear@GPL815P.inc
0x000030F0;P_NMI_LVD_Clear@GPL815P.inc
0x000030F1;P_NMI_TM1_Clear@GPL815P.inc
0x000030F2;P_NMI_TM0_Clear@GPL815P.inc
0x000030F4;P_NMI_ILLADDR_Clear@GPL815P.inc
0x00003110;P_TIMER_TimeBase_Ctrl1@GPL815P.inc
0x00000001;D_TBRUN@GPL815P.inc
0x00000010;D_TBRST@GPL815P.inc
0x00003111;P_TIMER_TimeBase_CNT@GPL815P.inc
0x00003112;P_TIMER_TimeBase_Ctrl2@GPL815P.inc
0x00000001;D_1KHzEn@GPL815P.inc
0x00000002;D_512HzEn@GPL815P.inc
0x00000004;D_256HzEn@GPL815P.inc
0x00000008;D_128HzEn@GPL815P.inc
0x00000010;D_32HzEn@GPL815P.inc
0x00000020;D_8HzEn@GPL815P.inc
0x00000040;D_2HzEn@GPL815P.inc
0x00000080;D_1HzEn@GPL815P.inc
0x00003113;P_TIMER_TimeBase_Status@GPL815P.inc
0x00000001;D_1KHz_Flag@GPL815P.inc
0x00000002;D_512Hz_Flag@GPL815P.inc
0x00000004;D_256Hz_Flag@GPL815P.inc
0x00000008;D_128Hz_Flag@GPL815P.inc
0x00000010;D_32Hz_Flag@GPL815P.inc
0x00000020;D_8Hz_Flag@GPL815P.inc
0x00000040;D_2Hz_Flag@GPL815P.inc
0x00000080;D_1Hz_Flag@GPL815P.inc
0x00003114;P_TIMER_EN@GPL815P.inc
0x00000001;D_TM0En@GPL815P.inc
0x00000002;D_TM1En@GPL815P.inc
0x00003115;P_TIMER_Timer_Ctrl@GPL815P.inc
0x00000000;D_TM1stop@GPL815P.inc
0x00000001;D_TM1ClkSysClk@GPL815P.inc
0x00000002;D_TM1Clk32K@GPL815P.inc
0x00000003;D_TM1ClkTM0@GPL815P.inc
0x00000000;D_TM0Stop@GPL815P.inc
0x00000020;D_TM0AClkSysClk@GPL815P.inc
0x00000040;D_TM0AClk32K@GPL815P.inc
0x00000060;D_TM0AClkEXT1@GPL815P.inc
0x00000080;D_TM0AClkEXT2@GPL815P.inc
0x00000000;D_TM0BClkVDD@GPL815P.inc
0x00000008;D_TM0BClkEXT1@GPL815P.inc
0x0000000C;D_TM0BClkEXT2@GPL815P.inc
0x00000010;D_TM0BClk2Hz@GPL815P.inc
0x00000014;D_TM0BClk8Hz@GPL815P.inc
0x00000018;D_TM0BClk32Hz@GPL815P.inc
0x0000001C;D_TM0BClk64Hz@GPL815P.inc
0x00003118;P_TIMER_TM0Data_LB@GPL815P.inc
0x00003119;P_TIMER_TM0Data_HB@GPL815P.inc
0x0000311A;P_TIMER_TM0CntData_LB@GPL815P.inc
0x0000311B;P_TIMER_TM0CntData_HB@GPL815P.inc
0x0000311C;P_TIMER_TM1Data_LB@GPL815P.inc
0x0000311D;P_TIMER_TM1Data_HB@GPL815P.inc
0x0000311E;P_TIMER_TM1CntData_LB@GPL815P.inc
0x0000311F;P_TIMER_TM1CntData_HB@GPL815P.inc
0x00003200;P_SWT_CTRL1@GPL815P.inc
0x00000001;D_SWTRun@GPL815P.inc
0x00000010;D_SWTRst@GPL815P.inc
0x00003201;P_SWT_BCD_CNT@GPL815P.inc
0x00003202;P_SWT_1K_BCD@GPL815P.inc
0x00003203;P_SWT_Ctrl2@GPL815P.inc
0x00000001;D_T1HzEn@GPL815P.inc
0x00000002;D_T10HzEn@GPL815P.inc
0x00000004;D_T100HzEn@GPL815P.inc
0x00000008;D_T1KHzEn@GPL815P.inc
0x00003204;P_SWT_Status@GPL815P.inc
0x00000001;D_T1Hz_Flag@GPL815P.inc
0x00000002;D_T10Hz_Flag@GPL815P.inc
0x00000004;D_T100Hz_Flag@GPL815P.inc
0x00000008;D_T1KHz_Flag@GPL815P.inc
0x00003150;P_UART_Data@GPL815P.inc
0x00003151;P_UART_RX_Status@GPL815P.inc
0x00000001;D_FrameErrorFlag@GPL815P.inc
0x00000002;D_ParityErrorFlag@GPL815P.inc
0x00000004;D_BreakErrorFlag@GPL815P.inc
0x00000008;D_OverrunErrorFlag@GPL815P.inc
0x00003152;P_UART_Ctrl1@GPL815P.inc
0x00000008;D_UARTReset@GPL815P.inc
0x00000010;D_UARTEn@GPL815P.inc
0x00000020;D_UARTRxTimeoutIntEn@GPL815P.inc
0x00000040;D_UARTTxIntEn@GPL815P.inc
0x00000080;D_UARTRxIntEn@GPL815P.inc
0x00003153;P_UART_Ctrl2@GPL815P.inc
0x00000001;D_UARTSendBreak@GPL815P.inc
0x00000002;D_UARTParityEn@GPL815P.inc
0x00000000;D_UARTParityOdd@GPL815P.inc
0x00000004;D_UARTParityEven@GPL815P.inc
0x00000000;D_UARTStopBit1@GPL815P.inc
0x00000008;D_UARTStopBit2@GPL815P.inc
0x00000010;D_UARTFIFOEn@GPL815P.inc
0x00000000;D_UARTDataBit5@GPL815P.inc
0x00000020;D_UARTDataBit6@GPL815P.inc
0x00000040;D_UARTDataBit7@GPL815P.inc
0x00000060;D_UARTDataBit8@GPL815P.inc
0x00003154;P_UART_BaudRate_HB@GPL815P.inc
0x00003155;P_UART_BaudRate_LB@GPL815P.inc
0x00003156;P_UART_Status1@GPL815P.inc
0x00000020;D_RxTimeOutFlag@GPL815P.inc
0x00000040;D_TxIntFlag@GPL815P.inc
0x00000080;D_RxIntFlag@GPL815P.inc
0x00003157;P_UART_Status2@GPL815P.inc
0x00000008;D_UARTBusy@GPL815P.inc
0x00000010;D_UARTRxFIFOEmpty@GPL815P.inc
0x00000020;D_UARTTxFIFOFull@GPL815P.inc
0x00000040;D_UARTRxFIFOFull@GPL815P.inc
0x00000080;D_UARTTxFIFOEmpty@GPL815P.inc
0x0000315A;P_UART_FMD@GPL815P.inc
0x00003340;P_ADC_Ctrl1@GPL815P.inc
0x00000000;D_ADCClkDiv2@GPL815P.inc
0x00000001;D_ADCClkDiv4@GPL815P.inc
0x00000002;D_ADCClkDiv8@GPL815P.inc
0x00000003;D_ADCClkDiv12@GPL815P.inc
0x00000004;D_ADCClkDiv16@GPL815P.inc
0x00000005;D_ADCClkDiv20@GPL815P.inc
0x00000006;D_ADCClkDiv24@GPL815P.inc
0x00000007;D_ADCClkDiv28@GPL815P.inc
0x00000000;D_ADCSHCycle2@GPL815P.inc
0x00000008;D_ADCSHCycle4@GPL815P.inc
0x00000010;D_ADCSHCycle8@GPL815P.inc
0x00000018;D_ADCSHCycle16@GPL815P.inc
0x00000000;D_ADCTrigManual@GPL815P.inc
0x00000020;D_ADCTrigTM0@GPL815P.inc
0x00000040;D_ADCTrigTM1@GPL815P.inc
0x00000080;D_ADCStart@GPL815P.inc
0x00003341;P_ADC_Ctrl2@GPL815P.inc
0x00000000;D_ADCPB0@GPL815P.inc
0x00000001;D_ADCPB1@GPL815P.inc
0x00000002;D_ADCPB2@GPL815P.inc
0x00000003;D_ADCPB3@GPL815P.inc
0x00000004;D_ADCPB4@GPL815P.inc
0x00000005;D_ADCPB5@GPL815P.inc
0x00000006;D_ADCPB6@GPL815P.inc
0x00000007;D_ADCPB7@GPL815P.inc
0x00000008;D_ADCVREG@GPL815P.inc
0x00000009;D_ADCVBAT@GPL815P.inc
0x0000000A;D_ADCDiv5VDD@GPL815P.inc
0x0000000B;D_ADCVSS@GPL815P.inc
0x00000010;D_ADCEn@GPL815P.inc
0x00000020;D_BatteryDetectEn@GPL815P.inc
0x00000040;D_ADCIntEnable@GPL815P.inc
0x00000080;D_ADCStatus@GPL815P.inc
0x00003342;P_ADC_Data_LB@GPL815P.inc
0x00003343;P_ADC_Data_HB@GPL815P.inc
0x00003344;P_ADC_VREF_Ctrl@GPL815P.inc
0x00000001;D_ADCVregEn@GPL815P.inc
0x00000000;D_ADCVreg1P8V@GPL815P.inc
0x00000002;D_ADCVreg2V@GPL815P.inc
0x00000004;D_ADCVreg2P4V@GPL815P.inc
0x00000006;D_ADCVreg2P6V@GPL815P.inc
0x00000008;D_ADCVreg3V@GPL815P.inc
0x0000000A;D_ADCVreg3P2V@GPL815P.inc
0x0000000C;D_ADCVreg3P4V@GPL815P.inc
0x0000000E;D_ADCVregVDD@GPL815P.inc
0x00003371;P_AUDIO_BZ_Ctrl@GPL815P.inc
0x00000001;D_BZSrc@GPL815P.inc
0x00000080;D_BZOn@GPL815P.inc
0x000033D0;P_AUX_DataX@GPL815P.inc
0x000033D1;P_AUX_DataY@GPL815P.inc
0x000033D2;P_AUX_BPPExtend_IN@GPL815P.inc
0x000033D6;P_AUX_DataX_0H@GPL815P.inc
0x000033D7;P_AUX_DataX_0L@GPL815P.inc
0x000033D8;P_AUX_DataY_0H@GPL815P.inc
0x000033D9;P_AUX_DataY_0L@GPL815P.inc
0x000033DA;P_AUX_DataX_H0@GPL815P.inc
0x000033DB;P_AUX_DataX_L0@GPL815P.inc
0x000033DC;P_AUX_DataY_H0@GPL815P.inc
0x000033DD;P_AUX_DataY_L0@GPL815P.inc
0x000033DE;P_AUX_DataX_LH@GPL815P.inc
0x000033DF;P_AUX_DataY_LH@GPL815P.inc
0x000033E0;P_AUX_DataXY_XLYH@GPL815P.inc
0x000033E1;P_AUX_DataXY_YLXH@GPL815P.inc
0x000033E2;P_AUX_DataX_Mirror@GPL815P.inc
0x000033E3;P_AUX_DataY_Mirror@GPL815P.inc
0x000033E4;P_AUX_BPPExtendOut_LB@GPL815P.inc
0x000033E5;P_AUX_BPPExtendOut_HB@GPL815P.inc
0x00003450;P_LCD_Ctrl1@GPL815P.inc
0x00000008;D_DisplayOn@GPL815P.inc
0x00000080;D_LCDEn@GPL815P.inc
0x00003451;P_LCD_Ctrl2@GPL815P.inc
0x0000000F;D_LCDStrobeTimeMask@GPL815P.inc
0x00000010;D_LCDStrobeEn@GPL815P.inc
0x00000020;D_LCDAllOff@GPL815P.inc
0x00000040;D_LCDAllOn@GPL815P.inc
0x00003452;P_LCD_Clock@GPL815P.inc
0x00000000;D_LCDclk32K@GPL815P.inc
0x00000010;D_LCDclk16K@GPL815P.inc
0x00000020;D_LCDclk8K@GPL815P.inc
0x00000030;D_LCDclk4K@GPL815P.inc
0x00003453;P_LCD_SEG_Num@GPL815P.inc
0x00000003;D_32SEG@GPL815P.inc
0x00000005;D_48SEG@GPL815P.inc
0x00003454;P_LCD_COM_Num@GPL815P.inc
0x00000004;D_5COM@GPL815P.inc
0x00000008;D_9COM@GPL815P.inc
0x00003455;P_LCD_FM_Ctrl@GPL815P.inc
0x00000000;D_LCDBType@GPL815P.inc
0x00000080;D_LCDCType@GPL815P.inc
0x00003456;P_LCD_VLCD_Ctrl@GPL815P.inc
0x00003457;P_LCD_PUMP_Ctrl@GPL815P.inc
0x00000000;D_PumpClk2K@GPL815P.inc
0x00000001;D_PumpClk4K@GPL815P.inc
0x00000002;D_PumpClk8K@GPL815P.inc
0x00000003;D_PumpClk16K@GPL815P.inc
0x00000080;D_PumpEn@GPL815P.inc
0x00003458;P_LCD_BIAS_Ctrl@GPL815P.inc
0x00000001;D_LCDBias4@GPL815P.inc
0x00000002;D_LCDBias3@GPL815P.inc
0x00000003;D_LCDBias2@GPL815P.inc
0x00003459;P_LCD_StartAddr_LB@GPL815P.inc
0x00003490;P_PWMIO_Ctrl@GPL815P.inc
0x00000001;D_PWMIO0En@GPL815P.inc
0x00000002;D_PWMIO1En@GPL815P.inc
0x00000004;D_PWMIO2En@GPL815P.inc
0x00000008;D_PWMIO3En@GPL815P.inc
0x00000000;D_PWMClkSysClk@GPL815P.inc
0x00000010;D_PWMClkSysClk8@GPL815P.inc
0x00000020;D_PWMClkSysClk64@GPL815P.inc
0x00000030;D_PWMClk32K@GPL815P.inc
0x00000040;D_PWMClkTM0@GPL815P.inc
0x00000050;D_PWMClkTM1@GPL815P.inc
0x00000060;D_PWMClkRFCTM0@GPL815P.inc
0x00000070;D_PWMClkRFCTM1@GPL815P.inc
0x00003491;P_PWMIO_Sel@GPL815P.inc
0x00003492;P_PWMIO_Timer_Data@GPL815P.inc
0x00003493;P_PWMIO_Timer_Cnt@GPL815P.inc
0x00003494;P_PWMIO_IO0_DUTY@GPL815P.inc
0x00003495;P_PWMIO_IO1_DUTY@GPL815P.inc
0x00003496;P_PWMIO_IO2_DUTY@GPL815P.inc
0x00003497;P_PWMIO_IO3_DUTY@GPL815P.inc
0x000034C1;P_RFC_Ctrl1@GPL815P.inc
0x00000040;D_AutoStop@GPL815P.inc
0x00000010;D_RFCEn@GPL815P.inc
0x00000001;D_RFCStart@GPL815P.inc
0x000034C3;P_RFC_Timer_Ctrl@GPL815P.inc
0x00000001;D_RFCTM0En@GPL815P.inc
0x00000002;D_RFCTM1En@GPL815P.inc
0x0000001C;D_RFCTM0ClkMask@GPL815P.inc
0x00000000;D_RFCTM0ClkStop@GPL815P.inc
0x00000004;D_RFCTM0ClkIO@GPL815P.inc
0x0000000C;D_RFCTM0ClkSysClk@GPL815P.inc
0x00000010;D_RFCTM0ClkSysClk2@GPL815P.inc
0x00000014;D_RFCTM0ClkRFC1@GPL815P.inc
0x00000018;D_RFCTM0ClkRFC2@GPL815P.inc
0x0000001C;D_RFCTM0Clk32K@GPL815P.inc
0x000000E0;D_RFCTM1ClkMask@GPL815P.inc
0x00000000;D_RFCTM1ClkStop@GPL815P.inc
0x00000020;D_RFCTM1ClkSysClk@GPL815P.inc
0x00000040;D_RFCTM1ClkSysClk2@GPL815P.inc
0x00000060;D_RFCTM1ClkSysClk4@GPL815P.inc
0x00000080;D_RFCTM1ClkSysClk8@GPL815P.inc
0x000000A0;D_RFCTM1ClkSysClk16@GPL815P.inc
0x000000C0;D_RFCTM1ClkSysClk32@GPL815P.inc
0x000000E0;D_RFCTM1Clk32K@GPL815P.inc
0x000034C4;P_RFC_Ctrl2@GPL815P.inc
0x00000000;D_RFCCaptureEdgeRising@GPL815P.inc
0x00000004;D_RFCCaptureEdgeFalling@GPL815P.inc
0x00000000;D_RFCCaptureTrigDis@GPL815P.inc
0x00000001;D_RFCCaptureTrigTM0@GPL815P.inc
0x000034C6;P_RFC_TM0Data_LB@GPL815P.inc
0x000034C7;P_RFC_TM0Data_HB@GPL815P.inc
0x000034C8;P_RFC_TM0Cnt_LB@GPL815P.inc
0x000034C9;P_RFC_TM0Cnt_HB@GPL815P.inc
0x000034CA;P_RFC_TM1Data_LB@GPL815P.inc
0x000034CB;P_RFC_TM1Data_HB@GPL815P.inc
0x000034CC;P_RFC_TM1Cnt_LB@GPL815P.inc
0x000034CD;P_RFC_TM1Cnt_HB@GPL815P.inc
0x000034CE;P_RFC_TM1CapData_LB@GPL815P.inc
0x000034CF;P_RFC_TM1CapData_HB@GPL815P.inc
0x00004000;D_Bank0UserRomStartAddr@GPL815P.inc
0x00007FE5;D_Bank0UserRomEndAddr@GPL815P.inc
0x00007FFA;D_NMIandResetVectorStartAddr@GPL815P.inc
0x00007FFD;D_NMIandResetVectorEndAddr@GPL815P.inc
0x00000000;C_Com0MinByteNum@lcd.asm
0x00000006;C_Com1MinByteNum@lcd.asm
0x0000000C;C_Com2MinByteNum@lcd.asm
0x00000012;C_Com3MinByteNum@lcd.asm
0x00000018;C_Com4MinByteNum@lcd.asm
0x0000001E;C_Com5MinByteNum@lcd.asm
0x00000000;lcd@lcd.asm
0x00000080;C_Seg00@lcd.asm
0x00000040;C_Seg01@lcd.asm
0x00000020;C_Seg02@lcd.asm
0x00000010;C_Seg03@lcd.asm
0x00000008;C_Seg04@lcd.asm
0x00000004;C_Seg05@lcd.asm
0x00000002;C_Seg06@lcd.asm
0x00000001;C_Seg07@lcd.asm
0x00000080;C_Seg08@lcd.asm
0x00000040;C_Seg09@lcd.asm
0x00000020;C_Seg10@lcd.asm
0x00000010;C_Seg11@lcd.asm
0x00000008;C_Seg12@lcd.asm
0x00000004;C_Seg13@lcd.asm
0x00000002;C_Seg14@lcd.asm
0x00000001;C_Seg15@lcd.asm
0x00000008;C_Seg16@lcd.asm
0x00000004;C_Seg17@lcd.asm
0x00000002;C_Seg18@lcd.asm
0x00000001;C_Seg19@lcd.asm
0x00000080;C_Seg20@lcd.asm
0x00000040;C_Seg21@lcd.asm
0x00000020;C_Seg22@lcd.asm
0x00000010;C_Seg23@lcd.asm
0x00000008;C_Seg24@lcd.asm
0x00000004;C_Seg25@lcd.asm
0x00000002;C_Seg26@lcd.asm
0x00000001;C_Seg27@lcd.asm
0x00000080;C_Seg28@lcd.asm
0x00000040;C_Seg29@lcd.asm
0x00000020;C_Seg30@lcd.asm
0x00000010;C_Seg31@lcd.asm
0x00000008;C_Seg32@lcd.asm
0x00000004;C_Seg33@lcd.asm
0x00000002;C_Seg34@lcd.asm
0x00000001;C_Seg35@lcd.asm
0x00000080;C_Seg36@lcd.asm
0x00000040;C_Seg37@lcd.asm
0x00000020;C_Seg38@lcd.asm
0x00000010;C_Seg39@lcd.asm
0x00000008;C_Seg40@lcd.asm
0x00000000;com0@lcd.asm
0x00000006;com1@lcd.asm
0x0000000C;com2@lcd.asm
0x00000012;com3@lcd.asm
0x00000018;com4@lcd.asm
0x0000001E;com5@lcd.asm
0x00000000;seg00@lcd.asm
0x00000001;seg01@lcd.asm
0x00000002;seg02@lcd.asm
0x00000003;seg03@lcd.asm
0x00000004;seg04@lcd.asm
0x00000005;seg05@lcd.asm
0x00000006;seg06@lcd.asm
0x00000007;seg07@lcd.asm
0x00000008;seg08@lcd.asm
0x00000009;seg09@lcd.asm
0x0000000A;seg10@lcd.asm
0x0000000B;seg11@lcd.asm
0x0000000C;seg12@lcd.asm
0x0000000D;seg13@lcd.asm
0x0000000E;seg14@lcd.asm
0x0000000F;seg15@lcd.asm
0x00000014;seg16@lcd.asm
0x00000015;seg17@lcd.asm
0x00000016;seg18@lcd.asm
0x00000017;seg19@lcd.asm
0x00000018;seg20@lcd.asm
0x00000019;seg21@lcd.asm
0x0000001A;seg22@lcd.asm
0x0000001B;seg23@lcd.asm
0x0000001C;seg24@lcd.asm
0x0000001D;seg25@lcd.asm
0x0000001E;seg26@lcd.asm
0x0000001F;seg27@lcd.asm
0x00000020;seg28@lcd.asm
0x00000021;seg29@lcd.asm
0x00000022;seg30@lcd.asm
0x00000023;seg31@lcd.asm
0x00000024;seg32@lcd.asm
0x00000025;seg33@lcd.asm
0x00000026;seg34@lcd.asm
0x00000027;seg35@lcd.asm
0x00000028;seg36@lcd.asm
0x00000029;seg37@lcd.asm
0x0000002A;seg38@lcd.asm
0x0000002B;seg39@lcd.asm
0x0000002C;seg40@lcd.asm
0x0000000A;C_NotDispThisDigital@lcd.asm
0x0000F21F;T_SevenSegCharBitMapTab@lcd.asm
0x0000F22E;T_Digital0DispTab@lcd.asm
0x0000F23D;T_Digital0DispTabEnd@lcd.asm
0x0000F23D;T_Digital1DispTab@lcd.asm
0x0000F24C;T_Digital1DispTabEnd@lcd.asm
0x0000F24C;T_Digital2DispTab@lcd.asm
0x0000F25B;T_Digital2DispTabEnd@lcd.asm
0x0000F25B;T_Digital3DispTab@lcd.asm
0x0000F26A;T_Digital3DispTabEnd@lcd.asm
0x0000F26A;T_Digital4DispTab@lcd.asm
0x0000F279;T_Digital4DispTabEnd@lcd.asm
0x0000F279;T_Digital5DispTab@lcd.asm
0x0000F288;T_Digital5DispTabEnd@lcd.asm
0x0000F288;T_Digital6DispTab@lcd.asm
0x0000F297;T_Digital6DispTabEnd@lcd.asm
0x0000F297;T_Digital7DispTab@lcd.asm
0x0000F2A6;T_Digital7DispTabEnd@lcd.asm
0x0000F2A6;T_Digital8DispTab@lcd.asm
0x0000F2B5;T_Digital8DispTabEnd@lcd.asm
0x0000F2B5;T_Digital9DispTab@lcd.asm
0x0000F2C4;T_Digital9DispTabEnd@lcd.asm
0x0000F2C4;T_Digital10DispTab@lcd.asm
0x0000F2D3;T_Digital10DispTabEnd@lcd.asm
0x0000F2D3;T_Digital11DispTab@lcd.asm
0x0000F2E2;T_Digital11DispTabEnd@lcd.asm
0x0000F2E2;T_Digital12DispTab@lcd.asm
0x0000F2F1;T_Digital12DispTabEnd@lcd.asm
0x0000F2F1;T_Digital13DispTab@lcd.asm
0x0000F300;T_Digital13DispTabEnd@lcd.asm
0x0000F300;T_Digital14DispTab@lcd.asm
0x0000F30F;T_Digital14DispTabEnd@lcd.asm
0x0000F30F;T_Digital15DispTab@lcd.asm
0x0000F31E;T_Digital15DispTabEnd@lcd.asm
0x0000F31E;T_Digital16DispTab@lcd.asm
0x0000F32D;T_Digital16DispTabEnd@lcd.asm
0x0000F32D;T_Digital17DispTab@lcd.asm
0x0000F33C;T_Digital17DispTabEnd@lcd.asm
0x0000F33C;T_DigitalnoneDispTab@lcd.asm
0x0000F33D;T_DigitalnoneDispTabEnd@lcd.asm
0x0000F33D;T_60Icon@lcd.asm
0x00000000;T_POINT1@lcd.asm
0x00000002;T_POINT2@lcd.asm
0x00000004;T_POINT3@lcd.asm
0x00000006;T_POINT4@lcd.asm
0x00000008;T_POINT5@lcd.asm
0x0000000A;T_POINT6@lcd.asm
0x0000000C;T_POINT7@lcd.asm
0x0000000E;T_POINT8@lcd.asm
0x00000010;T_POINT9@lcd.asm
0x00000012;T_POINT10@lcd.asm
0x00000014;T_POINT11@lcd.asm
0x00000016;T_POINT12@lcd.asm
0x00000018;T_POINT13@lcd.asm
0x0000001A;T_POINT14@lcd.asm
0x0000001C;T_POINT15@lcd.asm
0x0000001E;T_POINT16@lcd.asm
0x00000020;T_POINT17@lcd.asm
0x00000022;T_POINT18@lcd.asm
0x00000024;T_POINT19@lcd.asm
0x00000026;T_POINT20@lcd.asm
0x00000028;T_POINT21@lcd.asm
0x0000002A;T_POINT22@lcd.asm
0x0000002C;T_POINT23@lcd.asm
0x0000002E;T_POINT24@lcd.asm
0x00000030;T_POINT25@lcd.asm
0x00000032;T_POINT26@lcd.asm
0x00000034;T_POINT27@lcd.asm
0x00000036;T_POINT28@lcd.asm
0x00000038;T_POINT29@lcd.asm
0x0000003A;T_POINT30@lcd.asm
0x0000003C;T_POINT31@lcd.asm
0x0000003E;T_POINT32@lcd.asm
0x00000040;T_POINT33@lcd.asm
0x00000042;T_POINT34@lcd.asm
0x00000044;T_POINT35@lcd.asm
0x00000046;T_POINT36@lcd.asm
0x00000048;T_POINT37@lcd.asm
0x0000004A;T_POINT38@lcd.asm
0x0000004C;T_POINT39@lcd.asm
0x0000004E;T_POINT40@lcd.asm
0x00000050;T_POINT41@lcd.asm
0x00000052;T_POINT42@lcd.asm
0x00000054;T_POINT43@lcd.asm
0x00000056;T_POINT44@lcd.asm
0x00000058;T_POINT45@lcd.asm
0x0000005A;T_POINT46@lcd.asm
0x0000005C;T_POINT47@lcd.asm
0x0000005E;T_POINT48@lcd.asm
0x00000060;T_POINT49@lcd.asm
0x00000062;T_POINT50@lcd.asm
0x00000064;T_POINT51@lcd.asm
0x00000066;T_POINT52@lcd.asm
0x00000068;T_POINT53@lcd.asm
0x0000006A;T_POINT54@lcd.asm
0x0000006C;T_POINT55@lcd.asm
0x0000006E;T_POINT56@lcd.asm
0x00000070;T_POINT57@lcd.asm
0x00000072;T_POINT58@lcd.asm
0x00000074;T_POINT59@lcd.asm
0x00000076;T_POINT60@lcd.asm
0x0000F3B5;T_60IconEnd@lcd.asm
0x0000F3B5;T_12Icon@lcd.asm
0x00000000;T_0_5@lcd.asm
0x00000002;T_5_10@lcd.asm
0x00000004;T_10_15@lcd.asm
0x00000006;T_15_20@lcd.asm
0x00000008;T_20_25@lcd.asm
0x0000000A;T_25_30@lcd.asm
0x0000000C;T_30_35@lcd.asm
0x0000000E;T_35_40@lcd.asm
0x00000010;T_40_45@lcd.asm
0x00000012;T_45_50@lcd.asm
0x00000014;T_50_55@lcd.asm
0x00000016;T_55_60@lcd.asm
0x0000F3CD;T_12IconEnd@lcd.asm
0x0000F3CD;T_Icon@lcd.asm
0x00000000;T_Col@lcd.asm
0x00000002;T_ACol@lcd.asm
0x00000004;T_TCol@lcd.asm
0x00000006;T_Timer@lcd.asm
0x00000008;T_TimerUp@lcd.asm
0x0000000A;T_Alarm1@lcd.asm
0x0000000C;T_Alarm2@lcd.asm
0x0000000E;T_Alarm3@lcd.asm
0x00000010;T_T4@lcd.asm
0x00000012;T_T1@lcd.asm
0x00000014;T_T2@lcd.asm
0x00000016;T_T3@lcd.asm
0x00000018;T_Speak@lcd.asm
0x0000001A;T_Mute@lcd.asm
0x0000001C;T_VoiceL@lcd.asm
0x0000001E;T_VoiceH@lcd.asm
0x00000020;T_Blue@lcd.asm
0x00000022;T_MD@lcd.asm
0x00000024;T_YeH@lcd.asm
0x00000026;T_MON@lcd.asm
0x00000028;T_TUE@lcd.asm
0x0000002A;T_WED@lcd.asm
0x0000002C;T_THU@lcd.asm
0x0000002E;T_FRI@lcd.asm
0x00000030;T_SAT@lcd.asm
0x00000032;T_SUN@lcd.asm
0x00000034;T_MON1@lcd.asm
0x00000036;T_TUE1@lcd.asm
0x00000038;T_WED1@lcd.asm
0x0000003A;T_THU1@lcd.asm
0x0000003C;T_FRI1@lcd.asm
0x0000003E;T_SAT1@lcd.asm
0x00000040;T_SUN1@lcd.asm
0x00000042;T_MON2@lcd.asm
0x00000044;T_TUE2@lcd.asm
0x00000046;T_WED2@lcd.asm
0x00000048;T_THU2@lcd.asm
0x0000004A;T_FRI2@lcd.asm
0x0000004C;T_SAT2@lcd.asm
0x0000004E;T_SUN2@lcd.asm
0x0000F41D;T_IconEnd@lcd.asm
0x0000F41D;T_SevenSegCharPosIndexTab@lcd.asm
0x0000F441;T_SevenSegCharPosIndexTabEnd@lcd.asm
0x0000F441;T_To32Table@lcd.asm
0x00000080;D_Alarm_EN@calendar_user.inc
0x00000000;D_24H@calendar_user.inc
0x00000080;D_12H@calendar_user.inc
0x00000080;D_LeapYear@calendar_user.inc
0x0000003C;C_SnoozeTime1min@keyscan_user.inc
0x00000002;D_Urat_Open@keyscan_user.inc
0x00000004;D_EnableSnooze@keyscan_user.inc
0x00000008;D_ToneDIS@keyscan_user.inc
0x00000010;D_AlarmingStatus@keyscan_user.inc
0x00000020;D_Timering@keyscan_user.inc
0x00000040;D_Alarming@keyscan_user.inc
0x00000080;D_TimerStatus@keyscan_user.inc
0x00000001;AddOthers@keyscan_user.inc
0x00000001;D_SetYear@keyscan_user.inc
0x00000002;D_SetMonth@keyscan_user.inc
0x00000004;D_SetDate@keyscan_user.inc
0x00000008;D_SetHour@keyscan_user.inc
0x00000010;D_SetMinute@keyscan_user.inc
0x00000020;D_SetTimeMax@keyscan_user.inc
0x00000075;_R_AlmTimeFlashSet@keyscan_user.inc
0x00000001;D_SetAlm@keyscan_user.inc
0x00000002;D_SetAlmHour@keyscan_user.inc
0x00000004;D_SetAlmMinute@keyscan_user.inc
0x00000008;D_SetAlmDay@keyscan_user.inc
0x00000010;D_SetAlarmMax@keyscan_user.inc
0x00000076;_R_TimerFlashSet@keyscan_user.inc
0x00000001;D_TimerSet@keyscan_user.inc
0x00000002;D_SetTimerMax@keyscan_user.inc
0x0000006A;_R_CurrentVolume@keyscan_user.inc
0x00000069;_R_CurrentSong@keyscan_user.inc
0x00000071;_R_KeyFlag@keyscan_user.inc
0x00000001;D_EnableFastAdd@keyscan_user.inc
0x00000002;D_LCDOFF@keyscan_user.inc
0x00000004;D_KeyTone@keyscan_user.inc
0x00000008;D_KeyRelDis@keyscan_user.inc
0x00000010;D_UpdateBAT@keyscan_user.inc
0x00000001;D_LowPower@keyscan_user.inc
0x00000002;D_Charge@keyscan_user.inc
0x00000004;D_Full@keyscan_user.inc
0x00000083;_R_TimerFlag@keyscan_user.inc
0x00000001;D_Timerstatus_just@keyscan_user.inc
0x00000002;D_Timerstatus@keyscan_user.inc
0x00000004;TIMER_START_FLAG@keyscan_user.inc
0x00000008;D_TimerSetstatus@keyscan_user.inc
0x00000010;D_Timerstatus_justpause@keyscan_user.inc
0x00000020;D_TimerPausedCountDown@keyscan_user.inc
0x0000006D;_R_SetBack@keyscan_user.inc
0x00000088;_R_VoiceFlag@keyscan_user.inc
0x00000001;D_OpenReady@keyscan_user.inc
0x00000002;D_WakePlay@keyscan_user.inc
0x00000001;D_VOICE_ALARM_CHECK@keyscan_user.inc
0x00000002;D_VOICE_ALARM_SET@keyscan_user.inc
0x00000004;D_VOICE_DATE_SET@keyscan_user.inc
0x00000008;D_VOICE_TIME_SET@keyscan_user.inc
0x00000010;D_VOICE_BEEP@keyscan_user.inc
0x00000020;D_VOICE_TIMER_START@keyscan_user.inc
0x00000040;D_VOICE_TIMER_PAUSE@keyscan_user.inc
0x00000080;D_VOICE_TIMER_CONTINUE@keyscan_user.inc
0x00000001;D_BatLevel1@keyscan_user.inc
0x00000002;D_BatLevel2@keyscan_user.inc
0x00000004;D_BatLevel3@keyscan_user.inc
0x00000037;_R_LcdBuff@lcd.asm
0x0000005B;R_Disp_Temp@lcd.asm
0x0000005C;R_Disp_Index@lcd.asm
0x0000005D;R_LCD32Temp@lcd.asm
0x0000005E;_RB_Lcd_Updata_Flag@lcd.asm
0x00000080;D_LcdtimesetUpdate@lcd.asm
0x00000040;D_LcdUpdate@lcd.asm
0x00000020;D_LcdChangeUpdate@lcd.asm
0x0000005F;_R_flash_Temp@lcd.asm
0x00000060;R_MathTemp@lcd.asm
0x00000061;_RB_Mode_Disp_Status@lcd.asm
0x00000007;D_Mode_DispStatMsk@lcd.asm
0x00000062;RB_Temp_LCD_buffer@lcd.asm
0x00000065;_RB_Setup_LCD_Status@lcd.asm
0x00000000;D_Time_Minute_setup_lcd@lcd.asm
0x00000001;D_Time_Hour_setup_lcd@lcd.asm
0x00000002;D_Date_Year_setup_lcd@lcd.asm
0x00000003;D_Date_Month_setup_lcd@lcd.asm
0x00000004;D_Date_Day_setup_lcd@lcd.asm
0x00000005;D_Alarm_Minute_setup_lcd@lcd.asm
0x00000006;D_Alarm_Hour_setup_lcd@lcd.asm
0x00000066;_RB_Setup_Status@lcd.asm
0x00000080;D_Setting_flag@lcd.asm
0x00000067;_R_POINT@lcd.asm
0x000002C6;_RB_LCD_Display_change@lcd.asm
0x000002C7;RB_Power_3cnt@lcd.asm
0x000002C8;RB_Power_2cnt@lcd.asm
0x000002C9;RB_Power_1cnt@lcd.asm
0x000002CA;RB_Power_0cnt@lcd.asm
0x000002CB;_R_Uart_UI@lcd.asm
0x000002CC;R_TempBuf@lcd.asm
0x000002D2;_R_Electricity@lcd.asm
0x00000001;D_null@lcd.asm
0x00000002;D_one@lcd.asm
0x00000003;D_two@lcd.asm
0x00000004;D_three@lcd.asm
0x000002D3;R_ChargeTickDone@lcd.asm
0x00000005;D_6COM@lcd.asm
0x0000C9B3;TimeFlashSet@lcd.asm
0x0000C9DE;AlmTimeFlashSet@lcd.asm
0x0000C9FD;TimerFlashSet@lcd.asm
0x0000CA08;Update_Disp@lcd.asm
0x0000CA0B;L_NoDisplayTimer@lcd.asm
0x0000CA2F;F_LCDDisplay_Proc@lcd.asm
0x0000CA3C;L_LCDDisplay@lcd.asm
0x0000CA4C;L_SpeakDisp@lcd.asm
0x0000CA52;F_Disp_SpeakIcon@lcd.asm
0x0000CA76;L_MuDisp@lcd.asm
0x0000CAB1;F_DispTime@lcd.asm
0x0000CAC1;F_Battery_Modu1@lcd.asm
0x0000CAC1;F_DispBattery@lcd.asm
0x0000CAD8;F_Disp_LowPower@lcd.asm
0x0000CB10;_F_Disp_Charge@lcd.asm
0x0000CB10;F_Disp_Charge@lcd.asm
0x0000CB98;F_Disp_FullFlashing@lcd.asm
0x0000CBC8;F_Disp_CheckBattery@lcd.asm
0x0000CC0D;F_Time_VU_Modul@lcd.asm
0x0000CC34;L_NoDisplayHour@lcd.asm
0x0000CC3C;L_NoDisplayMinute@lcd.asm
0x0000CC44;F_Week_Modul@lcd.asm
0x0000CCCB;Display_Week@lcd.asm
0x0000CCEE;NoDisplay_Week@lcd.asm
0x0000CD12;F_DATA_Modul@lcd.asm
0x0000CD59;L_NoDisplayYear@lcd.asm
0x0000CD66;L_NoDisplayMonth@lcd.asm
0x0000CD6E;L_NoDisplayDay@lcd.asm
0x0000CD76;F_Alarm_Modul@lcd.asm
0x0000CDF4;F_NoDispAlarmGroup@lcd.asm
0x0000CE03;F_NoDisplayAlmHour@lcd.asm
0x0000CE0B;F_NoDisplayAlmMinute@lcd.asm
0x0000CE13;F_DispAlarmGroup@lcd.asm
0x0000CE57;FindNearestAlarm@lcd.asm
0x0000CE5D;GroupLoop@lcd.asm
0x0000CEFA;F_DisplayAlarmDays@lcd.asm
0x0000CF09;F_DisplayAlarm7Days@lcd.asm
0x0000CF2D;F_DisplayAlarm6Days@lcd.asm
0x0000CF51;F_NoDisplayAlarmDays@lcd.asm
0x0000CF75;F_DisplayAlarm5Days@lcd.asm
0x0000CF99;F_DisplayHLValue@lcd.asm
0x0000CFA8;F_SWatch_Modul@lcd.asm
0x0000D014;F_Hex_To_BCD@lcd.asm
0x0000D014;_F_Hex_To_BCD@lcd.asm
0x0000D031;F_Disp_Digital_1@lcd.asm
0x0000D031;_F_Disp_Digital_1@lcd.asm
0x0000D059;F_DispTheSevenSegChar@lcd.asm
0x0000D071;F_DispByte@lcd.asm
0x0000D091;L_DispByte_1@lcd.asm
0x0000D09D;L_DispByte_1_0@lcd.asm
0x0000D0A5;L_DispByte_1_1@lcd.asm
0x0000D0AB;L_DispByte_1_1_0@lcd.asm
0x0000D0BD;L_DispByte_1_1_1@lcd.asm
0x0000D0CB;L_Not_show_0@lcd.asm
0x0000D0E2;F_32DispFlag@lcd.asm
0x0000D0E2;_F_32DispFlag@lcd.asm
0x0000D18F;F_Not32DispFlag@lcd.asm
0x0000D18F;_F_Not32DispFlag@lcd.asm
0x00000001;C_Bell_duration@KeyScan.asm
0x000000F0;C_Counter_adr1@KeyScan.asm
0x000000F8;C_Counter_adr2@KeyScan.asm
0x00000001;C_time_set_show_time@KeyScan.asm
0x00000028;C_Mode_changeshow_Delay_time@KeyScan.asm
0x00000014;C_Option_Overtime@KeyScan.asm
0x00000012;D_TIME_DATA_key@KeyScan.asm
0x00000024;D_ALARM_key@KeyScan.asm
0x00000022;D_UP_key@KeyScan.asm
0x00000002;D_DOWN_key@KeyScan.asm
0x00000001;GPL815P02Ax@GPL815P.inc
0x00000001;GPL815P_Body_inc@GPL815P.inc
0x00003000;P_System_Ctrl_Base@GPL815P.inc
0x00003080;P_IO_Ctrl_Base@GPL815P.inc
0x000030C0;P_INT_Ctrl_Base@GPL815P.inc
0x00003110;P_TIMER_Ctrl_Base@GPL815P.inc
0x00003150;P_UART_Ctrl_Base@GPL815P.inc
0x00003180;P_SPI_Ctrl_Base@GPL815P.inc
0x00003200;P_SWT_Ctrl_Base@GPL815P.inc
0x00003340;P_ADC_Ctrl_Base@GPL815P.inc
0x00003360;P_I2C_Ctrl_Base@GPL815P.inc
0x00003371;P_Buzzer_Ctrl_Base@GPL815P.inc
0x000033D0;P_AUX_Ctrl_Base@GPL815P.inc
0x00003450;P_LCD_Ctrl_Base@GPL815P.inc
0x00003490;P_PWMIO_Ctrl_Base@GPL815P.inc
0x000034C0;P_RFC_Ctrl_Base@GPL815P.inc
0x00000000;GPL815P04Ax@GPL815P.inc
0x00000000;GPL815P04Ax_16KB@GPL815P.inc
0x00000000;GPL815P04Bx@GPL815P.inc
0x00000000;GPL815P04Bx_15KB@GPL815P.inc
0x00000000;GPL815P03Ax@GPL815P.inc
0x00000000;GPL815P03Bx@GPL815P.inc
0x00000001;GPL815P@GPL815P.inc
0x00003000;P_BANK_Sel@GPL815P.inc
0x00003007;P_CLK_IOSC_Ctrl@GPL815P.inc
0x00000000;D_CPUSysClkDiv1@GPL815P.inc
0x00000001;D_CPUSysClkDiv2@GPL815P.inc
0x00000002;D_CPUSysClkDiv4@GPL815P.inc
0x00000003;D_CPUSysClkDiv8@GPL815P.inc
0x00000000;D_SYS32K@GPL815P.inc
0x00000010;D_SYS2M@GPL815P.inc
0x00000020;D_SYS4M@GPL815P.inc
0x00000030;D_SYS8M@GPL815P.inc
0x00003009;P_SLP_Ctrl@GPL815P.inc
0x0000005A;D_SleepMode@GPL815P.inc
0x000000A5;D_GreenMode@GPL815P.inc
0x0000300A;P_LVD_Ctrl@GPL815P.inc
0x00000080;D_LVDEn@GPL815P.inc
0x00000020;D_LVDStatus@GPL815P.inc
0x00000000;D_LVD2P1V@GPL815P.inc
0x00000001;D_LVD2P4V@GPL815P.inc
0x00000002;D_LVD3P0V@GPL815P.inc
0x00000003;D_LVD3P3V@GPL815P.inc
0x00000003;D_LVDLevelMask@GPL815P.inc
0x0000300B;P_WDT_Clear@GPL815P.inc
0x0000300C;P_RESET_Ctrl@GPL815P.inc
0x00000001;D_LVRResetEn@GPL815P.inc
0x00000002;D_IllegalAddrResetEn@GPL815P.inc
0x00000004;D_SWResetEn@GPL815P.inc
0x00000008;D_WDTResetEn@GPL815P.inc
0x0000300D;P_RESET_Status@GPL815P.inc
0x00000001;D_LVRResetFlag@GPL815P.inc
0x00000002;D_IllegalAddrResetFlag@GPL815P.inc
0x00000004;D_SWResetFlag@GPL815P.inc
0x00000008;D_WDTResetFlag@GPL815P.inc
0x00003080;P_IO_Ctrl1@GPL815P.inc
0x00000000;D_IRDuty2@GPL815P.inc
0x00000002;D_IRDuty3@GPL815P.inc
0x00000004;D_IRDuty4@GPL815P.inc
0x00000006;D_IRDuty5@GPL815P.inc
0x00000008;D_IREn@GPL815P.inc
0x00000010;D_ExtI1Edge@GPL815P.inc
0x00000020;D_ExtI1En@GPL815P.inc
0x00000040;D_ExtI2Edge@GPL815P.inc
0x00000080;D_ExtI2En@GPL815P.inc
0x00003081;P_IO_Ctrl2@GPL815P.inc
0x00000001;D_RFC1En@GPL815P.inc
0x00000002;D_RFC2En@GPL815P.inc
0x00000004;D_RFC1OutEn@GPL815P.inc
0x00000008;D_RFC2OutEn@GPL815P.inc
0x00000040;D_PA32KOutEn@GPL815P.inc
0x00000080;D_PD32KOutEn@GPL815P.inc
0x00003082;P_IO_RFC_Ctrl@GPL815P.inc
0x00000001;D_REF2En@GPL815P.inc
0x00000002;D_SEN2AEn@GPL815P.inc
0x00000008;D_SEN2BEn@GPL815P.inc
0x00000010;D_REF1En@GPL815P.inc
0x00000020;D_SEN1AEn@GPL815P.inc
0x00000080;D_SEN1BEn@GPL815P.inc
0x00003083;P_IO_LCDPORT_Ctrl@GPL815P.inc
0x00000001;D_PCEn@GPL815P.inc
0x00000002;D_PDEn@GPL815P.inc
0x00000004;D_PEEn@GPL815P.inc
0x00000000;D_ShiftSeg0@GPL815P.inc
0x00000010;D_ShiftSeg8@GPL815P.inc
0x00000020;D_ShiftSeg16@GPL815P.inc
0x00000030;D_ShiftSeg24@GPL815P.inc
0x00003084;P_IO_KeyChange_Ctrl1@GPL815P.inc
0x00003085;P_IO_KeyChange_Ctrl2@GPL815P.inc
0x00003086;P_IO_PB_LINEN_Ctrl@GPL815P.inc
0x00003088;P_IO_PortA_Dir@GPL815P.inc
0x00003089;P_IO_PortA_Attrib@GPL815P.inc
0x0000308A;P_IO_PortA_Data@GPL815P.inc
0x0000308B;P_IO_PortA_Buffer@GPL815P.inc
0x0000308C;P_IO_PortA_SMT_En@GPL815P.inc
0x00003090;P_IO_PortB_Dir@GPL815P.inc
0x00003091;P_IO_PortB_Attrib@GPL815P.inc
0x00003092;P_IO_PortB_Data@GPL815P.inc
0x00003093;P_IO_PortB_Buffer@GPL815P.inc
0x00003094;P_IO_PortB_SMT_En@GPL815P.inc
0x00003098;P_IO_PortC_Dir@GPL815P.inc
0x00003099;P_IO_PortC_Attrib@GPL815P.inc
0x0000309A;P_IO_PortC_Data@GPL815P.inc
0x0000309B;P_IO_PortC_Buffer@GPL815P.inc
0x0000309C;P_IO_PortC_SMT_En@GPL815P.inc
0x000030A0;P_IO_PortD_Dir@GPL815P.inc
0x000030A1;P_IO_PortD_Attrib@GPL815P.inc
0x000030A2;P_IO_PortD_Data@GPL815P.inc
0x000030A3;P_IO_PortD_Buffer@GPL815P.inc
0x000030A4;P_IO_PortD_SMT_En@GPL815P.inc
0x000030A8;P_IO_PortE_Dir@GPL815P.inc
0x000030A9;P_IO_PortE_Attrib@GPL815P.inc
0x000030AA;P_IO_PortE_Data@GPL815P.inc
0x000030AB;P_IO_PortE_Buffer@GPL815P.inc
0x000030AC;P_IO_PortE_SMT_En@GPL815P.inc
0x000030B0;P_IO_Ctrl3@GPL815P.inc
0x00000001;D_PFEn@GPL815P.inc
0x00000002;D_PGEn@GPL815P.inc
0x000030B1;P_IO_PortF_Buffer@GPL815P.inc
0x000030B2;P_IO_PortG_Buffer@GPL815P.inc
0x000030C0;P_NMI_Ctrl@GPL815P.inc
0x00000001;D_LVDNMIEn@GPL815P.inc
0x00000002;D_TM1NMIEn@GPL815P.inc
0x00000004;D_TM0NMIEn@GPL815P.inc
0x00000010;D_ILLADRNMIEn@GPL815P.inc
0x000030C1;P_NMI_Status@GPL815P.inc
0x00000001;D_LVDNMIFlag@GPL815P.inc
0x00000002;D_TM1NMIFlag@GPL815P.inc
0x00000004;D_TM0NMIFlag@GPL815P.inc
0x00000010;D_ILLADRNMIFlag@GPL815P.inc
0x000030C2;P_INT_Ctrl1@GPL815P.inc
0x00000001;D_FPIntEn@GPL815P.inc
0x00000002;D_SPIInt_En@GPL815P.inc
0x00000080;D_TM0IntEn@GPL815P.inc
0x000030C3;P_INT_Ctrl2@GPL815P.inc
0x00000001;D_ExtI1IntEn@GPL815P.inc
0x00000002;D_ExtI2IntEn@GPL815P.inc
0x00000004;D_TBLIntEn@GPL815P.inc
0x00000008;D_TBHIntEn@GPL815P.inc
0x00000010;D_KeyIntEn@GPL815P.inc
0x00000020;D_TM1IntEn@GPL815P.inc
0x00000040;D_RFCTM0IntEn@GPL815P.inc
0x00000080;D_RFCTM1IntEn@GPL815P.inc
0x000030C4;P_INT_Ctrl3@GPL815P.inc
0x00000001;D_LVDIntEn@GPL815P.inc
0x00000002;D_ADCIntEn@GPL815P.inc
0x00000004;D_UARTIntEn@GPL815P.inc
0x00000008;D_SWTIntEn@GPL815P.inc
0x00000010;D_I2CIntEn@GPL815P.inc
0x00000020;D_PWMTMIntEn@GPL815P.inc
0x00000040;D_CaptureIntEn@GPL815P.inc
0x000030CA;P_INT_Status1@GPL815P.inc
0x00000001;D_FP_Flag@GPL815P.inc
0x00000002;D_SPI_Flag@GPL815P.inc
0x00000080;D_TM0_Flag@GPL815P.inc
0x000030CB;P_INT_Status2@GPL815P.inc
0x00000001;D_EXT1_Flag@GPL815P.inc
0x00000002;D_EXT2_Flag@GPL815P.inc
0x00000004;D_TBL_Flag@GPL815P.inc
0x00000008;D_TBH_Flag@GPL815P.inc
0x00000010;D_Key_Flag@GPL815P.inc
0x00000020;D_TM1_Flag@GPL815P.inc
0x00000040;D_RFCTM0_Flag@GPL815P.inc
0x00000080;D_RFCTM1_Flag@GPL815P.inc
0x000030CC;P_INT_Status3@GPL815P.inc
0x00000001;D_LVD_Flag@GPL815P.inc
0x00000002;D_ADC_Flag@GPL815P.inc
0x00000004;D_UART_Flag@GPL815P.inc
0x00000008;D_SWT_Flag@GPL815P.inc
0x00000010;D_I2C_Flag@GPL815P.inc
0x00000020;D_PWMTM_Flag@GPL815P.inc
0x00000040;D_Capture_Flag@GPL815P.inc
0x000030D0;P_INT_FP_Clear@GPL815P.inc
0x000030D1;P_INT_SPI_Clear@GPL815P.inc
0x000030D7;P_INT_TM0_Clear@GPL815P.inc
0x000030D8;P_INT_EXT1_Clear@GPL815P.inc
0x000030D9;P_INT_EXT2_Clear@GPL815P.inc
0x000030DA;P_INT_TBL_Clear@GPL815P.inc
0x000030DB;P_INT_TBH_Clear@GPL815P.inc
0x000030DC;P_INT_KEY_Clear@GPL815P.inc
0x000030DD;P_INT_TM1_Clear@GPL815P.inc
0x000030DE;P_INT_RFCTM0_Clear@GPL815P.inc
0x000030DF;P_INT_RFCTM1_Clear@GPL815P.inc
0x000030E0;P_INT_LVD_Clear@GPL815P.inc
0x000030E1;P_INT_ADC_Clear@GPL815P.inc
0x000030E2;P_INT_UART_Clear@GPL815P.inc
0x000030E3;P_INT_SWT_Clear@GPL815P.inc
0x000030E4;P_INT_I2C_Clear@GPL815P.inc
0x000030E5;P_INT_PWMTM_Clear@GPL815P.inc
0x000030E6;P_INT_Capture_Clear@GPL815P.inc
0x000030F0;P_NMI_LVD_Clear@GPL815P.inc
0x000030F1;P_NMI_TM1_Clear@GPL815P.inc
0x000030F2;P_NMI_TM0_Clear@GPL815P.inc
0x000030F4;P_NMI_ILLADDR_Clear@GPL815P.inc
0x00003110;P_TIMER_TimeBase_Ctrl1@GPL815P.inc
0x00000001;D_TBRUN@GPL815P.inc
0x00000010;D_TBRST@GPL815P.inc
0x00003111;P_TIMER_TimeBase_CNT@GPL815P.inc
0x00003112;P_TIMER_TimeBase_Ctrl2@GPL815P.inc
0x00000001;D_1KHzEn@GPL815P.inc
0x00000002;D_512HzEn@GPL815P.inc
0x00000004;D_256HzEn@GPL815P.inc
0x00000008;D_128HzEn@GPL815P.inc
0x00000010;D_32HzEn@GPL815P.inc
0x00000020;D_8HzEn@GPL815P.inc
0x00000040;D_2HzEn@GPL815P.inc
0x00000080;D_1HzEn@GPL815P.inc
0x00003113;P_TIMER_TimeBase_Status@GPL815P.inc
0x00000001;D_1KHz_Flag@GPL815P.inc
0x00000002;D_512Hz_Flag@GPL815P.inc
0x00000004;D_256Hz_Flag@GPL815P.inc
0x00000008;D_128Hz_Flag@GPL815P.inc
0x00000010;D_32Hz_Flag@GPL815P.inc
0x00000020;D_8Hz_Flag@GPL815P.inc
0x00000040;D_2Hz_Flag@GPL815P.inc
0x00000080;D_1Hz_Flag@GPL815P.inc
0x00003114;P_TIMER_EN@GPL815P.inc
0x00000001;D_TM0En@GPL815P.inc
0x00000002;D_TM1En@GPL815P.inc
0x00003115;P_TIMER_Timer_Ctrl@GPL815P.inc
0x00000000;D_TM1stop@GPL815P.inc
0x00000001;D_TM1ClkSysClk@GPL815P.inc
0x00000002;D_TM1Clk32K@GPL815P.inc
0x00000003;D_TM1ClkTM0@GPL815P.inc
0x00000000;D_TM0Stop@GPL815P.inc
0x00000020;D_TM0AClkSysClk@GPL815P.inc
0x00000040;D_TM0AClk32K@GPL815P.inc
0x00000060;D_TM0AClkEXT1@GPL815P.inc
0x00000080;D_TM0AClkEXT2@GPL815P.inc
0x00000000;D_TM0BClkVDD@GPL815P.inc
0x00000008;D_TM0BClkEXT1@GPL815P.inc
0x0000000C;D_TM0BClkEXT2@GPL815P.inc
0x00000010;D_TM0BClk2Hz@GPL815P.inc
0x00000014;D_TM0BClk8Hz@GPL815P.inc
0x00000018;D_TM0BClk32Hz@GPL815P.inc
0x0000001C;D_TM0BClk64Hz@GPL815P.inc
0x00003118;P_TIMER_TM0Data_LB@GPL815P.inc
0x00003119;P_TIMER_TM0Data_HB@GPL815P.inc
0x0000311A;P_TIMER_TM0CntData_LB@GPL815P.inc
0x0000311B;P_TIMER_TM0CntData_HB@GPL815P.inc
0x0000311C;P_TIMER_TM1Data_LB@GPL815P.inc
0x0000311D;P_TIMER_TM1Data_HB@GPL815P.inc
0x0000311E;P_TIMER_TM1CntData_LB@GPL815P.inc
0x0000311F;P_TIMER_TM1CntData_HB@GPL815P.inc
0x00003200;P_SWT_CTRL1@GPL815P.inc
0x00000001;D_SWTRun@GPL815P.inc
0x00000010;D_SWTRst@GPL815P.inc
0x00003201;P_SWT_BCD_CNT@GPL815P.inc
0x00003202;P_SWT_1K_BCD@GPL815P.inc
0x00003203;P_SWT_Ctrl2@GPL815P.inc
0x00000001;D_T1HzEn@GPL815P.inc
0x00000002;D_T10HzEn@GPL815P.inc
0x00000004;D_T100HzEn@GPL815P.inc
0x00000008;D_T1KHzEn@GPL815P.inc
0x00003204;P_SWT_Status@GPL815P.inc
0x00000001;D_T1Hz_Flag@GPL815P.inc
0x00000002;D_T10Hz_Flag@GPL815P.inc
0x00000004;D_T100Hz_Flag@GPL815P.inc
0x00000008;D_T1KHz_Flag@GPL815P.inc
0x00003150;P_UART_Data@GPL815P.inc
0x00003151;P_UART_RX_Status@GPL815P.inc
0x00000001;D_FrameErrorFlag@GPL815P.inc
0x00000002;D_ParityErrorFlag@GPL815P.inc
0x00000004;D_BreakErrorFlag@GPL815P.inc
0x00000008;D_OverrunErrorFlag@GPL815P.inc
0x00003152;P_UART_Ctrl1@GPL815P.inc
0x00000008;D_UARTReset@GPL815P.inc
0x00000010;D_UARTEn@GPL815P.inc
0x00000020;D_UARTRxTimeoutIntEn@GPL815P.inc
0x00000040;D_UARTTxIntEn@GPL815P.inc
0x00000080;D_UARTRxIntEn@GPL815P.inc
0x00003153;P_UART_Ctrl2@GPL815P.inc
0x00000001;D_UARTSendBreak@GPL815P.inc
0x00000002;D_UARTParityEn@GPL815P.inc
0x00000000;D_UARTParityOdd@GPL815P.inc
0x00000004;D_UARTParityEven@GPL815P.inc
0x00000000;D_UARTStopBit1@GPL815P.inc
0x00000008;D_UARTStopBit2@GPL815P.inc
0x00000010;D_UARTFIFOEn@GPL815P.inc
0x00000000;D_UARTDataBit5@GPL815P.inc
0x00000020;D_UARTDataBit6@GPL815P.inc
0x00000040;D_UARTDataBit7@GPL815P.inc
0x00000060;D_UARTDataBit8@GPL815P.inc
0x00003154;P_UART_BaudRate_HB@GPL815P.inc
0x00003155;P_UART_BaudRate_LB@GPL815P.inc
0x00003156;P_UART_Status1@GPL815P.inc
0x00000020;D_RxTimeOutFlag@GPL815P.inc
0x00000040;D_TxIntFlag@GPL815P.inc
0x00000080;D_RxIntFlag@GPL815P.inc
0x00003157;P_UART_Status2@GPL815P.inc
0x00000008;D_UARTBusy@GPL815P.inc
0x00000010;D_UARTRxFIFOEmpty@GPL815P.inc
0x00000020;D_UARTTxFIFOFull@GPL815P.inc
0x00000040;D_UARTRxFIFOFull@GPL815P.inc
0x00000080;D_UARTTxFIFOEmpty@GPL815P.inc
0x0000315A;P_UART_FMD@GPL815P.inc
0x00003340;P_ADC_Ctrl1@GPL815P.inc
0x00000000;D_ADCClkDiv2@GPL815P.inc
0x00000001;D_ADCClkDiv4@GPL815P.inc
0x00000002;D_ADCClkDiv8@GPL815P.inc
0x00000003;D_ADCClkDiv12@GPL815P.inc
0x00000004;D_ADCClkDiv16@GPL815P.inc
0x00000005;D_ADCClkDiv20@GPL815P.inc
0x00000006;D_ADCClkDiv24@GPL815P.inc
0x00000007;D_ADCClkDiv28@GPL815P.inc
0x00000000;D_ADCSHCycle2@GPL815P.inc
0x00000008;D_ADCSHCycle4@GPL815P.inc
0x00000010;D_ADCSHCycle8@GPL815P.inc
0x00000018;D_ADCSHCycle16@GPL815P.inc
0x00000000;D_ADCTrigManual@GPL815P.inc
0x00000020;D_ADCTrigTM0@GPL815P.inc
0x00000040;D_ADCTrigTM1@GPL815P.inc
0x00000080;D_ADCStart@GPL815P.inc
0x00003341;P_ADC_Ctrl2@GPL815P.inc
0x00000000;D_ADCPB0@GPL815P.inc
0x00000001;D_ADCPB1@GPL815P.inc
0x00000002;D_ADCPB2@GPL815P.inc
0x00000003;D_ADCPB3@GPL815P.inc
0x00000004;D_ADCPB4@GPL815P.inc
0x00000005;D_ADCPB5@GPL815P.inc
0x00000006;D_ADCPB6@GPL815P.inc
0x00000007;D_ADCPB7@GPL815P.inc
0x00000008;D_ADCVREG@GPL815P.inc
0x00000009;D_ADCVBAT@GPL815P.inc
0x0000000A;D_ADCDiv5VDD@GPL815P.inc
0x0000000B;D_ADCVSS@GPL815P.inc
0x00000010;D_ADCEn@GPL815P.inc
0x00000020;D_BatteryDetectEn@GPL815P.inc
0x00000040;D_ADCIntEnable@GPL815P.inc
0x00000080;D_ADCStatus@GPL815P.inc
0x00003342;P_ADC_Data_LB@GPL815P.inc
0x00003343;P_ADC_Data_HB@GPL815P.inc
0x00003344;P_ADC_VREF_Ctrl@GPL815P.inc
0x00000001;D_ADCVregEn@GPL815P.inc
0x00000000;D_ADCVreg1P8V@GPL815P.inc
0x00000002;D_ADCVreg2V@GPL815P.inc
0x00000004;D_ADCVreg2P4V@GPL815P.inc
0x00000006;D_ADCVreg2P6V@GPL815P.inc
0x00000008;D_ADCVreg3V@GPL815P.inc
0x0000000A;D_ADCVreg3P2V@GPL815P.inc
0x0000000C;D_ADCVreg3P4V@GPL815P.inc
0x0000000E;D_ADCVregVDD@GPL815P.inc
0x00003371;P_AUDIO_BZ_Ctrl@GPL815P.inc
0x00000001;D_BZSrc@GPL815P.inc
0x00000080;D_BZOn@GPL815P.inc
0x000033D0;P_AUX_DataX@GPL815P.inc
0x000033D1;P_AUX_DataY@GPL815P.inc
0x000033D2;P_AUX_BPPExtend_IN@GPL815P.inc
0x000033D6;P_AUX_DataX_0H@GPL815P.inc
0x000033D7;P_AUX_DataX_0L@GPL815P.inc
0x000033D8;P_AUX_DataY_0H@GPL815P.inc
0x000033D9;P_AUX_DataY_0L@GPL815P.inc
0x000033DA;P_AUX_DataX_H0@GPL815P.inc
0x000033DB;P_AUX_DataX_L0@GPL815P.inc
0x000033DC;P_AUX_DataY_H0@GPL815P.inc
0x000033DD;P_AUX_DataY_L0@GPL815P.inc
0x000033DE;P_AUX_DataX_LH@GPL815P.inc
0x000033DF;P_AUX_DataY_LH@GPL815P.inc
0x000033E0;P_AUX_DataXY_XLYH@GPL815P.inc
0x000033E1;P_AUX_DataXY_YLXH@GPL815P.inc
0x000033E2;P_AUX_DataX_Mirror@GPL815P.inc
0x000033E3;P_AUX_DataY_Mirror@GPL815P.inc
0x000033E4;P_AUX_BPPExtendOut_LB@GPL815P.inc
0x000033E5;P_AUX_BPPExtendOut_HB@GPL815P.inc
0x00003450;P_LCD_Ctrl1@GPL815P.inc
0x00000008;D_DisplayOn@GPL815P.inc
0x00000080;D_LCDEn@GPL815P.inc
0x00003451;P_LCD_Ctrl2@GPL815P.inc
0x0000000F;D_LCDStrobeTimeMask@GPL815P.inc
0x00000010;D_LCDStrobeEn@GPL815P.inc
0x00000020;D_LCDAllOff@GPL815P.inc
0x00000040;D_LCDAllOn@GPL815P.inc
0x00003452;P_LCD_Clock@GPL815P.inc
0x00000000;D_LCDclk32K@GPL815P.inc
0x00000010;D_LCDclk16K@GPL815P.inc
0x00000020;D_LCDclk8K@GPL815P.inc
0x00000030;D_LCDclk4K@GPL815P.inc
0x00003453;P_LCD_SEG_Num@GPL815P.inc
0x00000003;D_32SEG@GPL815P.inc
0x00000005;D_48SEG@GPL815P.inc
0x00003454;P_LCD_COM_Num@GPL815P.inc
0x00000004;D_5COM@GPL815P.inc
0x00000008;D_9COM@GPL815P.inc
0x00003455;P_LCD_FM_Ctrl@GPL815P.inc
0x00000000;D_LCDBType@GPL815P.inc
0x00000080;D_LCDCType@GPL815P.inc
0x00003456;P_LCD_VLCD_Ctrl@GPL815P.inc
0x00003457;P_LCD_PUMP_Ctrl@GPL815P.inc
0x00000000;D_PumpClk2K@GPL815P.inc
0x00000001;D_PumpClk4K@GPL815P.inc
0x00000002;D_PumpClk8K@GPL815P.inc
0x00000003;D_PumpClk16K@GPL815P.inc
0x00000080;D_PumpEn@GPL815P.inc
0x00003458;P_LCD_BIAS_Ctrl@GPL815P.inc
0x00000001;D_LCDBias4@GPL815P.inc
0x00000002;D_LCDBias3@GPL815P.inc
0x00000003;D_LCDBias2@GPL815P.inc
0x00003459;P_LCD_StartAddr_LB@GPL815P.inc
0x00003490;P_PWMIO_Ctrl@GPL815P.inc
0x00000001;D_PWMIO0En@GPL815P.inc
0x00000002;D_PWMIO1En@GPL815P.inc
0x00000004;D_PWMIO2En@GPL815P.inc
0x00000008;D_PWMIO3En@GPL815P.inc
0x00000000;D_PWMClkSysClk@GPL815P.inc
0x00000010;D_PWMClkSysClk8@GPL815P.inc
0x00000020;D_PWMClkSysClk64@GPL815P.inc
0x00000030;D_PWMClk32K@GPL815P.inc
0x00000040;D_PWMClkTM0@GPL815P.inc
0x00000050;D_PWMClkTM1@GPL815P.inc
0x00000060;D_PWMClkRFCTM0@GPL815P.inc
0x00000070;D_PWMClkRFCTM1@GPL815P.inc
0x00003491;P_PWMIO_Sel@GPL815P.inc
0x00003492;P_PWMIO_Timer_Data@GPL815P.inc
0x00003493;P_PWMIO_Timer_Cnt@GPL815P.inc
0x00003494;P_PWMIO_IO0_DUTY@GPL815P.inc
0x00003495;P_PWMIO_IO1_DUTY@GPL815P.inc
0x00003496;P_PWMIO_IO2_DUTY@GPL815P.inc
0x00003497;P_PWMIO_IO3_DUTY@GPL815P.inc
0x000034C1;P_RFC_Ctrl1@GPL815P.inc
0x00000040;D_AutoStop@GPL815P.inc
0x00000010;D_RFCEn@GPL815P.inc
0x00000001;D_RFCStart@GPL815P.inc
0x000034C3;P_RFC_Timer_Ctrl@GPL815P.inc
0x00000001;D_RFCTM0En@GPL815P.inc
0x00000002;D_RFCTM1En@GPL815P.inc
0x0000001C;D_RFCTM0ClkMask@GPL815P.inc
0x00000000;D_RFCTM0ClkStop@GPL815P.inc
0x00000004;D_RFCTM0ClkIO@GPL815P.inc
0x0000000C;D_RFCTM0ClkSysClk@GPL815P.inc
0x00000010;D_RFCTM0ClkSysClk2@GPL815P.inc
0x00000014;D_RFCTM0ClkRFC1@GPL815P.inc
0x00000018;D_RFCTM0ClkRFC2@GPL815P.inc
0x0000001C;D_RFCTM0Clk32K@GPL815P.inc
0x000000E0;D_RFCTM1ClkMask@GPL815P.inc
0x00000000;D_RFCTM1ClkStop@GPL815P.inc
0x00000020;D_RFCTM1ClkSysClk@GPL815P.inc
0x00000040;D_RFCTM1ClkSysClk2@GPL815P.inc
0x00000060;D_RFCTM1ClkSysClk4@GPL815P.inc
0x00000080;D_RFCTM1ClkSysClk8@GPL815P.inc
0x000000A0;D_RFCTM1ClkSysClk16@GPL815P.inc
0x000000C0;D_RFCTM1ClkSysClk32@GPL815P.inc
0x000000E0;D_RFCTM1Clk32K@GPL815P.inc
0x000034C4;P_RFC_Ctrl2@GPL815P.inc
0x00000000;D_RFCCaptureEdgeRising@GPL815P.inc
0x00000004;D_RFCCaptureEdgeFalling@GPL815P.inc
0x00000000;D_RFCCaptureTrigDis@GPL815P.inc
0x00000001;D_RFCCaptureTrigTM0@GPL815P.inc
0x000034C6;P_RFC_TM0Data_LB@GPL815P.inc
0x000034C7;P_RFC_TM0Data_HB@GPL815P.inc
0x000034C8;P_RFC_TM0Cnt_LB@GPL815P.inc
0x000034C9;P_RFC_TM0Cnt_HB@GPL815P.inc
0x000034CA;P_RFC_TM1Data_LB@GPL815P.inc
0x000034CB;P_RFC_TM1Data_HB@GPL815P.inc
0x000034CC;P_RFC_TM1Cnt_LB@GPL815P.inc
0x000034CD;P_RFC_TM1Cnt_HB@GPL815P.inc
0x000034CE;P_RFC_TM1CapData_LB@GPL815P.inc
0x000034CF;P_RFC_TM1CapData_HB@GPL815P.inc
0x00004000;D_Bank0UserRomStartAddr@GPL815P.inc
0x00007FE5;D_Bank0UserRomEndAddr@GPL815P.inc
0x00007FFA;D_NMIandResetVectorStartAddr@GPL815P.inc
0x00007FFD;D_NMIandResetVectorEndAddr@GPL815P.inc
0x00000080;D_LcdtimesetUpdate@lcd_user.inc
0x00000040;D_LcdUpdate@lcd_user.inc
0x00000020;D_LcdChangeUpdate@lcd_user.inc
0x00000000;D_Time_Minute_setup_lcd@lcd_user.inc
0x00000001;D_Time_Hour_setup_lcd@lcd_user.inc
0x00000002;D_Date_Year_setup_lcd@lcd_user.inc
0x00000003;D_Date_Month_setup_lcd@lcd_user.inc
0x00000004;D_Date_Day_setup_lcd@lcd_user.inc
0x00000005;D_Alarm_Minute_setup_lcd@lcd_user.inc
0x00000006;D_Alarm_Hour_setup_lcd@lcd_user.inc
0x00000080;D_Setting_flag@lcd_user.inc
0x0000003C;D_UI_Time@lcd_user.inc
0x00000080;D_Alarm_EN@calendar_user.inc
0x00000000;D_24H@calendar_user.inc
0x00000080;D_12H@calendar_user.inc
0x00000080;D_LeapYear@calendar_user.inc
0x00000001;D_Bit0@Macro.inc
0x00000002;D_Bit1@Macro.inc
0x00000004;D_Bit2@Macro.inc
0x00000008;D_Bit3@Macro.inc
0x00000010;D_Bit4@Macro.inc
0x00000020;D_Bit5@Macro.inc
0x00000040;D_Bit6@Macro.inc
0x00000080;D_Bit7@Macro.inc
0x00000068;_R_DebounceCnt@KeyScan.asm
0x00000004;C_KeyDebounce@KeyScan.asm
0x00000069;_R_CurrentSong@KeyScan.asm
0x0000006A;_R_CurrentVolume@KeyScan.asm
0x0000006B;_R_BacklightTimer@KeyScan.asm
0x0000000A;C_BacklightTime@KeyScan.asm
0x0000006C;_SetVolumeAndPlayAlarm1_flag@KeyScan.asm
0x0000006D;_R_SetBack@KeyScan.asm
0x0000000A;C_SleepSec@KeyScan.asm
0x0000006E;_R_KeyValue@KeyScan.asm
0x0000006F;_R_KeyTemp@KeyScan.asm
0x00000070;R_OldKeyValue@KeyScan.asm
0x00000070;_R_OldKeyValue@KeyScan.asm
0x00000002;D_AlarmKey@KeyScan.asm
0x00000004;D_TimerKey@KeyScan.asm
0x00000008;D_UpKey@KeyScan.asm
0x00000010;D_DownKey@KeyScan.asm
0x00000020;D_TimeKey@KeyScan.asm
0x00000040;D_PowerKey@KeyScan.asm
0x00000071;_R_KeyFlag@KeyScan.asm
0x00000001;D_EnableFastAdd@KeyScan.asm
0x00000002;D_LCDOFF@KeyScan.asm
0x00000004;D_KeyTone@KeyScan.asm
0x00000008;D_KeyRelDis@KeyScan.asm
0x00000010;D_UpdateBAT@KeyScan.asm
0x00000072;_R_LongKeyTime@KeyScan.asm
0x000000FF;C_LongKey2Sec@KeyScan.asm
0x00000010;C_FastAdd@KeyScan.asm
0x00000001;AddOthers@KeyScan.asm
0x00000073;_R_OtherFlag@KeyScan.asm
0x00000002;D_Urat_Open@KeyScan.asm
0x00000004;D_EnableSnooze@KeyScan.asm
0x00000008;D_ToneDIS@KeyScan.asm
0x00000010;D_AlarmingStatus@KeyScan.asm
0x00000020;D_Timering@KeyScan.asm
0x00000040;D_Alarming@KeyScan.asm
0x00000080;D_TimeringStatus@KeyScan.asm
0x00000074;_R_TimeFlashSet@KeyScan.asm
0x00000001;D_SetYear@KeyScan.asm
0x00000002;D_SetMonth@KeyScan.asm
0x00000004;D_SetDate@KeyScan.asm
0x00000008;D_SetHour@KeyScan.asm
0x00000010;D_SetMinute@KeyScan.asm
0x00000020;D_SetTimeMax@KeyScan.asm
0x00000075;_R_AlmTimeFlashSet@KeyScan.asm
0x00000001;D_SetAlm@KeyScan.asm
0x00000002;D_SetAlmHour@KeyScan.asm
0x00000004;D_SetAlmMinute@KeyScan.asm
0x00000008;D_SetAlmDay@KeyScan.asm
0x00000010;D_SetAlarmMax@KeyScan.asm
0x00000076;_R_TimerFlashSet@KeyScan.asm
0x00000001;D_TimerSet@KeyScan.asm
0x00000002;D_SetTimerMax@KeyScan.asm
0x00000077;_R_SleepTime@KeyScan.asm
0x00000078;_R_SnoozeTime@KeyScan.asm
0x0000003C;C_SnoozeTime1min@KeyScan.asm
0x00000079;L_TempBit@KeyScan.asm
0x0000007A;R_CodeValue@KeyScan.asm
0x0000007B;R_CodeTemp@KeyScan.asm
0x0000007C;_R_CodeIOValue@KeyScan.asm
0x0000007D;R_FirstValue@KeyScan.asm
0x0000007E;R_SecondValue@KeyScan.asm
0x0000007F;_R_CodeDebounce@KeyScan.asm
0x00000080;R_SaveFirst@KeyScan.asm
0x00000081;R_OverTime@KeyScan.asm
0x00000082;R_CodeFlag@KeyScan.asm
0x00000001;D_GetCodeKey@KeyScan.asm
0x00000002;D_GetCodeFirst@KeyScan.asm
0x00000083;_R_TimerFlag@KeyScan.asm
0x00000001;D_Timerstatus_just@KeyScan.asm
0x00000002;D_Timerstatus@KeyScan.asm
0x00000004;TIMER_START_FLAG@KeyScan.asm
0x00000008;D_TimerSetstatus@KeyScan.asm
0x00000010;D_Timerstatus_justpause@KeyScan.asm
0x00000020;D_TimerPausedCountDown@KeyScan.asm
0x00000084;_R_DelayTemp@KeyScan.asm
0x00000085;_R_Charge@KeyScan.asm
0x00000001;D_LowPower@KeyScan.asm
0x00000002;D_Charge@KeyScan.asm
0x00000004;D_Full@KeyScan.asm
0x00000086;_R_LVDStatus@KeyScan.asm
0x00000001;D_BatLevel1@KeyScan.asm
0x00000002;D_BatLevel2@KeyScan.asm
0x00000004;D_BatLevel3@KeyScan.asm
0x00000087;R_DetCnt@KeyScan.asm
0x00000088;_R_VoiceFlag@KeyScan.asm
0x00000001;D_OpenReady@KeyScan.asm
0x00000002;D_WakePlay@KeyScan.asm
0x00000089;_R_DelayOpen@KeyScan.asm
0x0000008A;_R_VoiceReq@KeyScan.asm
0x0000008B;R_AlarmViewFlag@KeyScan.asm
0x0000008B;_R_AlarmViewFlag@KeyScan.asm
0x00000001;D_AlarmView_Played@KeyScan.asm
0x0000008C;_R_Uart_OpenTime@KeyScan.asm
0x00000001;D_VOICE_ALARM_CHECK@KeyScan.asm
0x00000002;D_VOICE_ALARM_SET@KeyScan.asm
0x00000004;D_VOICE_DATE_SET@KeyScan.asm
0x00000008;D_VOICE_TIME_SET@KeyScan.asm
0x00000010;D_VOICE_BEEP@KeyScan.asm
0x00000020;D_VOICE_TIMER_START@KeyScan.asm
0x00000040;D_VOICE_TIMER_PAUSE@KeyScan.asm
0x00000080;D_VOICE_TIMER_CONTINUE@KeyScan.asm
0x0000F4FC;Enable_NewKey@KeyScan.asm
0x0000F531;Enable_BackLEDKey@KeyScan.asm
0x0000F561;Hold_Key@KeyScan.asm
0x0000F617;Enable_LongPowerKey@KeyScan.asm
0x0000F6A3;Enable_TimeKey@KeyScan.asm
0x0000F6E5;Enable_AlarmKey@KeyScan.asm
0x0000F76F;Enable_TimerKey@KeyScan.asm
0x0000F841;F_UpdateKey@KeyScan.asm
0x0000F847;F_UpdateKey2@KeyScan.asm
0x0000F852;Enable_UpKey@KeyScan.asm
0x0000F8B2;L_UP_12_24_setup@KeyScan.asm
0x0000F8B9;L_UP_Time_Hour_setup@KeyScan.asm
0x0000F8C8;L_UP_Time_Minute_setup@KeyScan.asm
0x0000F8D9;L_Dateminu_show@KeyScan.asm
0x0000F8DA;L_UP_Date_Year_setup@KeyScan.asm
0x0000F8E9;L_Calc_week_up_lcd_show@KeyScan.asm
0x0000F8E9;L_Calc_week_up@KeyScan.asm
0x0000F8F0;L_UP_Date_Month_setup@KeyScan.asm
0x0000F8FF;L_UP_Date_Day_setup@KeyScan.asm
0x0000F916;L_Calc_week_up_head@KeyScan.asm
0x0000F927;L_UP_AlarmFlog_set@KeyScan.asm
0x0000F931;L_UP_Alarm_Hour_setup@KeyScan.asm
0x0000F962;L_UP_Alarm_Minute_setup@KeyScan.asm
0x0000F993;L_UP_Alarm_Day_setup@KeyScan.asm
0x0000F9A3;L_UP_Timer_setup@KeyScan.asm
0x0000F9C6;Enable_DownKey@KeyScan.asm
0x0000FA30;L_Down_Time_Hour_setup@KeyScan.asm
0x0000FA3D;L_Down_Time_Minute_setup@KeyScan.asm
0x0000FA4D;L_Down_Date_Year_setup@KeyScan.asm
0x0000FA5D;L_Calc_week@KeyScan.asm
0x0000FA64;L_Down_Date_Month_setup@KeyScan.asm
0x0000FA74;F_GetMonthDays@KeyScan.asm
0x0000FA88;L_Down_Date_Day_setup@KeyScan.asm
0x0000FA98;L_Down_Alarm_Hour_setup@KeyScan.asm
0x0000FAC7;L_Down_Alarm_Minute_setup@KeyScan.asm
0x0000FAF6;L_Down_Alarm_Day_setup@KeyScan.asm
0x0000FB04;L_Down_Timer_setup@KeyScan.asm
0x0000FB2D;T_key_Month_Table@KeyScan.asm
0x0000C179;kBacklightBrightness@Timer.c
0x0000C17D;kBacklightSleepBrightness@Timer.c
0x0000EDE2;__xinit_R_BacklightLevel@Timer.c
0x0000EDE3;__xinit_R_CurrentBrightness@Timer.c
0x0000EDE4;__xinit_g_current_volume@UART.c
0x0000EDE5;__xinit_g_play_mode@UART.c
0x0000EDE6;__xinit_g_voice_play_status@UART.c
0x00000001;GPL815P02Ax@GPL815P.inc
0x00000001;GPL815P_Body_inc@GPL815P.inc
0x00003000;P_System_Ctrl_Base@GPL815P.inc
0x00003080;P_IO_Ctrl_Base@GPL815P.inc
0x000030C0;P_INT_Ctrl_Base@GPL815P.inc
0x00003110;P_TIMER_Ctrl_Base@GPL815P.inc
0x00003150;P_UART_Ctrl_Base@GPL815P.inc
0x00003180;P_SPI_Ctrl_Base@GPL815P.inc
0x00003200;P_SWT_Ctrl_Base@GPL815P.inc
0x00003340;P_ADC_Ctrl_Base@GPL815P.inc
0x00003360;P_I2C_Ctrl_Base@GPL815P.inc
0x00003371;P_Buzzer_Ctrl_Base@GPL815P.inc
0x000033D0;P_AUX_Ctrl_Base@GPL815P.inc
0x00003450;P_LCD_Ctrl_Base@GPL815P.inc
0x00003490;P_PWMIO_Ctrl_Base@GPL815P.inc
0x000034C0;P_RFC_Ctrl_Base@GPL815P.inc
0x00000000;GPL815P04Ax@GPL815P.inc
0x00000000;GPL815P04Ax_16KB@GPL815P.inc
0x00000000;GPL815P04Bx@GPL815P.inc
0x00000000;GPL815P04Bx_15KB@GPL815P.inc
0x00000000;GPL815P03Ax@GPL815P.inc
0x00000000;GPL815P03Bx@GPL815P.inc
0x00000001;GPL815P@GPL815P.inc
0x00003000;P_BANK_Sel@GPL815P.inc
0x00003007;P_CLK_IOSC_Ctrl@GPL815P.inc
0x00000000;D_CPUSysClkDiv1@GPL815P.inc
0x00000001;D_CPUSysClkDiv2@GPL815P.inc
0x00000002;D_CPUSysClkDiv4@GPL815P.inc
0x00000003;D_CPUSysClkDiv8@GPL815P.inc
0x00000000;D_SYS32K@GPL815P.inc
0x00000010;D_SYS2M@GPL815P.inc
0x00000020;D_SYS4M@GPL815P.inc
0x00000030;D_SYS8M@GPL815P.inc
0x00003009;P_SLP_Ctrl@GPL815P.inc
0x0000005A;D_SleepMode@GPL815P.inc
0x000000A5;D_GreenMode@GPL815P.inc
0x0000300A;P_LVD_Ctrl@GPL815P.inc
0x00000080;D_LVDEn@GPL815P.inc
0x00000020;D_LVDStatus@GPL815P.inc
0x00000000;D_LVD2P1V@GPL815P.inc
0x00000001;D_LVD2P4V@GPL815P.inc
0x00000002;D_LVD3P0V@GPL815P.inc
0x00000003;D_LVD3P3V@GPL815P.inc
0x00000003;D_LVDLevelMask@GPL815P.inc
0x0000300B;P_WDT_Clear@GPL815P.inc
0x0000300C;P_RESET_Ctrl@GPL815P.inc
0x00000001;D_LVRResetEn@GPL815P.inc
0x00000002;D_IllegalAddrResetEn@GPL815P.inc
0x00000004;D_SWResetEn@GPL815P.inc
0x00000008;D_WDTResetEn@GPL815P.inc
0x0000300D;P_RESET_Status@GPL815P.inc
0x00000001;D_LVRResetFlag@GPL815P.inc
0x00000002;D_IllegalAddrResetFlag@GPL815P.inc
0x00000004;D_SWResetFlag@GPL815P.inc
0x00000008;D_WDTResetFlag@GPL815P.inc
0x00003080;P_IO_Ctrl1@GPL815P.inc
0x00000000;D_IRDuty2@GPL815P.inc
0x00000002;D_IRDuty3@GPL815P.inc
0x00000004;D_IRDuty4@GPL815P.inc
0x00000006;D_IRDuty5@GPL815P.inc
0x00000008;D_IREn@GPL815P.inc
0x00000010;D_ExtI1Edge@GPL815P.inc
0x00000020;D_ExtI1En@GPL815P.inc
0x00000040;D_ExtI2Edge@GPL815P.inc
0x00000080;D_ExtI2En@GPL815P.inc
0x00003081;P_IO_Ctrl2@GPL815P.inc
0x00000001;D_RFC1En@GPL815P.inc
0x00000002;D_RFC2En@GPL815P.inc
0x00000004;D_RFC1OutEn@GPL815P.inc
0x00000008;D_RFC2OutEn@GPL815P.inc
0x00000040;D_PA32KOutEn@GPL815P.inc
0x00000080;D_PD32KOutEn@GPL815P.inc
0x00003082;P_IO_RFC_Ctrl@GPL815P.inc
0x00000001;D_REF2En@GPL815P.inc
0x00000002;D_SEN2AEn@GPL815P.inc
0x00000008;D_SEN2BEn@GPL815P.inc
0x00000010;D_REF1En@GPL815P.inc
0x00000020;D_SEN1AEn@GPL815P.inc
0x00000080;D_SEN1BEn@GPL815P.inc
0x00003083;P_IO_LCDPORT_Ctrl@GPL815P.inc
0x00000001;D_PCEn@GPL815P.inc
0x00000002;D_PDEn@GPL815P.inc
0x00000004;D_PEEn@GPL815P.inc
0x00000000;D_ShiftSeg0@GPL815P.inc
0x00000010;D_ShiftSeg8@GPL815P.inc
0x00000020;D_ShiftSeg16@GPL815P.inc
0x00000030;D_ShiftSeg24@GPL815P.inc
0x00003084;P_IO_KeyChange_Ctrl1@GPL815P.inc
0x00003085;P_IO_KeyChange_Ctrl2@GPL815P.inc
0x00003086;P_IO_PB_LINEN_Ctrl@GPL815P.inc
0x00003088;P_IO_PortA_Dir@GPL815P.inc
0x00003089;P_IO_PortA_Attrib@GPL815P.inc
0x0000308A;P_IO_PortA_Data@GPL815P.inc
0x0000308B;P_IO_PortA_Buffer@GPL815P.inc
0x0000308C;P_IO_PortA_SMT_En@GPL815P.inc
0x00003090;P_IO_PortB_Dir@GPL815P.inc
0x00003091;P_IO_PortB_Attrib@GPL815P.inc
0x00003092;P_IO_PortB_Data@GPL815P.inc
0x00003093;P_IO_PortB_Buffer@GPL815P.inc
0x00003094;P_IO_PortB_SMT_En@GPL815P.inc
0x00003098;P_IO_PortC_Dir@GPL815P.inc
0x00003099;P_IO_PortC_Attrib@GPL815P.inc
0x0000309A;P_IO_PortC_Data@GPL815P.inc
0x0000309B;P_IO_PortC_Buffer@GPL815P.inc
0x0000309C;P_IO_PortC_SMT_En@GPL815P.inc
0x000030A0;P_IO_PortD_Dir@GPL815P.inc
0x000030A1;P_IO_PortD_Attrib@GPL815P.inc
0x000030A2;P_IO_PortD_Data@GPL815P.inc
0x000030A3;P_IO_PortD_Buffer@GPL815P.inc
0x000030A4;P_IO_PortD_SMT_En@GPL815P.inc
0x000030A8;P_IO_PortE_Dir@GPL815P.inc
0x000030A9;P_IO_PortE_Attrib@GPL815P.inc
0x000030AA;P_IO_PortE_Data@GPL815P.inc
0x000030AB;P_IO_PortE_Buffer@GPL815P.inc
0x000030AC;P_IO_PortE_SMT_En@GPL815P.inc
0x000030B0;P_IO_Ctrl3@GPL815P.inc
0x00000001;D_PFEn@GPL815P.inc
0x00000002;D_PGEn@GPL815P.inc
0x000030B1;P_IO_PortF_Buffer@GPL815P.inc
0x000030B2;P_IO_PortG_Buffer@GPL815P.inc
0x000030C0;P_NMI_Ctrl@GPL815P.inc
0x00000001;D_LVDNMIEn@GPL815P.inc
0x00000002;D_TM1NMIEn@GPL815P.inc
0x00000004;D_TM0NMIEn@GPL815P.inc
0x00000010;D_ILLADRNMIEn@GPL815P.inc
0x000030C1;P_NMI_Status@GPL815P.inc
0x00000001;D_LVDNMIFlag@GPL815P.inc
0x00000002;D_TM1NMIFlag@GPL815P.inc
0x00000004;D_TM0NMIFlag@GPL815P.inc
0x00000010;D_ILLADRNMIFlag@GPL815P.inc
0x000030C2;P_INT_Ctrl1@GPL815P.inc
0x00000001;D_FPIntEn@GPL815P.inc
0x00000002;D_SPIInt_En@GPL815P.inc
0x00000080;D_TM0IntEn@GPL815P.inc
0x000030C3;P_INT_Ctrl2@GPL815P.inc
0x00000001;D_ExtI1IntEn@GPL815P.inc
0x00000002;D_ExtI2IntEn@GPL815P.inc
0x00000004;D_TBLIntEn@GPL815P.inc
0x00000008;D_TBHIntEn@GPL815P.inc
0x00000010;D_KeyIntEn@GPL815P.inc
0x00000020;D_TM1IntEn@GPL815P.inc
0x00000040;D_RFCTM0IntEn@GPL815P.inc
0x00000080;D_RFCTM1IntEn@GPL815P.inc
0x000030C4;P_INT_Ctrl3@GPL815P.inc
0x00000001;D_LVDIntEn@GPL815P.inc
0x00000002;D_ADCIntEn@GPL815P.inc
0x00000004;D_UARTIntEn@GPL815P.inc
0x00000008;D_SWTIntEn@GPL815P.inc
0x00000010;D_I2CIntEn@GPL815P.inc
0x00000020;D_PWMTMIntEn@GPL815P.inc
0x00000040;D_CaptureIntEn@GPL815P.inc
0x000030CA;P_INT_Status1@GPL815P.inc
0x00000001;D_FP_Flag@GPL815P.inc
0x00000002;D_SPI_Flag@GPL815P.inc
0x00000080;D_TM0_Flag@GPL815P.inc
0x000030CB;P_INT_Status2@GPL815P.inc
0x00000001;D_EXT1_Flag@GPL815P.inc
0x00000002;D_EXT2_Flag@GPL815P.inc
0x00000004;D_TBL_Flag@GPL815P.inc
0x00000008;D_TBH_Flag@GPL815P.inc
0x00000010;D_Key_Flag@GPL815P.inc
0x00000020;D_TM1_Flag@GPL815P.inc
0x00000040;D_RFCTM0_Flag@GPL815P.inc
0x00000080;D_RFCTM1_Flag@GPL815P.inc
0x000030CC;P_INT_Status3@GPL815P.inc
0x00000001;D_LVD_Flag@GPL815P.inc
0x00000002;D_ADC_Flag@GPL815P.inc
0x00000004;D_UART_Flag@GPL815P.inc
0x00000008;D_SWT_Flag@GPL815P.inc
0x00000010;D_I2C_Flag@GPL815P.inc
0x00000020;D_PWMTM_Flag@GPL815P.inc
0x00000040;D_Capture_Flag@GPL815P.inc
0x000030D0;P_INT_FP_Clear@GPL815P.inc
0x000030D1;P_INT_SPI_Clear@GPL815P.inc
0x000030D7;P_INT_TM0_Clear@GPL815P.inc
0x000030D8;P_INT_EXT1_Clear@GPL815P.inc
0x000030D9;P_INT_EXT2_Clear@GPL815P.inc
0x000030DA;P_INT_TBL_Clear@GPL815P.inc
0x000030DB;P_INT_TBH_Clear@GPL815P.inc
0x000030DC;P_INT_KEY_Clear@GPL815P.inc
0x000030DD;P_INT_TM1_Clear@GPL815P.inc
0x000030DE;P_INT_RFCTM0_Clear@GPL815P.inc
0x000030DF;P_INT_RFCTM1_Clear@GPL815P.inc
0x000030E0;P_INT_LVD_Clear@GPL815P.inc
0x000030E1;P_INT_ADC_Clear@GPL815P.inc
0x000030E2;P_INT_UART_Clear@GPL815P.inc
0x000030E3;P_INT_SWT_Clear@GPL815P.inc
0x000030E4;P_INT_I2C_Clear@GPL815P.inc
0x000030E5;P_INT_PWMTM_Clear@GPL815P.inc
0x000030E6;P_INT_Capture_Clear@GPL815P.inc
0x000030F0;P_NMI_LVD_Clear@GPL815P.inc
0x000030F1;P_NMI_TM1_Clear@GPL815P.inc
0x000030F2;P_NMI_TM0_Clear@GPL815P.inc
0x000030F4;P_NMI_ILLADDR_Clear@GPL815P.inc
0x00003110;P_TIMER_TimeBase_Ctrl1@GPL815P.inc
0x00000001;D_TBRUN@GPL815P.inc
0x00000010;D_TBRST@GPL815P.inc
0x00003111;P_TIMER_TimeBase_CNT@GPL815P.inc
0x00003112;P_TIMER_TimeBase_Ctrl2@GPL815P.inc
0x00000001;D_1KHzEn@GPL815P.inc
0x00000002;D_512HzEn@GPL815P.inc
0x00000004;D_256HzEn@GPL815P.inc
0x00000008;D_128HzEn@GPL815P.inc
0x00000010;D_32HzEn@GPL815P.inc
0x00000020;D_8HzEn@GPL815P.inc
0x00000040;D_2HzEn@GPL815P.inc
0x00000080;D_1HzEn@GPL815P.inc
0x00003113;P_TIMER_TimeBase_Status@GPL815P.inc
0x00000001;D_1KHz_Flag@GPL815P.inc
0x00000002;D_512Hz_Flag@GPL815P.inc
0x00000004;D_256Hz_Flag@GPL815P.inc
0x00000008;D_128Hz_Flag@GPL815P.inc
0x00000010;D_32Hz_Flag@GPL815P.inc
0x00000020;D_8Hz_Flag@GPL815P.inc
0x00000040;D_2Hz_Flag@GPL815P.inc
0x00000080;D_1Hz_Flag@GPL815P.inc
0x00003114;P_TIMER_EN@GPL815P.inc
0x00000001;D_TM0En@GPL815P.inc
0x00000002;D_TM1En@GPL815P.inc
0x00003115;P_TIMER_Timer_Ctrl@GPL815P.inc
0x00000000;D_TM1stop@GPL815P.inc
0x00000001;D_TM1ClkSysClk@GPL815P.inc
0x00000002;D_TM1Clk32K@GPL815P.inc
0x00000003;D_TM1ClkTM0@GPL815P.inc
0x00000000;D_TM0Stop@GPL815P.inc
0x00000020;D_TM0AClkSysClk@GPL815P.inc
0x00000040;D_TM0AClk32K@GPL815P.inc
0x00000060;D_TM0AClkEXT1@GPL815P.inc
0x00000080;D_TM0AClkEXT2@GPL815P.inc
0x00000000;D_TM0BClkVDD@GPL815P.inc
0x00000008;D_TM0BClkEXT1@GPL815P.inc
0x0000000C;D_TM0BClkEXT2@GPL815P.inc
0x00000010;D_TM0BClk2Hz@GPL815P.inc
0x00000014;D_TM0BClk8Hz@GPL815P.inc
0x00000018;D_TM0BClk32Hz@GPL815P.inc
0x0000001C;D_TM0BClk64Hz@GPL815P.inc
0x00003118;P_TIMER_TM0Data_LB@GPL815P.inc
0x00003119;P_TIMER_TM0Data_HB@GPL815P.inc
0x0000311A;P_TIMER_TM0CntData_LB@GPL815P.inc
0x0000311B;P_TIMER_TM0CntData_HB@GPL815P.inc
0x0000311C;P_TIMER_TM1Data_LB@GPL815P.inc
0x0000311D;P_TIMER_TM1Data_HB@GPL815P.inc
0x0000311E;P_TIMER_TM1CntData_LB@GPL815P.inc
0x0000311F;P_TIMER_TM1CntData_HB@GPL815P.inc
0x00003200;P_SWT_CTRL1@GPL815P.inc
0x00000001;D_SWTRun@GPL815P.inc
0x00000010;D_SWTRst@GPL815P.inc
0x00003201;P_SWT_BCD_CNT@GPL815P.inc
0x00003202;P_SWT_1K_BCD@GPL815P.inc
0x00003203;P_SWT_Ctrl2@GPL815P.inc
0x00000001;D_T1HzEn@GPL815P.inc
0x00000002;D_T10HzEn@GPL815P.inc
0x00000004;D_T100HzEn@GPL815P.inc
0x00000008;D_T1KHzEn@GPL815P.inc
0x00003204;P_SWT_Status@GPL815P.inc
0x00000001;D_T1Hz_Flag@GPL815P.inc
0x00000002;D_T10Hz_Flag@GPL815P.inc
0x00000004;D_T100Hz_Flag@GPL815P.inc
0x00000008;D_T1KHz_Flag@GPL815P.inc
0x00003150;P_UART_Data@GPL815P.inc
0x00003151;P_UART_RX_Status@GPL815P.inc
0x00000001;D_FrameErrorFlag@GPL815P.inc
0x00000002;D_ParityErrorFlag@GPL815P.inc
0x00000004;D_BreakErrorFlag@GPL815P.inc
0x00000008;D_OverrunErrorFlag@GPL815P.inc
0x00003152;P_UART_Ctrl1@GPL815P.inc
0x00000008;D_UARTReset@GPL815P.inc
0x00000010;D_UARTEn@GPL815P.inc
0x00000020;D_UARTRxTimeoutIntEn@GPL815P.inc
0x00000040;D_UARTTxIntEn@GPL815P.inc
0x00000080;D_UARTRxIntEn@GPL815P.inc
0x00003153;P_UART_Ctrl2@GPL815P.inc
0x00000001;D_UARTSendBreak@GPL815P.inc
0x00000002;D_UARTParityEn@GPL815P.inc
0x00000000;D_UARTParityOdd@GPL815P.inc
0x00000004;D_UARTParityEven@GPL815P.inc
0x00000000;D_UARTStopBit1@GPL815P.inc
0x00000008;D_UARTStopBit2@GPL815P.inc
0x00000010;D_UARTFIFOEn@GPL815P.inc
0x00000000;D_UARTDataBit5@GPL815P.inc
0x00000020;D_UARTDataBit6@GPL815P.inc
0x00000040;D_UARTDataBit7@GPL815P.inc
0x00000060;D_UARTDataBit8@GPL815P.inc
0x00003154;P_UART_BaudRate_HB@GPL815P.inc
0x00003155;P_UART_BaudRate_LB@GPL815P.inc
0x00003156;P_UART_Status1@GPL815P.inc
0x00000020;D_RxTimeOutFlag@GPL815P.inc
0x00000040;D_TxIntFlag@GPL815P.inc
0x00000080;D_RxIntFlag@GPL815P.inc
0x00003157;P_UART_Status2@GPL815P.inc
0x00000008;D_UARTBusy@GPL815P.inc
0x00000010;D_UARTRxFIFOEmpty@GPL815P.inc
0x00000020;D_UARTTxFIFOFull@GPL815P.inc
0x00000040;D_UARTRxFIFOFull@GPL815P.inc
0x00000080;D_UARTTxFIFOEmpty@GPL815P.inc
0x0000315A;P_UART_FMD@GPL815P.inc
0x00003340;P_ADC_Ctrl1@GPL815P.inc
0x00000000;D_ADCClkDiv2@GPL815P.inc
0x00000001;D_ADCClkDiv4@GPL815P.inc
0x00000002;D_ADCClkDiv8@GPL815P.inc
0x00000003;D_ADCClkDiv12@GPL815P.inc
0x00000004;D_ADCClkDiv16@GPL815P.inc
0x00000005;D_ADCClkDiv20@GPL815P.inc
0x00000006;D_ADCClkDiv24@GPL815P.inc
0x00000007;D_ADCClkDiv28@GPL815P.inc
0x00000000;D_ADCSHCycle2@GPL815P.inc
0x00000008;D_ADCSHCycle4@GPL815P.inc
0x00000010;D_ADCSHCycle8@GPL815P.inc
0x00000018;D_ADCSHCycle16@GPL815P.inc
0x00000000;D_ADCTrigManual@GPL815P.inc
0x00000020;D_ADCTrigTM0@GPL815P.inc
0x00000040;D_ADCTrigTM1@GPL815P.inc
0x00000080;D_ADCStart@GPL815P.inc
0x00003341;P_ADC_Ctrl2@GPL815P.inc
0x00000000;D_ADCPB0@GPL815P.inc
0x00000001;D_ADCPB1@GPL815P.inc
0x00000002;D_ADCPB2@GPL815P.inc
0x00000003;D_ADCPB3@GPL815P.inc
0x00000004;D_ADCPB4@GPL815P.inc
0x00000005;D_ADCPB5@GPL815P.inc
0x00000006;D_ADCPB6@GPL815P.inc
0x00000007;D_ADCPB7@GPL815P.inc
0x00000008;D_ADCVREG@GPL815P.inc
0x00000009;D_ADCVBAT@GPL815P.inc
0x0000000A;D_ADCDiv5VDD@GPL815P.inc
0x0000000B;D_ADCVSS@GPL815P.inc
0x00000010;D_ADCEn@GPL815P.inc
0x00000020;D_BatteryDetectEn@GPL815P.inc
0x00000040;D_ADCIntEnable@GPL815P.inc
0x00000080;D_ADCStatus@GPL815P.inc
0x00003342;P_ADC_Data_LB@GPL815P.inc
0x00003343;P_ADC_Data_HB@GPL815P.inc
0x00003344;P_ADC_VREF_Ctrl@GPL815P.inc
0x00000001;D_ADCVregEn@GPL815P.inc
0x00000000;D_ADCVreg1P8V@GPL815P.inc
0x00000002;D_ADCVreg2V@GPL815P.inc
0x00000004;D_ADCVreg2P4V@GPL815P.inc
0x00000006;D_ADCVreg2P6V@GPL815P.inc
0x00000008;D_ADCVreg3V@GPL815P.inc
0x0000000A;D_ADCVreg3P2V@GPL815P.inc
0x0000000C;D_ADCVreg3P4V@GPL815P.inc
0x0000000E;D_ADCVregVDD@GPL815P.inc
0x00003371;P_AUDIO_BZ_Ctrl@GPL815P.inc
0x00000001;D_BZSrc@GPL815P.inc
0x00000080;D_BZOn@GPL815P.inc
0x000033D0;P_AUX_DataX@GPL815P.inc
0x000033D1;P_AUX_DataY@GPL815P.inc
0x000033D2;P_AUX_BPPExtend_IN@GPL815P.inc
0x000033D6;P_AUX_DataX_0H@GPL815P.inc
0x000033D7;P_AUX_DataX_0L@GPL815P.inc
0x000033D8;P_AUX_DataY_0H@GPL815P.inc
0x000033D9;P_AUX_DataY_0L@GPL815P.inc
0x000033DA;P_AUX_DataX_H0@GPL815P.inc
0x000033DB;P_AUX_DataX_L0@GPL815P.inc
0x000033DC;P_AUX_DataY_H0@GPL815P.inc
0x000033DD;P_AUX_DataY_L0@GPL815P.inc
0x000033DE;P_AUX_DataX_LH@GPL815P.inc
0x000033DF;P_AUX_DataY_LH@GPL815P.inc
0x000033E0;P_AUX_DataXY_XLYH@GPL815P.inc
0x000033E1;P_AUX_DataXY_YLXH@GPL815P.inc
0x000033E2;P_AUX_DataX_Mirror@GPL815P.inc
0x000033E3;P_AUX_DataY_Mirror@GPL815P.inc
0x000033E4;P_AUX_BPPExtendOut_LB@GPL815P.inc
0x000033E5;P_AUX_BPPExtendOut_HB@GPL815P.inc
0x00003450;P_LCD_Ctrl1@GPL815P.inc
0x00000008;D_DisplayOn@GPL815P.inc
0x00000080;D_LCDEn@GPL815P.inc
0x00003451;P_LCD_Ctrl2@GPL815P.inc
0x0000000F;D_LCDStrobeTimeMask@GPL815P.inc
0x00000010;D_LCDStrobeEn@GPL815P.inc
0x00000020;D_LCDAllOff@GPL815P.inc
0x00000040;D_LCDAllOn@GPL815P.inc
0x00003452;P_LCD_Clock@GPL815P.inc
0x00000000;D_LCDclk32K@GPL815P.inc
0x00000010;D_LCDclk16K@GPL815P.inc
0x00000020;D_LCDclk8K@GPL815P.inc
0x00000030;D_LCDclk4K@GPL815P.inc
0x00003453;P_LCD_SEG_Num@GPL815P.inc
0x00000003;D_32SEG@GPL815P.inc
0x00000005;D_48SEG@GPL815P.inc
0x00003454;P_LCD_COM_Num@GPL815P.inc
0x00000004;D_5COM@GPL815P.inc
0x00000008;D_9COM@GPL815P.inc
0x00003455;P_LCD_FM_Ctrl@GPL815P.inc
0x00000000;D_LCDBType@GPL815P.inc
0x00000080;D_LCDCType@GPL815P.inc
0x00003456;P_LCD_VLCD_Ctrl@GPL815P.inc
0x00003457;P_LCD_PUMP_Ctrl@GPL815P.inc
0x00000000;D_PumpClk2K@GPL815P.inc
0x00000001;D_PumpClk4K@GPL815P.inc
0x00000002;D_PumpClk8K@GPL815P.inc
0x00000003;D_PumpClk16K@GPL815P.inc
0x00000080;D_PumpEn@GPL815P.inc
0x00003458;P_LCD_BIAS_Ctrl@GPL815P.inc
0x00000001;D_LCDBias4@GPL815P.inc
0x00000002;D_LCDBias3@GPL815P.inc
0x00000003;D_LCDBias2@GPL815P.inc
0x00003459;P_LCD_StartAddr_LB@GPL815P.inc
0x00003490;P_PWMIO_Ctrl@GPL815P.inc
0x00000001;D_PWMIO0En@GPL815P.inc
0x00000002;D_PWMIO1En@GPL815P.inc
0x00000004;D_PWMIO2En@GPL815P.inc
0x00000008;D_PWMIO3En@GPL815P.inc
0x00000000;D_PWMClkSysClk@GPL815P.inc
0x00000010;D_PWMClkSysClk8@GPL815P.inc
0x00000020;D_PWMClkSysClk64@GPL815P.inc
0x00000030;D_PWMClk32K@GPL815P.inc
0x00000040;D_PWMClkTM0@GPL815P.inc
0x00000050;D_PWMClkTM1@GPL815P.inc
0x00000060;D_PWMClkRFCTM0@GPL815P.inc
0x00000070;D_PWMClkRFCTM1@GPL815P.inc
0x00003491;P_PWMIO_Sel@GPL815P.inc
0x00003492;P_PWMIO_Timer_Data@GPL815P.inc
0x00003493;P_PWMIO_Timer_Cnt@GPL815P.inc
0x00003494;P_PWMIO_IO0_DUTY@GPL815P.inc
0x00003495;P_PWMIO_IO1_DUTY@GPL815P.inc
0x00003496;P_PWMIO_IO2_DUTY@GPL815P.inc
0x00003497;P_PWMIO_IO3_DUTY@GPL815P.inc
0x000034C1;P_RFC_Ctrl1@GPL815P.inc
0x00000040;D_AutoStop@GPL815P.inc
0x00000010;D_RFCEn@GPL815P.inc
0x00000001;D_RFCStart@GPL815P.inc
0x000034C3;P_RFC_Timer_Ctrl@GPL815P.inc
0x00000001;D_RFCTM0En@GPL815P.inc
0x00000002;D_RFCTM1En@GPL815P.inc
0x0000001C;D_RFCTM0ClkMask@GPL815P.inc
0x00000000;D_RFCTM0ClkStop@GPL815P.inc
0x00000004;D_RFCTM0ClkIO@GPL815P.inc
0x0000000C;D_RFCTM0ClkSysClk@GPL815P.inc
0x00000010;D_RFCTM0ClkSysClk2@GPL815P.inc
0x00000014;D_RFCTM0ClkRFC1@GPL815P.inc
0x00000018;D_RFCTM0ClkRFC2@GPL815P.inc
0x0000001C;D_RFCTM0Clk32K@GPL815P.inc
0x000000E0;D_RFCTM1ClkMask@GPL815P.inc
0x00000000;D_RFCTM1ClkStop@GPL815P.inc
0x00000020;D_RFCTM1ClkSysClk@GPL815P.inc
0x00000040;D_RFCTM1ClkSysClk2@GPL815P.inc
0x00000060;D_RFCTM1ClkSysClk4@GPL815P.inc
0x00000080;D_RFCTM1ClkSysClk8@GPL815P.inc
0x000000A0;D_RFCTM1ClkSysClk16@GPL815P.inc
0x000000C0;D_RFCTM1ClkSysClk32@GPL815P.inc
0x000000E0;D_RFCTM1Clk32K@GPL815P.inc
0x000034C4;P_RFC_Ctrl2@GPL815P.inc
0x00000000;D_RFCCaptureEdgeRising@GPL815P.inc
0x00000004;D_RFCCaptureEdgeFalling@GPL815P.inc
0x00000000;D_RFCCaptureTrigDis@GPL815P.inc
0x00000001;D_RFCCaptureTrigTM0@GPL815P.inc
0x000034C6;P_RFC_TM0Data_LB@GPL815P.inc
0x000034C7;P_RFC_TM0Data_HB@GPL815P.inc
0x000034C8;P_RFC_TM0Cnt_LB@GPL815P.inc
0x000034C9;P_RFC_TM0Cnt_HB@GPL815P.inc
0x000034CA;P_RFC_TM1Data_LB@GPL815P.inc
0x000034CB;P_RFC_TM1Data_HB@GPL815P.inc
0x000034CC;P_RFC_TM1Cnt_LB@GPL815P.inc
0x000034CD;P_RFC_TM1Cnt_HB@GPL815P.inc
0x000034CE;P_RFC_TM1CapData_LB@GPL815P.inc
0x000034CF;P_RFC_TM1CapData_HB@GPL815P.inc
0x00004000;D_Bank0UserRomStartAddr@GPL815P.inc
0x00007FE5;D_Bank0UserRomEndAddr@GPL815P.inc
0x00007FFA;D_NMIandResetVectorStartAddr@GPL815P.inc
0x00007FFD;D_NMIandResetVectorEndAddr@GPL815P.inc
0x00000000;D_Baudrate_460800@UART_Code.asm
0x00000000;D_Baudrate_230400@UART_Code.asm
0x00000000;D_Baudrate_115200@UART_Code.asm
0x00000000;D_Baudrate_76800@UART_Code.asm
0x00000001;D_Baudrate_57600@UART_Code.asm
0x00000002;D_Baudrate_38400@UART_Code.asm
0x00000003;D_Baudrate_28800@UART_Code.asm
0x00000005;D_Baudrate_19200@UART_Code.asm
0x00000007;D_Baudrate_14400@UART_Code.asm
0x0000000C;D_Baudrate_9600@UART_Code.asm
0x00000019;D_Baudrate_4800@UART_Code.asm
0x00000034;D_Baudrate_2400@UART_Code.asm
0x00000069;D_Baudrate_1200@UART_Code.asm
0x00000000;D_FMD_460800@UART_Code.asm
0x00000002;D_FMD_230400@UART_Code.asm
0x00000002;D_FMD_115200@UART_Code.asm
0x0000000B;D_FMD_76800@UART_Code.asm
0x00000004;D_FMD_57600@UART_Code.asm
0x00000005;D_FMD_38400@UART_Code.asm
0x00000007;D_FMD_28800@UART_Code.asm
0x0000000B;D_FMD_19200@UART_Code.asm
0x0000000E;D_FMD_14400@UART_Code.asm
0x00000005;D_FMD_9600@UART_Code.asm
0x0000000B;D_FMD_4800@UART_Code.asm
0x00000005;D_FMD_2400@UART_Code.asm
0x0000000B;D_FMD_1200@UART_Code.asm
0x000002D4;_R_UART_Baudrate@UART_Code.asm
0x000002D5;_R_UARTRX_Status@UART_Code.asm
0x000002D6;_R_UART_CNT@UART_Code.asm
0x000002D7;_CLOCK_FLAG_ASR@UART_Code.asm
0x0000FBC7;T_BaudrateSel@UART_Code.asm
0x0000FBE1;T_BaudrateSel_FMD@UART_Code.asm
0x00000001;GPL815P02Ax@GPL815P.inc
0x00000001;GPL815P_Body_inc@GPL815P.inc
0x00003000;P_System_Ctrl_Base@GPL815P.inc
0x00003080;P_IO_Ctrl_Base@GPL815P.inc
0x000030C0;P_INT_Ctrl_Base@GPL815P.inc
0x00003110;P_TIMER_Ctrl_Base@GPL815P.inc
0x00003150;P_UART_Ctrl_Base@GPL815P.inc
0x00003180;P_SPI_Ctrl_Base@GPL815P.inc
0x00003200;P_SWT_Ctrl_Base@GPL815P.inc
0x00003340;P_ADC_Ctrl_Base@GPL815P.inc
0x00003360;P_I2C_Ctrl_Base@GPL815P.inc
0x00003371;P_Buzzer_Ctrl_Base@GPL815P.inc
0x000033D0;P_AUX_Ctrl_Base@GPL815P.inc
0x00003450;P_LCD_Ctrl_Base@GPL815P.inc
0x00003490;P_PWMIO_Ctrl_Base@GPL815P.inc
0x000034C0;P_RFC_Ctrl_Base@GPL815P.inc
0x00000000;GPL815P04Ax@GPL815P.inc
0x00000000;GPL815P04Ax_16KB@GPL815P.inc
0x00000000;GPL815P04Bx@GPL815P.inc
0x00000000;GPL815P04Bx_15KB@GPL815P.inc
0x00000000;GPL815P03Ax@GPL815P.inc
0x00000000;GPL815P03Bx@GPL815P.inc
0x00000001;GPL815P@GPL815P.inc
0x00003000;P_BANK_Sel@GPL815P.inc
0x00003007;P_CLK_IOSC_Ctrl@GPL815P.inc
0x00000000;D_CPUSysClkDiv1@GPL815P.inc
0x00000001;D_CPUSysClkDiv2@GPL815P.inc
0x00000002;D_CPUSysClkDiv4@GPL815P.inc
0x00000003;D_CPUSysClkDiv8@GPL815P.inc
0x00000000;D_SYS32K@GPL815P.inc
0x00000010;D_SYS2M@GPL815P.inc
0x00000020;D_SYS4M@GPL815P.inc
0x00000030;D_SYS8M@GPL815P.inc
0x00003009;P_SLP_Ctrl@GPL815P.inc
0x0000005A;D_SleepMode@GPL815P.inc
0x000000A5;D_GreenMode@GPL815P.inc
0x0000300A;P_LVD_Ctrl@GPL815P.inc
0x00000080;D_LVDEn@GPL815P.inc
0x00000020;D_LVDStatus@GPL815P.inc
0x00000000;D_LVD2P1V@GPL815P.inc
0x00000001;D_LVD2P4V@GPL815P.inc
0x00000002;D_LVD3P0V@GPL815P.inc
0x00000003;D_LVD3P3V@GPL815P.inc
0x00000003;D_LVDLevelMask@GPL815P.inc
0x0000300B;P_WDT_Clear@GPL815P.inc
0x0000300C;P_RESET_Ctrl@GPL815P.inc
0x00000001;D_LVRResetEn@GPL815P.inc
0x00000002;D_IllegalAddrResetEn@GPL815P.inc
0x00000004;D_SWResetEn@GPL815P.inc
0x00000008;D_WDTResetEn@GPL815P.inc
0x0000300D;P_RESET_Status@GPL815P.inc
0x00000001;D_LVRResetFlag@GPL815P.inc
0x00000002;D_IllegalAddrResetFlag@GPL815P.inc
0x00000004;D_SWResetFlag@GPL815P.inc
0x00000008;D_WDTResetFlag@GPL815P.inc
0x00003080;P_IO_Ctrl1@GPL815P.inc
0x00000000;D_IRDuty2@GPL815P.inc
0x00000002;D_IRDuty3@GPL815P.inc
0x00000004;D_IRDuty4@GPL815P.inc
0x00000006;D_IRDuty5@GPL815P.inc
0x00000008;D_IREn@GPL815P.inc
0x00000010;D_ExtI1Edge@GPL815P.inc
0x00000020;D_ExtI1En@GPL815P.inc
0x00000040;D_ExtI2Edge@GPL815P.inc
0x00000080;D_ExtI2En@GPL815P.inc
0x00003081;P_IO_Ctrl2@GPL815P.inc
0x00000001;D_RFC1En@GPL815P.inc
0x00000002;D_RFC2En@GPL815P.inc
0x00000004;D_RFC1OutEn@GPL815P.inc
0x00000008;D_RFC2OutEn@GPL815P.inc
0x00000040;D_PA32KOutEn@GPL815P.inc
0x00000080;D_PD32KOutEn@GPL815P.inc
0x00003082;P_IO_RFC_Ctrl@GPL815P.inc
0x00000001;D_REF2En@GPL815P.inc
0x00000002;D_SEN2AEn@GPL815P.inc
0x00000008;D_SEN2BEn@GPL815P.inc
0x00000010;D_REF1En@GPL815P.inc
0x00000020;D_SEN1AEn@GPL815P.inc
0x00000080;D_SEN1BEn@GPL815P.inc
0x00003083;P_IO_LCDPORT_Ctrl@GPL815P.inc
0x00000001;D_PCEn@GPL815P.inc
0x00000002;D_PDEn@GPL815P.inc
0x00000004;D_PEEn@GPL815P.inc
0x00000000;D_ShiftSeg0@GPL815P.inc
0x00000010;D_ShiftSeg8@GPL815P.inc
0x00000020;D_ShiftSeg16@GPL815P.inc
0x00000030;D_ShiftSeg24@GPL815P.inc
0x00003084;P_IO_KeyChange_Ctrl1@GPL815P.inc
0x00003085;P_IO_KeyChange_Ctrl2@GPL815P.inc
0x00003086;P_IO_PB_LINEN_Ctrl@GPL815P.inc
0x00003088;P_IO_PortA_Dir@GPL815P.inc
0x00003089;P_IO_PortA_Attrib@GPL815P.inc
0x0000308A;P_IO_PortA_Data@GPL815P.inc
0x0000308B;P_IO_PortA_Buffer@GPL815P.inc
0x0000308C;P_IO_PortA_SMT_En@GPL815P.inc
0x00003090;P_IO_PortB_Dir@GPL815P.inc
0x00003091;P_IO_PortB_Attrib@GPL815P.inc
0x00003092;P_IO_PortB_Data@GPL815P.inc
0x00003093;P_IO_PortB_Buffer@GPL815P.inc
0x00003094;P_IO_PortB_SMT_En@GPL815P.inc
0x00003098;P_IO_PortC_Dir@GPL815P.inc
0x00003099;P_IO_PortC_Attrib@GPL815P.inc
0x0000309A;P_IO_PortC_Data@GPL815P.inc
0x0000309B;P_IO_PortC_Buffer@GPL815P.inc
0x0000309C;P_IO_PortC_SMT_En@GPL815P.inc
0x000030A0;P_IO_PortD_Dir@GPL815P.inc
0x000030A1;P_IO_PortD_Attrib@GPL815P.inc
0x000030A2;P_IO_PortD_Data@GPL815P.inc
0x000030A3;P_IO_PortD_Buffer@GPL815P.inc
0x000030A4;P_IO_PortD_SMT_En@GPL815P.inc
0x000030A8;P_IO_PortE_Dir@GPL815P.inc
0x000030A9;P_IO_PortE_Attrib@GPL815P.inc
0x000030AA;P_IO_PortE_Data@GPL815P.inc
0x000030AB;P_IO_PortE_Buffer@GPL815P.inc
0x000030AC;P_IO_PortE_SMT_En@GPL815P.inc
0x000030B0;P_IO_Ctrl3@GPL815P.inc
0x00000001;D_PFEn@GPL815P.inc
0x00000002;D_PGEn@GPL815P.inc
0x000030B1;P_IO_PortF_Buffer@GPL815P.inc
0x000030B2;P_IO_PortG_Buffer@GPL815P.inc
0x000030C0;P_NMI_Ctrl@GPL815P.inc
0x00000001;D_LVDNMIEn@GPL815P.inc
0x00000002;D_TM1NMIEn@GPL815P.inc
0x00000004;D_TM0NMIEn@GPL815P.inc
0x00000010;D_ILLADRNMIEn@GPL815P.inc
0x000030C1;P_NMI_Status@GPL815P.inc
0x00000001;D_LVDNMIFlag@GPL815P.inc
0x00000002;D_TM1NMIFlag@GPL815P.inc
0x00000004;D_TM0NMIFlag@GPL815P.inc
0x00000010;D_ILLADRNMIFlag@GPL815P.inc
0x000030C2;P_INT_Ctrl1@GPL815P.inc
0x00000001;D_FPIntEn@GPL815P.inc
0x00000002;D_SPIInt_En@GPL815P.inc
0x00000080;D_TM0IntEn@GPL815P.inc
0x000030C3;P_INT_Ctrl2@GPL815P.inc
0x00000001;D_ExtI1IntEn@GPL815P.inc
0x00000002;D_ExtI2IntEn@GPL815P.inc
0x00000004;D_TBLIntEn@GPL815P.inc
0x00000008;D_TBHIntEn@GPL815P.inc
0x00000010;D_KeyIntEn@GPL815P.inc
0x00000020;D_TM1IntEn@GPL815P.inc
0x00000040;D_RFCTM0IntEn@GPL815P.inc
0x00000080;D_RFCTM1IntEn@GPL815P.inc
0x000030C4;P_INT_Ctrl3@GPL815P.inc
0x00000001;D_LVDIntEn@GPL815P.inc
0x00000002;D_ADCIntEn@GPL815P.inc
0x00000004;D_UARTIntEn@GPL815P.inc
0x00000008;D_SWTIntEn@GPL815P.inc
0x00000010;D_I2CIntEn@GPL815P.inc
0x00000020;D_PWMTMIntEn@GPL815P.inc
0x00000040;D_CaptureIntEn@GPL815P.inc
0x000030CA;P_INT_Status1@GPL815P.inc
0x00000001;D_FP_Flag@GPL815P.inc
0x00000002;D_SPI_Flag@GPL815P.inc
0x00000080;D_TM0_Flag@GPL815P.inc
0x000030CB;P_INT_Status2@GPL815P.inc
0x00000001;D_EXT1_Flag@GPL815P.inc
0x00000002;D_EXT2_Flag@GPL815P.inc
0x00000004;D_TBL_Flag@GPL815P.inc
0x00000008;D_TBH_Flag@GPL815P.inc
0x00000010;D_Key_Flag@GPL815P.inc
0x00000020;D_TM1_Flag@GPL815P.inc
0x00000040;D_RFCTM0_Flag@GPL815P.inc
0x00000080;D_RFCTM1_Flag@GPL815P.inc
0x000030CC;P_INT_Status3@GPL815P.inc
0x00000001;D_LVD_Flag@GPL815P.inc
0x00000002;D_ADC_Flag@GPL815P.inc
0x00000004;D_UART_Flag@GPL815P.inc
0x00000008;D_SWT_Flag@GPL815P.inc
0x00000010;D_I2C_Flag@GPL815P.inc
0x00000020;D_PWMTM_Flag@GPL815P.inc
0x00000040;D_Capture_Flag@GPL815P.inc
0x000030D0;P_INT_FP_Clear@GPL815P.inc
0x000030D1;P_INT_SPI_Clear@GPL815P.inc
0x000030D7;P_INT_TM0_Clear@GPL815P.inc
0x000030D8;P_INT_EXT1_Clear@GPL815P.inc
0x000030D9;P_INT_EXT2_Clear@GPL815P.inc
0x000030DA;P_INT_TBL_Clear@GPL815P.inc
0x000030DB;P_INT_TBH_Clear@GPL815P.inc
0x000030DC;P_INT_KEY_Clear@GPL815P.inc
0x000030DD;P_INT_TM1_Clear@GPL815P.inc
0x000030DE;P_INT_RFCTM0_Clear@GPL815P.inc
0x000030DF;P_INT_RFCTM1_Clear@GPL815P.inc
0x000030E0;P_INT_LVD_Clear@GPL815P.inc
0x000030E1;P_INT_ADC_Clear@GPL815P.inc
0x000030E2;P_INT_UART_Clear@GPL815P.inc
0x000030E3;P_INT_SWT_Clear@GPL815P.inc
0x000030E4;P_INT_I2C_Clear@GPL815P.inc
0x000030E5;P_INT_PWMTM_Clear@GPL815P.inc
0x000030E6;P_INT_Capture_Clear@GPL815P.inc
0x000030F0;P_NMI_LVD_Clear@GPL815P.inc
0x000030F1;P_NMI_TM1_Clear@GPL815P.inc
0x000030F2;P_NMI_TM0_Clear@GPL815P.inc
0x000030F4;P_NMI_ILLADDR_Clear@GPL815P.inc
0x00003110;P_TIMER_TimeBase_Ctrl1@GPL815P.inc
0x00000001;D_TBRUN@GPL815P.inc
0x00000010;D_TBRST@GPL815P.inc
0x00003111;P_TIMER_TimeBase_CNT@GPL815P.inc
0x00003112;P_TIMER_TimeBase_Ctrl2@GPL815P.inc
0x00000001;D_1KHzEn@GPL815P.inc
0x00000002;D_512HzEn@GPL815P.inc
0x00000004;D_256HzEn@GPL815P.inc
0x00000008;D_128HzEn@GPL815P.inc
0x00000010;D_32HzEn@GPL815P.inc
0x00000020;D_8HzEn@GPL815P.inc
0x00000040;D_2HzEn@GPL815P.inc
0x00000080;D_1HzEn@GPL815P.inc
0x00003113;P_TIMER_TimeBase_Status@GPL815P.inc
0x00000001;D_1KHz_Flag@GPL815P.inc
0x00000002;D_512Hz_Flag@GPL815P.inc
0x00000004;D_256Hz_Flag@GPL815P.inc
0x00000008;D_128Hz_Flag@GPL815P.inc
0x00000010;D_32Hz_Flag@GPL815P.inc
0x00000020;D_8Hz_Flag@GPL815P.inc
0x00000040;D_2Hz_Flag@GPL815P.inc
0x00000080;D_1Hz_Flag@GPL815P.inc
0x00003114;P_TIMER_EN@GPL815P.inc
0x00000001;D_TM0En@GPL815P.inc
0x00000002;D_TM1En@GPL815P.inc
0x00003115;P_TIMER_Timer_Ctrl@GPL815P.inc
0x00000000;D_TM1stop@GPL815P.inc
0x00000001;D_TM1ClkSysClk@GPL815P.inc
0x00000002;D_TM1Clk32K@GPL815P.inc
0x00000003;D_TM1ClkTM0@GPL815P.inc
0x00000000;D_TM0Stop@GPL815P.inc
0x00000020;D_TM0AClkSysClk@GPL815P.inc
0x00000040;D_TM0AClk32K@GPL815P.inc
0x00000060;D_TM0AClkEXT1@GPL815P.inc
0x00000080;D_TM0AClkEXT2@GPL815P.inc
0x00000000;D_TM0BClkVDD@GPL815P.inc
0x00000008;D_TM0BClkEXT1@GPL815P.inc
0x0000000C;D_TM0BClkEXT2@GPL815P.inc
0x00000010;D_TM0BClk2Hz@GPL815P.inc
0x00000014;D_TM0BClk8Hz@GPL815P.inc
0x00000018;D_TM0BClk32Hz@GPL815P.inc
0x0000001C;D_TM0BClk64Hz@GPL815P.inc
0x00003118;P_TIMER_TM0Data_LB@GPL815P.inc
0x00003119;P_TIMER_TM0Data_HB@GPL815P.inc
0x0000311A;P_TIMER_TM0CntData_LB@GPL815P.inc
0x0000311B;P_TIMER_TM0CntData_HB@GPL815P.inc
0x0000311C;P_TIMER_TM1Data_LB@GPL815P.inc
0x0000311D;P_TIMER_TM1Data_HB@GPL815P.inc
0x0000311E;P_TIMER_TM1CntData_LB@GPL815P.inc
0x0000311F;P_TIMER_TM1CntData_HB@GPL815P.inc
0x00003200;P_SWT_CTRL1@GPL815P.inc
0x00000001;D_SWTRun@GPL815P.inc
0x00000010;D_SWTRst@GPL815P.inc
0x00003201;P_SWT_BCD_CNT@GPL815P.inc
0x00003202;P_SWT_1K_BCD@GPL815P.inc
0x00003203;P_SWT_Ctrl2@GPL815P.inc
0x00000001;D_T1HzEn@GPL815P.inc
0x00000002;D_T10HzEn@GPL815P.inc
0x00000004;D_T100HzEn@GPL815P.inc
0x00000008;D_T1KHzEn@GPL815P.inc
0x00003204;P_SWT_Status@GPL815P.inc
0x00000001;D_T1Hz_Flag@GPL815P.inc
0x00000002;D_T10Hz_Flag@GPL815P.inc
0x00000004;D_T100Hz_Flag@GPL815P.inc
0x00000008;D_T1KHz_Flag@GPL815P.inc
0x00003150;P_UART_Data@GPL815P.inc
0x00003151;P_UART_RX_Status@GPL815P.inc
0x00000001;D_FrameErrorFlag@GPL815P.inc
0x00000002;D_ParityErrorFlag@GPL815P.inc
0x00000004;D_BreakErrorFlag@GPL815P.inc
0x00000008;D_OverrunErrorFlag@GPL815P.inc
0x00003152;P_UART_Ctrl1@GPL815P.inc
0x00000008;D_UARTReset@GPL815P.inc
0x00000010;D_UARTEn@GPL815P.inc
0x00000020;D_UARTRxTimeoutIntEn@GPL815P.inc
0x00000040;D_UARTTxIntEn@GPL815P.inc
0x00000080;D_UARTRxIntEn@GPL815P.inc
0x00003153;P_UART_Ctrl2@GPL815P.inc
0x00000001;D_UARTSendBreak@GPL815P.inc
0x00000002;D_UARTParityEn@GPL815P.inc
0x00000000;D_UARTParityOdd@GPL815P.inc
0x00000004;D_UARTParityEven@GPL815P.inc
0x00000000;D_UARTStopBit1@GPL815P.inc
0x00000008;D_UARTStopBit2@GPL815P.inc
0x00000010;D_UARTFIFOEn@GPL815P.inc
0x00000000;D_UARTDataBit5@GPL815P.inc
0x00000020;D_UARTDataBit6@GPL815P.inc
0x00000040;D_UARTDataBit7@GPL815P.inc
0x00000060;D_UARTDataBit8@GPL815P.inc
0x00003154;P_UART_BaudRate_HB@GPL815P.inc
0x00003155;P_UART_BaudRate_LB@GPL815P.inc
0x00003156;P_UART_Status1@GPL815P.inc
0x00000020;D_RxTimeOutFlag@GPL815P.inc
0x00000040;D_TxIntFlag@GPL815P.inc
0x00000080;D_RxIntFlag@GPL815P.inc
0x00003157;P_UART_Status2@GPL815P.inc
0x00000008;D_UARTBusy@GPL815P.inc
0x00000010;D_UARTRxFIFOEmpty@GPL815P.inc
0x00000020;D_UARTTxFIFOFull@GPL815P.inc
0x00000040;D_UARTRxFIFOFull@GPL815P.inc
0x00000080;D_UARTTxFIFOEmpty@GPL815P.inc
0x0000315A;P_UART_FMD@GPL815P.inc
0x00003340;P_ADC_Ctrl1@GPL815P.inc
0x00000000;D_ADCClkDiv2@GPL815P.inc
0x00000001;D_ADCClkDiv4@GPL815P.inc
0x00000002;D_ADCClkDiv8@GPL815P.inc
0x00000003;D_ADCClkDiv12@GPL815P.inc
0x00000004;D_ADCClkDiv16@GPL815P.inc
0x00000005;D_ADCClkDiv20@GPL815P.inc
0x00000006;D_ADCClkDiv24@GPL815P.inc
0x00000007;D_ADCClkDiv28@GPL815P.inc
0x00000000;D_ADCSHCycle2@GPL815P.inc
0x00000008;D_ADCSHCycle4@GPL815P.inc
0x00000010;D_ADCSHCycle8@GPL815P.inc
0x00000018;D_ADCSHCycle16@GPL815P.inc
0x00000000;D_ADCTrigManual@GPL815P.inc
0x00000020;D_ADCTrigTM0@GPL815P.inc
0x00000040;D_ADCTrigTM1@GPL815P.inc
0x00000080;D_ADCStart@GPL815P.inc
0x00003341;P_ADC_Ctrl2@GPL815P.inc
0x00000000;D_ADCPB0@GPL815P.inc
0x00000001;D_ADCPB1@GPL815P.inc
0x00000002;D_ADCPB2@GPL815P.inc
0x00000003;D_ADCPB3@GPL815P.inc
0x00000004;D_ADCPB4@GPL815P.inc
0x00000005;D_ADCPB5@GPL815P.inc
0x00000006;D_ADCPB6@GPL815P.inc
0x00000007;D_ADCPB7@GPL815P.inc
0x00000008;D_ADCVREG@GPL815P.inc
0x00000009;D_ADCVBAT@GPL815P.inc
0x0000000A;D_ADCDiv5VDD@GPL815P.inc
0x0000000B;D_ADCVSS@GPL815P.inc
0x00000010;D_ADCEn@GPL815P.inc
0x00000020;D_BatteryDetectEn@GPL815P.inc
0x00000040;D_ADCIntEnable@GPL815P.inc
0x00000080;D_ADCStatus@GPL815P.inc
0x00003342;P_ADC_Data_LB@GPL815P.inc
0x00003343;P_ADC_Data_HB@GPL815P.inc
0x00003344;P_ADC_VREF_Ctrl@GPL815P.inc
0x00000001;D_ADCVregEn@GPL815P.inc
0x00000000;D_ADCVreg1P8V@GPL815P.inc
0x00000002;D_ADCVreg2V@GPL815P.inc
0x00000004;D_ADCVreg2P4V@GPL815P.inc
0x00000006;D_ADCVreg2P6V@GPL815P.inc
0x00000008;D_ADCVreg3V@GPL815P.inc
0x0000000A;D_ADCVreg3P2V@GPL815P.inc
0x0000000C;D_ADCVreg3P4V@GPL815P.inc
0x0000000E;D_ADCVregVDD@GPL815P.inc
0x00003371;P_AUDIO_BZ_Ctrl@GPL815P.inc
0x00000001;D_BZSrc@GPL815P.inc
0x00000080;D_BZOn@GPL815P.inc
0x000033D0;P_AUX_DataX@GPL815P.inc
0x000033D1;P_AUX_DataY@GPL815P.inc
0x000033D2;P_AUX_BPPExtend_IN@GPL815P.inc
0x000033D6;P_AUX_DataX_0H@GPL815P.inc
0x000033D7;P_AUX_DataX_0L@GPL815P.inc
0x000033D8;P_AUX_DataY_0H@GPL815P.inc
0x000033D9;P_AUX_DataY_0L@GPL815P.inc
0x000033DA;P_AUX_DataX_H0@GPL815P.inc
0x000033DB;P_AUX_DataX_L0@GPL815P.inc
0x000033DC;P_AUX_DataY_H0@GPL815P.inc
0x000033DD;P_AUX_DataY_L0@GPL815P.inc
0x000033DE;P_AUX_DataX_LH@GPL815P.inc
0x000033DF;P_AUX_DataY_LH@GPL815P.inc
0x000033E0;P_AUX_DataXY_XLYH@GPL815P.inc
0x000033E1;P_AUX_DataXY_YLXH@GPL815P.inc
0x000033E2;P_AUX_DataX_Mirror@GPL815P.inc
0x000033E3;P_AUX_DataY_Mirror@GPL815P.inc
0x000033E4;P_AUX_BPPExtendOut_LB@GPL815P.inc
0x000033E5;P_AUX_BPPExtendOut_HB@GPL815P.inc
0x00003450;P_LCD_Ctrl1@GPL815P.inc
0x00000008;D_DisplayOn@GPL815P.inc
0x00000080;D_LCDEn@GPL815P.inc
0x00003451;P_LCD_Ctrl2@GPL815P.inc
0x0000000F;D_LCDStrobeTimeMask@GPL815P.inc
0x00000010;D_LCDStrobeEn@GPL815P.inc
0x00000020;D_LCDAllOff@GPL815P.inc
0x00000040;D_LCDAllOn@GPL815P.inc
0x00003452;P_LCD_Clock@GPL815P.inc
0x00000000;D_LCDclk32K@GPL815P.inc
0x00000010;D_LCDclk16K@GPL815P.inc
0x00000020;D_LCDclk8K@GPL815P.inc
0x00000030;D_LCDclk4K@GPL815P.inc
0x00003453;P_LCD_SEG_Num@GPL815P.inc
0x00000003;D_32SEG@GPL815P.inc
0x00000005;D_48SEG@GPL815P.inc
0x00003454;P_LCD_COM_Num@GPL815P.inc
0x00000004;D_5COM@GPL815P.inc
0x00000008;D_9COM@GPL815P.inc
0x00003455;P_LCD_FM_Ctrl@GPL815P.inc
0x00000000;D_LCDBType@GPL815P.inc
0x00000080;D_LCDCType@GPL815P.inc
0x00003456;P_LCD_VLCD_Ctrl@GPL815P.inc
0x00003457;P_LCD_PUMP_Ctrl@GPL815P.inc
0x00000000;D_PumpClk2K@GPL815P.inc
0x00000001;D_PumpClk4K@GPL815P.inc
0x00000002;D_PumpClk8K@GPL815P.inc
0x00000003;D_PumpClk16K@GPL815P.inc
0x00000080;D_PumpEn@GPL815P.inc
0x00003458;P_LCD_BIAS_Ctrl@GPL815P.inc
0x00000001;D_LCDBias4@GPL815P.inc
0x00000002;D_LCDBias3@GPL815P.inc
0x00000003;D_LCDBias2@GPL815P.inc
0x00003459;P_LCD_StartAddr_LB@GPL815P.inc
0x00003490;P_PWMIO_Ctrl@GPL815P.inc
0x00000001;D_PWMIO0En@GPL815P.inc
0x00000002;D_PWMIO1En@GPL815P.inc
0x00000004;D_PWMIO2En@GPL815P.inc
0x00000008;D_PWMIO3En@GPL815P.inc
0x00000000;D_PWMClkSysClk@GPL815P.inc
0x00000010;D_PWMClkSysClk8@GPL815P.inc
0x00000020;D_PWMClkSysClk64@GPL815P.inc
0x00000030;D_PWMClk32K@GPL815P.inc
0x00000040;D_PWMClkTM0@GPL815P.inc
0x00000050;D_PWMClkTM1@GPL815P.inc
0x00000060;D_PWMClkRFCTM0@GPL815P.inc
0x00000070;D_PWMClkRFCTM1@GPL815P.inc
0x00003491;P_PWMIO_Sel@GPL815P.inc
0x00003492;P_PWMIO_Timer_Data@GPL815P.inc
0x00003493;P_PWMIO_Timer_Cnt@GPL815P.inc
0x00003494;P_PWMIO_IO0_DUTY@GPL815P.inc
0x00003495;P_PWMIO_IO1_DUTY@GPL815P.inc
0x00003496;P_PWMIO_IO2_DUTY@GPL815P.inc
0x00003497;P_PWMIO_IO3_DUTY@GPL815P.inc
0x000034C1;P_RFC_Ctrl1@GPL815P.inc
0x00000040;D_AutoStop@GPL815P.inc
0x00000010;D_RFCEn@GPL815P.inc
0x00000001;D_RFCStart@GPL815P.inc
0x000034C3;P_RFC_Timer_Ctrl@GPL815P.inc
0x00000001;D_RFCTM0En@GPL815P.inc
0x00000002;D_RFCTM1En@GPL815P.inc
0x0000001C;D_RFCTM0ClkMask@GPL815P.inc
0x00000000;D_RFCTM0ClkStop@GPL815P.inc
0x00000004;D_RFCTM0ClkIO@GPL815P.inc
0x0000000C;D_RFCTM0ClkSysClk@GPL815P.inc
0x00000010;D_RFCTM0ClkSysClk2@GPL815P.inc
0x00000014;D_RFCTM0ClkRFC1@GPL815P.inc
0x00000018;D_RFCTM0ClkRFC2@GPL815P.inc
0x0000001C;D_RFCTM0Clk32K@GPL815P.inc
0x000000E0;D_RFCTM1ClkMask@GPL815P.inc
0x00000000;D_RFCTM1ClkStop@GPL815P.inc
0x00000020;D_RFCTM1ClkSysClk@GPL815P.inc
0x00000040;D_RFCTM1ClkSysClk2@GPL815P.inc
0x00000060;D_RFCTM1ClkSysClk4@GPL815P.inc
0x00000080;D_RFCTM1ClkSysClk8@GPL815P.inc
0x000000A0;D_RFCTM1ClkSysClk16@GPL815P.inc
0x000000C0;D_RFCTM1ClkSysClk32@GPL815P.inc
0x000000E0;D_RFCTM1Clk32K@GPL815P.inc
0x000034C4;P_RFC_Ctrl2@GPL815P.inc
0x00000000;D_RFCCaptureEdgeRising@GPL815P.inc
0x00000004;D_RFCCaptureEdgeFalling@GPL815P.inc
0x00000000;D_RFCCaptureTrigDis@GPL815P.inc
0x00000001;D_RFCCaptureTrigTM0@GPL815P.inc
0x000034C6;P_RFC_TM0Data_LB@GPL815P.inc
0x000034C7;P_RFC_TM0Data_HB@GPL815P.inc
0x000034C8;P_RFC_TM0Cnt_LB@GPL815P.inc
0x000034C9;P_RFC_TM0Cnt_HB@GPL815P.inc
0x000034CA;P_RFC_TM1Data_LB@GPL815P.inc
0x000034CB;P_RFC_TM1Data_HB@GPL815P.inc
0x000034CC;P_RFC_TM1Cnt_LB@GPL815P.inc
0x000034CD;P_RFC_TM1Cnt_HB@GPL815P.inc
0x000034CE;P_RFC_TM1CapData_LB@GPL815P.inc
0x000034CF;P_RFC_TM1CapData_HB@GPL815P.inc
0x00004000;D_Bank0UserRomStartAddr@GPL815P.inc
0x00007FE5;D_Bank0UserRomEndAddr@GPL815P.inc
0x00007FFA;D_NMIandResetVectorStartAddr@GPL815P.inc
0x00007FFD;D_NMIandResetVectorEndAddr@GPL815P.inc
0x0000003C;C_SnoozeTime1min@keyscan_user.inc
0x00000002;D_Urat_Open@keyscan_user.inc
0x00000004;D_EnableSnooze@keyscan_user.inc
0x00000008;D_ToneDIS@keyscan_user.inc
0x00000010;D_AlarmingStatus@keyscan_user.inc
0x00000020;D_Timering@keyscan_user.inc
0x00000040;D_Alarming@keyscan_user.inc
0x00000080;D_TimerStatus@keyscan_user.inc
0x00000001;AddOthers@keyscan_user.inc
0x00000001;D_SetYear@keyscan_user.inc
0x00000002;D_SetMonth@keyscan_user.inc
0x00000004;D_SetDate@keyscan_user.inc
0x00000008;D_SetHour@keyscan_user.inc
0x00000010;D_SetMinute@keyscan_user.inc
0x00000020;D_SetTimeMax@keyscan_user.inc
0x00000075;_R_AlmTimeFlashSet@keyscan_user.inc
0x00000001;D_SetAlm@keyscan_user.inc
0x00000002;D_SetAlmHour@keyscan_user.inc
0x00000004;D_SetAlmMinute@keyscan_user.inc
0x00000008;D_SetAlmDay@keyscan_user.inc
0x00000010;D_SetAlarmMax@keyscan_user.inc
0x00000076;_R_TimerFlashSet@keyscan_user.inc
0x00000001;D_TimerSet@keyscan_user.inc
0x00000002;D_SetTimerMax@keyscan_user.inc
0x0000006A;_R_CurrentVolume@keyscan_user.inc
0x00000069;_R_CurrentSong@keyscan_user.inc
0x00000071;_R_KeyFlag@keyscan_user.inc
0x00000001;D_EnableFastAdd@keyscan_user.inc
0x00000002;D_LCDOFF@keyscan_user.inc
0x00000004;D_KeyTone@keyscan_user.inc
0x00000008;D_KeyRelDis@keyscan_user.inc
0x00000010;D_UpdateBAT@keyscan_user.inc
0x00000001;D_LowPower@keyscan_user.inc
0x00000002;D_Charge@keyscan_user.inc
0x00000004;D_Full@keyscan_user.inc
0x00000083;_R_TimerFlag@keyscan_user.inc
0x00000001;D_Timerstatus_just@keyscan_user.inc
0x00000002;D_Timerstatus@keyscan_user.inc
0x00000004;TIMER_START_FLAG@keyscan_user.inc
0x00000008;D_TimerSetstatus@keyscan_user.inc
0x00000010;D_Timerstatus_justpause@keyscan_user.inc
0x00000020;D_TimerPausedCountDown@keyscan_user.inc
0x0000006D;_R_SetBack@keyscan_user.inc
0x00000088;_R_VoiceFlag@keyscan_user.inc
0x00000001;D_OpenReady@keyscan_user.inc
0x00000002;D_WakePlay@keyscan_user.inc
0x00000001;D_VOICE_ALARM_CHECK@keyscan_user.inc
0x00000002;D_VOICE_ALARM_SET@keyscan_user.inc
0x00000004;D_VOICE_DATE_SET@keyscan_user.inc
0x00000008;D_VOICE_TIME_SET@keyscan_user.inc
0x00000010;D_VOICE_BEEP@keyscan_user.inc
0x00000020;D_VOICE_TIMER_START@keyscan_user.inc
0x00000040;D_VOICE_TIMER_PAUSE@keyscan_user.inc
0x00000080;D_VOICE_TIMER_CONTINUE@keyscan_user.inc
0x00000001;D_BatLevel1@keyscan_user.inc
0x00000002;D_BatLevel2@keyscan_user.inc
0x00000004;D_BatLevel3@keyscan_user.inc
0x00000001;D_Bit0@Macro.inc
0x00000002;D_Bit1@Macro.inc
0x00000004;D_Bit2@Macro.inc
0x00000008;D_Bit3@Macro.inc
0x00000010;D_Bit4@Macro.inc
0x00000020;D_Bit5@Macro.inc
0x00000040;D_Bit6@Macro.inc
0x00000080;D_Bit7@Macro.inc
0x00000009;C_ADC_Bat38V_HB@ADC.asm
0x0000009F;C_ADC_Bat38V_MB@ADC.asm
0x00000009;C_ADC_Bat36V_HB@ADC.asm
0x0000001F;C_ADC_Bat36V_MB@ADC.asm
0x00000008;C_ADC_Bat34V_HB@ADC.asm
0x0000009F;C_ADC_Bat34V_MB@ADC.asm
0x0000008D;_R_ADC_VSS_MB@ADC.asm
0x0000008E;_R_ADC_VSS_HB@ADC.asm
0x0000008F;_R_ADC_LineIn_MB@ADC.asm
0x00000090;_R_ADC_LineIn_HB@ADC.asm
0x00000091;_R_ADC_VREF_MB@ADC.asm
0x00000092;_R_ADC_VREF_HB@ADC.asm
0x00000093;R_ADC_DelayOuter@ADC.asm
0x00000094;R_ADC_DelayInner@ADC.asm
0x0000FC47;F_ADC_Delay4ms@ADC.asm
0x0000FC5D;L_DCDet_Exit@ADC.asm
