        Generalplus 6502 Assembler - Version 1.7.1.0  
              Listing File Has Been Relocated

     1                              ;=================================================================================
     2                              ;Module Name:	keyscan.asm
     3                              ;Applied body:	GPL10x series
     4                              ;Purpose:		Implement key scan function
     5                              ;Programmer:	yanxiaodu
     6                              ;Date:			2011-06-20
     7                              ;Function list:
     8                              ;
     9                              ;=============================================================================
    10                              ;==========================================
    11                              ; Compiler parameter define
    12                              ;==========================================
    13                              .SYNTAX 6502
    14                              .LINKLIST
    15                              .SYMBOLS
    16                              
    17                              ;==========================================
    18                              ; Constant define area
    19                              ;==========================================
    20                              C_Bell_duration:		.EQU		01H
    21                              C_Counter_adr1:			.EQU		F0H
    22                              C_Counter_adr2:			.EQU		F8H
    23                              C_time_set_show_time:	.EQU		0X01
    24                              
    25                              C_Mode_changeshow_Delay_time:		.EQU		0X28			;48*7.8125MS
    26                              
    27                              C_Option_Overtime:		.EQU		0X14
    28                              
    29                              
    30                              D_TIME_DATA_key:		.EQU		0X12
    31                              D_ALARM_key:			.EQU		0X24
    32                              D_UP_key:				.EQU		0X22
    33                              D_DOWN_key:				.EQU		0X02
    34                              ;==========================================
    35                              ; Include file area
    36                              ;==========================================
    37                              .Include	GPL815P.inc
    38                      <       	.IFDEF		GPL815_SERIES
    39                      <       
    40                      <       ;---------------------------------
    41                      <       GPL815P02Ax		.EQU		1
    42                      <       ;---------------------------------
    43                      <       
    44                      <       .ifndef GPL815P_Body_inc
    45                      <       GPL815P_Body_inc:    .EQU    1
    46                      <       ;==================================================================================
    47                      <       ; The information contained herein is the exclusive property of
    48                      <       ; Generalplus Technology Co. And shall not be distributed, reproduced,
    49                      <       ; or disclosed in whole in part without prior written permission.
    50                      <       ;       (C) COPYRIGHT 2014   Generalplus TECHNOLOGY CO.                            
    51                      <       ;                   ALL RIGHTS RESERVED
    52                      <       ; The entire notice above must be reproduced on all authorized copies.
    53                      <       ;==================================================================================
    54                      <       ;==================================================================================
    55                      <       ; Program Name: GPL815P series register declare
    56                      <       ; Applied body:  
    57                      <       ; Programmer  : Frank Kung
    58                      <       ; Description : 
    59                      <       ;             : V0.1
    60                      <       ; History version
    61                      <       ; Rev #  Date         Who         Comments
    62                      <       ; -----  -----------  --------    ---------------------------------------------------
    63                      <       ; 0.1    2024/08/19   Frank Kung    release
    64                      <       ; 0.2    2025/03/31   Frank Kung    Add Body :   GPL815P02Ax
    65                      <       ;==================================================================================
    66                      <       ;==================================================================================
    67                      <       
    68                      <       P_System_Ctrl_Base:                     .EQU    $3000
    69                      <       P_IO_Ctrl_Base:                         .EQU    $3080
    70                      <       P_INT_Ctrl_Base:                        .EQU    $30C0
    71                      <       P_TIMER_Ctrl_Base:                      .EQU    $3110
    72                      <       P_UART_Ctrl_Base:						.EQU	$3150
    73                      <       P_SPI_Ctrl_Base:                        .EQU    $3180
    74                      <       P_SWT_Ctrl_Base:                        .EQU    $3200
    75                      <       P_ADC_Ctrl_Base:                        .EQU    $3340 
    76                      <       P_I2C_Ctrl_Base:                        .EQU    $3360 
    77                      <       P_Buzzer_Ctrl_Base:						.EQU    $3371
    78                      <       P_AUX_Ctrl_Base:                        .EQU    $33D0
    79                      <       P_LCD_Ctrl_Base:                        .EQU    $3450
    80                      <       P_PWMIO_Ctrl_Base:                      .EQU    $3490
    81                      <       P_RFC_Ctrl_Base:						.EQU	$34C0
    82                      <       
    83                      <       
    84                      <           .IFNDEF GPL815P04Ax
    85                      <           GPL815P04Ax: .EQU    0
    86                      <           .ENDIF 
    87                      <           
    88                      <           .IFNDEF GPL815P04Ax_16KB
    89                      <           GPL815P04Ax_16KB: .EQU    0
    90                      <           .ENDIF     
    91                      <           
    92                      <           .IFNDEF GPL815P04Bx
    93                      <           GPL815P04Bx: .EQU    0
    94                      <           .ENDIF    
    95                      <           
    96                      <           .IFNDEF GPL815P04Bx_15KB
    97                      <           GPL815P04Bx_15KB: .EQU    0
    98                      <           .ENDIF         
    99                      <           
   100                      <           .IFNDEF GPL815P03Ax
   101                      <           GPL815P03Ax: .EQU    0
   102                      <           .ENDIF     
   103                      <             
   104                      <           .IFNDEF GPL815P03Bx
   105                      <           GPL815P03Bx: .EQU    0
   106                      <           .ENDIF   
   107                      <           
   108                      <           .IFNDEF GPL815P02Ax
   109                      <           GPL815P02Ax: .EQU    0
   110                      <           .ENDIF       
   111                      <       
   112                      <           
   113                      <       .IF (GPL815P04Ax+GPL815P04Ax_16KB+GPL815P04Bx+GPL815P04Bx_15KB+GPL815P03Ax+GPL815P03Bx+GPL815P02Ax)
   114                      <       GPL815P      .EQU    1
   115                      <       .ENDIF
   116                      <       
   117                      <       	.IFDEF GPL815P
   118                      <       ;===============================================================
   119                      <       ;               System base Control Registers
   120                      <       ;               Base Address Start from 0x3000 
   121                      <       ;===============================================================
   122                      <       ;==============  BANK Register  =============
   123                      <       P_BANK_Sel:                     .EQU    P_System_Ctrl_Base+0x00 ;$0x3000
   124                      <       
   125                      <       ;==========  CPU & Clock Register  ==========
   126                      <       P_CLK_IOSC_Ctrl:                 .EQU    P_System_Ctrl_Base+0x07 ;$0x3007
   127                      <       	D_CPUSysClkDiv1:				.EQU	00000000B
   128                      <       	D_CPUSysClkDiv2:				.EQU	00000001B
   129                      <       	D_CPUSysClkDiv4:				.EQU	00000010B
   130                      <       	D_CPUSysClkDiv8:				.EQU	00000011B
   131                      <       	D_SYS32K:						.EQU	00000000B
   132                      <       	D_SYS2M:						.EQU	00010000B
   133                      <       	D_SYS4M:						.EQU	00100000B
   134                      <       	D_SYS8M:						.EQU	00110000B	
   135                      <       	
   136                      <       P_SLP_Ctrl:						.EQU    P_System_Ctrl_Base+0x09 ;$0x3009
   137                      <       	D_SleepMode:					.EQU	01011010B
   138                      <       	D_GreenMode:					.EQU	10100101B
   139                      <       	
   140                      <       ;================  LVD Ctrl  ================
   141                      <       P_LVD_Ctrl:                     .EQU    P_System_Ctrl_Base+0x0A ;$0x300A
   142                      <       	D_LVDEn:						.EQU	10000000B
   143                      <       	D_LVDStatus:					.EQU	00100000B
   144                      <       	D_LVD2P1V:						.EQU	00000000B	
   145                      <       	D_LVD2P4V:						.EQU	00000001B	
   146                      <       	D_LVD3P0V:						.EQU	00000010B	
   147                      <       	D_LVD3P3V:						.EQU	00000011B	
   148                      <       	D_LVDLevelMask:					.EQU	00000011B	
   149                      <       		
   150                      <       ;===========  Watch Dog Register  ===========
   151                      <       P_WDT_Clear:					.EQU    P_System_Ctrl_Base+0x0B ;$0x300B
   152                      <       
   153                      <       ;=============  Reset Register  =============
   154                      <       P_RESET_Ctrl:					.EQU    P_System_Ctrl_Base+0x0C ;$0x300C
   155                      <       	D_LVRResetEn:					.EQU	00000001B
   156                      <       	D_IllegalAddrResetEn:			.EQU	00000010B
   157                      <       	D_SWResetEn:					.EQU	00000100B
   158                      <       	D_WDTResetEn:					.EQU	00001000B	
   159                      <       	
   160                      <       P_RESET_Status:					.EQU    P_System_Ctrl_Base+0x0D ;$0x300D
   161                      <       	D_LVRResetFlag:					.EQU	00000001B
   162                      <       	D_IllegalAddrResetFlag:			.EQU	00000010B
   163                      <       	D_SWResetFlag:					.EQU	00000100B
   164                      <       	D_WDTResetFlag:					.EQU	00001000B
   165                      <       	
   166                      <       
   167                      <       ;===============================================================
   168                      <       ;               IO base Control Registers
   169                      <       ;               Base Address Start from 0x3080 
   170                      <       ;=============================================================== 
   171                      <       ;===============  IO Register  ==============
   172                      <       P_IO_Ctrl1:                      .EQU    P_IO_Ctrl_Base+0x00     ;$0x3080
   173                      <       	D_IRDuty2:						.EQU	00000000B
   174                      <       	D_IRDuty3:						.EQU	00000010B
   175                      <       	D_IRDuty4:						.EQU	00000100B
   176                      <       	D_IRDuty5:						.EQU	00000110B	
   177                      <       	D_IREn:							.EQU	00001000B
   178                      <       	D_ExtI1Edge:					.EQU	00010000B
   179                      <       	D_ExtI1En:						.EQU	00100000B
   180                      <       	D_ExtI2Edge:					.EQU	01000000B
   181                      <       	D_ExtI2En:						.EQU	10000000B
   182                      <       	
   183                      <       P_IO_Ctrl2:                      .EQU    P_IO_Ctrl_Base+0x01     ;$0x3081
   184                      <       	D_RFC1En:						.EQU	00000001B
   185                      <       	D_RFC2En:						.EQU	00000010B	
   186                      <       	D_RFC1OutEn:					.EQU	00000100B
   187                      <       	D_RFC2OutEn:					.EQU	00001000B
   188                      <       	D_PA32KOutEn:					.EQU	01000000B
   189                      <       	D_PD32KOutEn:					.EQU	10000000B
   190                      <       	
   191                      <       P_IO_RFC_Ctrl:                   .EQU    P_IO_Ctrl_Base+0x02     ;$0x3082
   192                      <       	D_REF2En:						.EQU	00000001B
   193                      <       	D_SEN2AEn:						.EQU	00000010B
   194                      <       	D_SEN2BEn:						.EQU	00001000B	
   195                      <       	D_REF1En:						.EQU	00010000B
   196                      <       	D_SEN1AEn:						.EQU	00100000B
   197                      <       	D_SEN1BEn:						.EQU	10000000B
   198                      <       	
   199                      <       P_IO_LCDPORT_Ctrl:              .EQU    P_IO_Ctrl_Base+0x03     ;$0x3083
   200                      <       	D_PCEn:							.EQU	00000001B	
   201                      <       	D_PDEn:							.EQU	00000010B
   202                      <       	D_PEEn:							.EQU	00000100B
   203                      <       	D_ShiftSeg0:					.EQU	00000000B
   204                      <       	D_ShiftSeg8:					.EQU	00010000B
   205                      <       	D_ShiftSeg16:					.EQU	00100000B
   206                      <       	D_ShiftSeg24:					.EQU	00110000B	
   207                      <       		
   208                      <       P_IO_KeyChange_Ctrl1:           .EQU    P_IO_Ctrl_Base+0x04     ;$0x3084
   209                      <       P_IO_KeyChange_Ctrl2:           .EQU    P_IO_Ctrl_Base+0x05     ;$0x3085
   210                      <       
   211                      <       P_IO_PB_LINEN_Ctrl:				.EQU    P_IO_Ctrl_Base+0x06     ;$0x3086
   212                      <       
   213                      <       P_IO_PortA_Dir:                 .EQU    P_IO_Ctrl_Base+0x08     ;$0x3088
   214                      <       P_IO_PortA_Attrib:              .EQU    P_IO_Ctrl_Base+0x09     ;$0x3089
   215                      <       P_IO_PortA_Data:                .EQU    P_IO_Ctrl_Base+0x0A     ;$0x308A
   216                      <       P_IO_PortA_Buffer:              .EQU    P_IO_Ctrl_Base+0x0B     ;$0x308B
   217                      <       P_IO_PortA_SMT_En:				.EQU    P_IO_Ctrl_Base+0x0C     ;$0x308C
   218                      <       
   219                      <       P_IO_PortB_Dir:                 .EQU    P_IO_Ctrl_Base+0x10     ;$0x3090
   220                      <       P_IO_PortB_Attrib:              .EQU    P_IO_Ctrl_Base+0x11     ;$0x3091
   221                      <       P_IO_PortB_Data:                .EQU    P_IO_Ctrl_Base+0x12     ;$0x3092
   222                      <       P_IO_PortB_Buffer:              .EQU    P_IO_Ctrl_Base+0x13     ;$0x3093
   223                      <       P_IO_PortB_SMT_En:				.EQU    P_IO_Ctrl_Base+0x14     ;$0x3094
   224                      <       	
   225                      <       P_IO_PortC_Dir:                 .EQU    P_IO_Ctrl_Base+0x18     ;$0x3098
   226                      <       P_IO_PortC_Attrib:              .EQU    P_IO_Ctrl_Base+0x19     ;$0x3099
   227                      <       P_IO_PortC_Data:                .EQU    P_IO_Ctrl_Base+0x1A     ;$0x309A
   228                      <       P_IO_PortC_Buffer:              .EQU    P_IO_Ctrl_Base+0x1B     ;$0x309B
   229                      <       P_IO_PortC_SMT_En:				.EQU    P_IO_Ctrl_Base+0x1C     ;$0x309C
   230                      <       
   231                      <       P_IO_PortD_Dir:                 .EQU    P_IO_Ctrl_Base+0x20     ;$0x30A0
   232                      <       P_IO_PortD_Attrib:              .EQU    P_IO_Ctrl_Base+0x21     ;$0x30A1
   233                      <       P_IO_PortD_Data:                .EQU    P_IO_Ctrl_Base+0x22     ;$0x30A2
   234                      <       P_IO_PortD_Buffer:              .EQU    P_IO_Ctrl_Base+0x23     ;$0x30A3
   235                      <       P_IO_PortD_SMT_En:				.EQU    P_IO_Ctrl_Base+0x24     ;$0x30A4
   236                      <       
   237                      <       P_IO_PortE_Dir:                 .EQU    P_IO_Ctrl_Base+0x28     ;$0x30A8
   238                      <       P_IO_PortE_Attrib:              .EQU    P_IO_Ctrl_Base+0x29     ;$0x30A9
   239                      <       P_IO_PortE_Data:                .EQU    P_IO_Ctrl_Base+0x2A     ;$0x30AA
   240                      <       P_IO_PortE_Buffer:              .EQU    P_IO_Ctrl_Base+0x2B     ;$0x30AB
   241                      <       P_IO_PortE_SMT_En:				.EQU    P_IO_Ctrl_Base+0x2C     ;$0x30AC
   242                      <       	
   243                      <       
   244                      <       P_IO_Ctrl3:                     .EQU    P_IO_Ctrl_Base+0x30     ;$0x30B0
   245                      <       	D_PFEn:							.EQU	00000001B
   246                      <       	D_PGEn:							.EQU	00000010B
   247                      <       
   248                      <       P_IO_PortF_Buffer:				.EQU    P_IO_Ctrl_Base+0x31     ;$0x30B1
   249                      <       P_IO_PortG_Buffer:				.EQU    P_IO_Ctrl_Base+0x32     ;$0x30B2	
   250                      <       ;===============================================================
   251                      <       ;               Interrupt base Control Registers
   252                      <       ;               Base Address Start from 0x30C0 
   253                      <       ;=============================================================== 
   254                      <       ;============  INT/NMI Register  ============
   255                      <       P_NMI_Ctrl:                     .EQU    P_INT_Ctrl_Base+0x00    ;$0x30C0 
   256                      <       	D_LVDNMIEn:						.EQU	00000001B
   257                      <       	D_TM1NMIEn:						.EQU	00000010B
   258                      <       	D_TM0NMIEn:						.EQU	00000100B	
   259                      <       	D_ILLADRNMIEn:					.EQU	00010000B
   260                      <       	
   261                      <       P_NMI_Status:                   .EQU    P_INT_Ctrl_Base+0x01    ;$0x30C1
   262                      <       	D_LVDNMIFlag:						.EQU	00000001B
   263                      <       	D_TM1NMIFlag:						.EQU	00000010B
   264                      <       	D_TM0NMIFlag:						.EQU	00000100B	
   265                      <       	D_ILLADRNMIFlag:					.EQU	00010000B	
   266                      <       	
   267                      <       P_INT_Ctrl1:                    .EQU    P_INT_Ctrl_Base+0x02    ;$0x30C2
   268                      <       	D_FPIntEn:						.EQU	00000001B
   269                      <       	D_SPIInt_En:					.EQU	00000010B
   270                      <       	D_TM0IntEn:						.EQU	10000000B	
   271                      <       	
   272                      <       P_INT_Ctrl2:                    .EQU    P_INT_Ctrl_Base+0x03    ;$0x30C3   
   273                      <       	D_ExtI1IntEn:					.EQU	00000001B	
   274                      <       	D_ExtI2IntEn:					.EQU	00000010B
   275                      <       	D_TBLIntEn:						.EQU	00000100B
   276                      <       	D_TBHIntEn:						.EQU	00001000B	
   277                      <       	D_KeyIntEn:						.EQU	00010000B		
   278                      <       	D_TM1IntEn:						.EQU	00100000B
   279                      <       	D_RFCTM0IntEn:					.EQU	01000000B
   280                      <       	D_RFCTM1IntEn:					.EQU	10000000B
   281                      <       		
   282                      <       P_INT_Ctrl3:                    .EQU    P_INT_Ctrl_Base+0x04    ;$0x30C4 
   283                      <       	D_LVDIntEn:						.EQU	00000001B	
   284                      <       	D_ADCIntEn:						.EQU	00000010B
   285                      <       	D_UARTIntEn:					.EQU	00000100B
   286                      <       	D_SWTIntEn:						.EQU	00001000B
   287                      <       	D_I2CIntEn:						.EQU	00010000B
   288                      <       	D_PWMTMIntEn:					.EQU	00100000B
   289                      <       	D_CaptureIntEn:					.EQU	01000000B	
   290                      <       	
   291                      <       P_INT_Status1:            		.EQU    P_INT_Ctrl_Base+0x0A    ;$0x30CA 
   292                      <       	D_FP_Flag:						.EQU	00000001B
   293                      <       	D_SPI_Flag:						.EQU	00000010B
   294                      <       	D_TM0_Flag:						.EQU	10000000B	
   295                      <       	
   296                      <       P_INT_Status2:            		.EQU    P_INT_Ctrl_Base+0x0B    ;$0x30CB
   297                      <       	D_EXT1_Flag:					.EQU	00000001B
   298                      <       	D_EXT2_Flag:					.EQU	00000010B
   299                      <       	D_TBL_Flag:						.EQU	00000100B
   300                      <       	D_TBH_Flag:						.EQU	00001000B
   301                      <       	D_Key_Flag:						.EQU	00010000B
   302                      <       	D_TM1_Flag:						.EQU	00100000B
   303                      <       	D_RFCTM0_Flag:					.EQU	01000000B	
   304                      <       	D_RFCTM1_Flag:					.EQU	10000000B
   305                      <       	
   306                      <       P_INT_Status3:            		.EQU    P_INT_Ctrl_Base+0x0C    ;$0x30CC
   307                      <       	D_LVD_Flag:						.EQU	00000001B	
   308                      <       	D_ADC_Flag:						.EQU	00000010B
   309                      <       	D_UART_Flag:					.EQU	00000100B
   310                      <       	D_SWT_Flag:						.EQU	00001000B
   311                      <       	D_I2C_Flag:						.EQU	00010000B
   312                      <       	D_PWMTM_Flag:					.EQU	00100000B
   313                      <       	D_Capture_Flag:					.EQU	01000000B
   314                      <       	
   315                      <       P_INT_FP_Clear:					.EQU    P_INT_Ctrl_Base+0x10    ;$0x30D0 
   316                      <       P_INT_SPI_Clear:				.EQU    P_INT_Ctrl_Base+0x11    ;$0x30D1
   317                      <       P_INT_TM0_Clear:				.EQU    P_INT_Ctrl_Base+0x17    ;$0x30D7
   318                      <       P_INT_EXT1_Clear:				.EQU    P_INT_Ctrl_Base+0x18    ;$0x30D8
   319                      <       P_INT_EXT2_Clear:				.EQU    P_INT_Ctrl_Base+0x19    ;$0x30D9
   320                      <       P_INT_TBL_Clear:				.EQU    P_INT_Ctrl_Base+0x1A    ;$0x30DA 
   321                      <       P_INT_TBH_Clear:				.EQU    P_INT_Ctrl_Base+0x1B    ;$0x30DB 
   322                      <       P_INT_KEY_Clear:				.EQU    P_INT_Ctrl_Base+0x1C    ;$0x30DC
   323                      <       P_INT_TM1_Clear:				.EQU    P_INT_Ctrl_Base+0x1D    ;$0x30DD
   324                      <       P_INT_RFCTM0_Clear:				.EQU	P_INT_Ctrl_Base+0x1E    ;$0x30DE
   325                      <       P_INT_RFCTM1_Clear:				.EQU	P_INT_Ctrl_Base+0x1F    ;$0x30DF	
   326                      <       P_INT_LVD_Clear:				.EQU    P_INT_Ctrl_Base+0x20    ;$0x30E0
   327                      <       P_INT_ADC_Clear:				.EQU    P_INT_Ctrl_Base+0x21    ;$0x30E1
   328                      <       P_INT_UART_Clear:				.EQU    P_INT_Ctrl_Base+0x22    ;$0x30E2
   329                      <       P_INT_SWT_Clear:				.EQU    P_INT_Ctrl_Base+0x23    ;$0x30E3
   330                      <       P_INT_I2C_Clear:				.EQU    P_INT_Ctrl_Base+0x24    ;$0x30E4
   331                      <       P_INT_PWMTM_Clear:				.EQU    P_INT_Ctrl_Base+0x25    ;$0x30E5
   332                      <       P_INT_Capture_Clear:			.EQU    P_INT_Ctrl_Base+0x26    ;$0x30E6
   333                      <       P_NMI_LVD_Clear:				.EQU    P_INT_Ctrl_Base+0x30    ;$0x30F0
   334                      <       P_NMI_TM1_Clear:				.EQU    P_INT_Ctrl_Base+0x31    ;$0x30F1
   335                      <       P_NMI_TM0_Clear:				.EQU    P_INT_Ctrl_Base+0x32    ;$0x30F2
   336                      <       P_NMI_ILLADDR_Clear:			.EQU    P_INT_Ctrl_Base+0x34    ;$0x30F4
   337                      <       
   338                      <       
   339                      <       ;===============================================================
   340                      <       ;               TIME base Control Registers
   341                      <       ;               Base Address Start from 0x3110 
   342                      <       ;=============================================================== 
   343                      <       ;=============  Timer Register  =============
   344                      <       P_TIMER_TimeBase_Ctrl1:         .EQU    P_TIMER_Ctrl_Base+0x00  ;$0x3110
   345                      <       	D_TBRUN:						.EQU	00000001B
   346                      <       	D_TBRST:						.EQU	00010000B
   347                      <       	
   348                      <       P_TIMER_TimeBase_CNT:           .EQU    P_TIMER_Ctrl_Base+0x01  ;$0x3111
   349                      <       
   350                      <       P_TIMER_TimeBase_Ctrl2:		    .EQU    P_TIMER_Ctrl_Base+0x02  ;$0x3112
   351                      <       	D_1KHzEn:						.EQU	00000001B	
   352                      <       	D_512HzEn:						.EQU	00000010B	
   353                      <       	D_256HzEn:						.EQU	00000100B
   354                      <       	D_128HzEn:						.EQU	00001000B	
   355                      <       	D_32HzEn:						.EQU	00010000B	
   356                      <       	D_8HzEn:						.EQU	00100000B
   357                      <       	D_2HzEn:						.EQU	01000000B	
   358                      <       	D_1HzEn:						.EQU	10000000B	
   359                      <       	
   360                      <       P_TIMER_TimeBase_Status:            .EQU    P_TIMER_Ctrl_Base+0x03  ;$0x3113
   361                      <       	D_1KHz_Flag:					.EQU	00000001B	
   362                      <       	D_512Hz_Flag:					.EQU	00000010B	
   363                      <       	D_256Hz_Flag:					.EQU	00000100B
   364                      <       	D_128Hz_Flag:					.EQU	00001000B	
   365                      <       	D_32Hz_Flag:					.EQU	00010000B	
   366                      <       	D_8Hz_Flag:						.EQU	00100000B
   367                      <       	D_2Hz_Flag:						.EQU	01000000B	
   368                      <       	D_1Hz_Flag:						.EQU	10000000B
   369                      <       		
   370                      <       P_TIMER_EN:						.EQU	P_TIMER_Ctrl_Base+0x04  ;$0x3114
   371                      <       	D_TM0En:						.EQU	00000001B
   372                      <       	D_TM1En:						.EQU	00000010B
   373                      <       	
   374                      <       P_TIMER_Timer_Ctrl:         	.EQU    P_TIMER_Ctrl_Base+0x05  ;$0x3115	
   375                      <       	D_TM1stop:						.EQU	00000000B
   376                      <       	D_TM1ClkSysClk:					.EQU	00000001B
   377                      <       	D_TM1Clk32K:					.EQU	00000010B
   378                      <       	D_TM1ClkTM0:					.EQU	00000011B
   379                      <       	
   380                      <       	D_TM0Stop:						.EQU	00000000B
   381                      <       	D_TM0AClkSysClk:				.EQU	00100000B
   382                      <       	D_TM0AClk32K:					.EQU	01000000B
   383                      <       	D_TM0AClkEXT1:					.EQU	01100000B	
   384                      <       	D_TM0AClkEXT2:					.EQU	10000000B
   385                      <       	
   386                      <       	D_TM0BClkVDD:					.EQU	00000000B
   387                      <       	D_TM0BClkEXT1:					.EQU	00001000B
   388                      <       	D_TM0BClkEXT2:					.EQU	00001100B
   389                      <       	D_TM0BClk2Hz:					.EQU	00010000B	
   390                      <       	D_TM0BClk8Hz:					.EQU	00010100B
   391                      <       	D_TM0BClk32Hz:					.EQU	00011000B
   392                      <       	D_TM0BClk64Hz:					.EQU	00011100B	
   393                      <       
   394                      <       
   395                      <       P_TIMER_TM0Data_LB:             .EQU    P_TIMER_Ctrl_Base+0x08  ;$0x3118
   396                      <       P_TIMER_TM0Data_HB:             .EQU    P_TIMER_Ctrl_Base+0x09  ;$0x3119
   397                      <       P_TIMER_TM0CntData_LB:          .EQU    P_TIMER_Ctrl_Base+0x0A  ;$0x311A
   398                      <       P_TIMER_TM0CntData_HB:          .EQU    P_TIMER_Ctrl_Base+0x0B  ;$0x311B
   399                      <       
   400                      <       P_TIMER_TM1Data_LB:             .EQU    P_TIMER_Ctrl_Base+0x0C  ;$0x311C
   401                      <       P_TIMER_TM1Data_HB:             .EQU    P_TIMER_Ctrl_Base+0x0D  ;$0x311D
   402                      <       P_TIMER_TM1CntData_LB:          .EQU    P_TIMER_Ctrl_Base+0x0E  ;$0x311E
   403                      <       P_TIMER_TM1CntData_HB:          .EQU    P_TIMER_Ctrl_Base+0x0F  ;$0x311F
   404                      <       
   405                      <       
   406                      <       ;===============================================================
   407                      <       ;               SWT base Control Registers
   408                      <       ;               Base Address Start from 0x3200 
   409                      <       ;=============================================================== 
   410                      <       P_SWT_CTRL1:					.EQU    P_SWT_Ctrl_Base+0x00	;$0x3200
   411                      <       	D_SWTRun:						.EQU	00000001B
   412                      <       	D_SWTRst:						.EQU	00010000B	
   413                      <       
   414                      <       P_SWT_BCD_CNT:					.EQU    P_SWT_Ctrl_Base+0x01	;$0x3201
   415                      <       
   416                      <       P_SWT_1K_BCD:					.EQU    P_SWT_Ctrl_Base+0x02	;$0x3202
   417                      <       
   418                      <       P_SWT_Ctrl2:					.EQU    P_SWT_Ctrl_Base+0x03	;$0x3203
   419                      <       	D_T1HzEn:						.EQU	00000001B
   420                      <       	D_T10HzEn:						.EQU	00000010B
   421                      <       	D_T100HzEn:						.EQU	00000100B
   422                      <       	D_T1KHzEn:						.EQU	00001000B	
   423                      <       	
   424                      <       P_SWT_Status:					.EQU    P_SWT_Ctrl_Base+0x04	;$0x3204
   425                      <       	D_T1Hz_Flag:					.EQU	00000001B
   426                      <       	D_T10Hz_Flag:					.EQU	00000010B
   427                      <       	D_T100Hz_Flag:					.EQU	00000100B
   428                      <       	D_T1KHz_Flag:					.EQU	00001000B	
   429                      <       	
   430                      <       
   431                      <       ;===============================================================
   432                      <       ;               UART base Control Registers
   433                      <       ;               Base Address Start from 0x3150 
   434                      <       ;===============================================================
   435                      <       P_UART_Data:           			.EQU    P_UART_Ctrl_Base+0x00  ;$0x3150
   436                      <       
   437                      <       P_UART_RX_Status:           	.EQU    P_UART_Ctrl_Base+0x01  ;$0x3151
   438                      <       	D_FrameErrorFlag:				.EQU		00000001B
   439                      <       	D_ParityErrorFlag:				.EQU		00000010B
   440                      <       	D_BreakErrorFlag:				.EQU		00000100B
   441                      <       	D_OverrunErrorFlag:				.EQU		00001000B
   442                      <       	
   443                      <       	
   444                      <       P_UART_Ctrl1:           		.EQU    P_UART_Ctrl_Base+0x02  ;$0x3152	
   445                      <       	D_UARTReset:					.EQU		00001000B
   446                      <       	D_UARTEn:						.EQU		00010000B
   447                      <       	D_UARTRxTimeoutIntEn:			.EQU		00100000B
   448                      <       	D_UARTTxIntEn:					.EQU		01000000B
   449                      <       	D_UARTRxIntEn:					.EQU		10000000B
   450                      <       	
   451                      <       P_UART_Ctrl2:           		.EQU    P_UART_Ctrl_Base+0x03  ;$0x3153
   452                      <       	D_UARTSendBreak:				.EQU		00000001B
   453                      <       	D_UARTParityEn:					.EQU		00000010B
   454                      <       	D_UARTParityOdd:				.EQU		00000000B
   455                      <       	D_UARTParityEven:				.EQU		00000100B	
   456                      <       	D_UARTStopBit1:					.EQU		00000000B
   457                      <       	D_UARTStopBit2:					.EQU		00001000B	
   458                      <       	D_UARTFIFOEn:					.EQU		00010000B
   459                      <       	D_UARTDataBit5:					.EQU		00000000B
   460                      <       	D_UARTDataBit6:					.EQU		00100000B
   461                      <       	D_UARTDataBit7:					.EQU		01000000B
   462                      <       	D_UARTDataBit8:					.EQU		01100000B
   463                      <       	
   464                      <       P_UART_BaudRate_HB:           	.EQU    P_UART_Ctrl_Base+0x04  ;$0x3154
   465                      <       P_UART_BaudRate_LB:           	.EQU    P_UART_Ctrl_Base+0x05  ;$0x3155
   466                      <       
   467                      <       P_UART_Status1:           		.EQU    P_UART_Ctrl_Base+0x06  ;$0x3156
   468                      <       	D_RxTimeOutFlag:				.EQU		00100000B
   469                      <       	D_TxIntFlag:					.EQU 		01000000B
   470                      <       	D_RxIntFlag:					.EQU		10000000B
   471                      <       	
   472                      <       P_UART_Status2:           		.EQU    P_UART_Ctrl_Base+0x07  ;$0x3157
   473                      <       	D_UARTBusy:						.EQU		00001000B
   474                      <       	D_UARTRxFIFOEmpty:				.EQU		00010000B
   475                      <       	D_UARTTxFIFOFull:				.EQU		00100000B
   476                      <       	D_UARTRxFIFOFull:				.EQU		01000000B
   477                      <       	D_UARTTxFIFOEmpty:				.EQU		10000000B	
   478                      <       	
   479                      <       P_UART_FMD:           			.EQU    P_UART_Ctrl_Base+0x0A  ;$0x315A
   480                      <       
   481                      <       ;===============================================================
   482                      <       ;               SPI base Control Registers
   483                      <       ;               Base Address Start from 0x3180 
   484                      <       ;=============================================================== 
   485                      <       ;==============  SPI Register  ==============
   486                      <       .IF (GPL815P04Ax+GPL815P04Ax_16KB+GPL815P04Bx+GPL815P04Bx_15KB+GPL815P03Ax+GPL815P03Bx)
   487                      <       P_SPI_Ctrl:                    .EQU    P_SPI_Ctrl_Base+0x00    ;$0x3180
   488                      <       	D_SPICpuClkDiv2:				.EQU		00000000B
   489                      <       	D_SPICpuClkDiv4:				.EQU		00000001B
   490                      <       	D_SPICpuClkDiv8:				.EQU		00000010B
   491                      <       	D_SPICpuClkDiv16:				.EQU		00000011B
   492                      <       	D_SPICpuClkDiv32:				.EQU		00000100B
   493                      <       	D_SPICpuClkDiv64:				.EQU		00000101B
   494                      <       	D_SPICpuClkDiv128:				.EQU		00000110B
   495                      <       	D_SPIPolarity:					.EQU		00001000B
   496                      <       	D_SPIPhase:						.EQU		00010000B
   497                      <       	D_SPIMaster:					.EQU		00000000B
   498                      <       	D_SPISlaver:					.EQU		00100000B
   499                      <       	D_SPISelfLoopEn:				.EQU		01000000B
   500                      <       	D_SPIEn:						.EQU		10000000B
   501                      <       	
   502                      <       P_SPI_TX_Status:               .EQU    P_SPI_Ctrl_Base+0x01    ;$0x3181
   503                      <       	D_SPITxEmptyFlag:				.EQU		00000010B	
   504                      <       	D_SPITxIntEn:					.EQU		01000000B
   505                      <       	D_SPITxIntFlag:					.EQU		10000000B
   506                      <       	
   507                      <       P_SPI_TX_Ctrl:                 .EQU    P_SPI_Ctrl_Base+0x02    ;$0x3182
   508                      <       	D_SPITxFIFODataLvMask:			.EQU		00000111B
   509                      <       	D_SPITxFIFOIntLvMask:			.EQU		01110000B
   510                      <       
   511                      <       P_SPI_TX_Data:                 .EQU    P_SPI_Ctrl_Base+0x03    ;$0x3183
   512                      <       
   513                      <       P_SPI_RX_Status:               .EQU    P_SPI_Ctrl_Base+0x04    ;$0x3184
   514                      <       	D_SPIRxFIFOOverRun:				.EQU		00000001B	
   515                      <       	D_SPIRxStatusFIFOFull:			.EQU		00000010B
   516                      <       	D_SPIRxIntEn:					.EQU		01000000B
   517                      <       	D_SPIRxIntFlag:					.EQU		10000000B
   518                      <       	
   519                      <       P_SPI_RX_Ctrl:                 .EQU    P_SPI_Ctrl_Base+0x05    ;$0x3185
   520                      <       	D_SPIRxFIFODataLvMask:			.EQU		00000111B
   521                      <       	D_SPIRxFIFOIntLvMask:			.EQU		01110000B
   522                      <       
   523                      <       P_SPI_RX_Data:                 .EQU    P_SPI_Ctrl_Base+0x06    ;$0x3186
   524                      <       
   525                      <       P_SPI_Misc_Ctrl:               .EQU    P_SPI_Ctrl_Base+0x07    ;$0x3187
   526                      <       	D_SPITxFIFOEmpty:				.EQU		00000001B	
   527                      <       	D_SPITxFIFONotFull:				.EQU		00000010B
   528                      <       	D_SPIRxFIFONotEmpty:			.EQU		00000100B
   529                      <       	D_SPIMiscRxFIFOFull:			.EQU		00001000B
   530                      <       	D_SPIBusy:						.EQU		00010000B
   531                      <       	D_SPISmartEn:					.EQU		00100000B
   532                      <       	D_SPIOverWriteEn:				.EQU		01000000B
   533                      <       	D_SPIFIFOReset:					.EQU		10000000B
   534                      <       	
   535                      <       P_SPI_Port_Ctrl:               .EQU    P_SPI_Ctrl_Base+0x08    ;$0x3188
   536                      <       	D_SPIAutoRead:					.EQU		00000001B
   537                      <       	D_SPIIO:						.EQU		00000000B
   538                      <       	D_SPIPB:						.EQU		00000000B
   539                      <       	D_SPIPD:						.EQU		00001000B	
   540                      <       	D_SPICSDisable:					.EQU		00010000B
   541                      <       .ENDIF	
   542                      <       	
   543                      <       ;===============================================================
   544                      <       ;               ADC base Control Registers
   545                      <       ;               Base Address Start from 0x3340 
   546                      <       ;===============================================================
   547                      <       P_ADC_Ctrl1:					.EQU    P_ADC_Ctrl_Base+0x00    ;$0x3340
   548                      <       	D_ADCClkDiv2:					.EQU		00000000B
   549                      <       	D_ADCClkDiv4:					.EQU		00000001B
   550                      <       	D_ADCClkDiv8:					.EQU		00000010B
   551                      <       	D_ADCClkDiv12:					.EQU		00000011B
   552                      <       	D_ADCClkDiv16:					.EQU		00000100B	
   553                      <       	D_ADCClkDiv20:					.EQU		00000101B	
   554                      <       	D_ADCClkDiv24:					.EQU		00000110B	
   555                      <       	D_ADCClkDiv28:					.EQU		00000111B	
   556                      <       	
   557                      <       	D_ADCSHCycle2:					.EQU		00000000B
   558                      <       	D_ADCSHCycle4:					.EQU		00001000B
   559                      <       	D_ADCSHCycle8:					.EQU		00010000B	
   560                      <       	D_ADCSHCycle16:					.EQU		00011000B
   561                      <       	
   562                      <       	D_ADCTrigManual:				.EQU		00000000B	
   563                      <       	D_ADCTrigTM0:					.EQU		00100000B	
   564                      <       	D_ADCTrigTM1:					.EQU		01000000B
   565                      <       	
   566                      <       	D_ADCStart:						.EQU		10000000B
   567                      <       	
   568                      <       P_ADC_Ctrl2:					.EQU    P_ADC_Ctrl_Base+0x01    ;$0x3341
   569                      <       	D_ADCPB0:						.EQU		00000000B
   570                      <       	D_ADCPB1:						.EQU		00000001B	
   571                      <       	D_ADCPB2:						.EQU		00000010B	
   572                      <       	D_ADCPB3:						.EQU		00000011B	
   573                      <       	D_ADCPB4:						.EQU		00000100B	
   574                      <       	D_ADCPB5:						.EQU		00000101B	
   575                      <       	D_ADCPB6:						.EQU		00000110B	
   576                      <       	D_ADCPB7:						.EQU		00000111B
   577                      <       	D_ADCVREG:						.EQU		00001000B
   578                      <       	D_ADCVBAT:						.EQU		00001001B	
   579                      <       	D_ADCDiv5VDD:					.EQU		00001010B	
   580                      <       	D_ADCVSS:						.EQU		00001011B	
   581                      <       	
   582                      <       	D_ADCEn:						.EQU		00010000B		
   583                      <       	D_BatteryDetectEn:				.EQU		00100000B	
   584                      <       	D_ADCIntEnable:					.EQU		01000000B
   585                      <       	D_ADCStatus:					.EQU		10000000B	
   586                      <       	
   587                      <       P_ADC_Data_LB:					.EQU    P_ADC_Ctrl_Base+0x02    ;$0x3342
   588                      <       P_ADC_Data_HB:					.EQU    P_ADC_Ctrl_Base+0x03    ;$0x3343
   589                      <       P_ADC_VREF_Ctrl:				.EQU    P_ADC_Ctrl_Base+0x04    ;$0x3344
   590                      <       	D_ADCVregEn:					.EQU		00000001B
   591                      <       	D_ADCVreg1P8V:					.EQU		00000000B	
   592                      <       	D_ADCVreg2V:					.EQU		00000010B	
   593                      <       	D_ADCVreg2P4V:					.EQU		00000100B	
   594                      <       	D_ADCVreg2P6V:					.EQU		00000110B	
   595                      <       	D_ADCVreg3V:					.EQU		00001000B	
   596                      <       	D_ADCVreg3P2V:					.EQU		00001010B
   597                      <       	D_ADCVreg3P4V:					.EQU		00001100B
   598                      <       	D_ADCVregVDD:					.EQU		00001110B	
   599                      <       
   600                      <       	
   601                      <       ;===============================================================
   602                      <       ;               I2C base Control Registers
   603                      <       ;               Base Address Start from 0x3360 
   604                      <       ;===============================================================
   605                      <       .IF (GPL815P04Ax+GPL815P04Ax_16KB+GPL815P04Bx+GPL815P04Bx_15KB+GPL815P03Ax+GPL815P03Bx)
   606                      <       P_I2C_Ctrl:						.EQU    P_I2C_Ctrl_Base+0x00    ;$0x3360
   607                      <       	D_I2C_En:						.EQU		00000001B	
   608                      <       	D_I2C_TriggerEn:				.EQU		00000010B		
   609                      <       	D_I2C_ClockDiv128:				.EQU		00000000B	
   610                      <       	D_I2C_ClockDiv256:				.EQU		00000100B
   611                      <       	D_I2C_ClockDiv768:				.EQU		00001000B	
   612                      <       	D_I2C_ClockDiv1024:				.EQU		00001100B	
   613                      <       	D_I2C_Slaver:					.EQU		00010000B		
   614                      <       	D_I2C_Master:					.EQU		00000000B	
   615                      <       	D_Master_Nack:					.EQU		00100000B	
   616                      <       	D_Master_Ack:					.EQU		00000000B	
   617                      <       	D_Master_StopEn:				.EQU		01000000B	
   618                      <       	D_Master_StartEn:				.EQU		10000000B
   619                      <       	
   620                      <       P_I2C_Status:						.EQU    P_I2C_Ctrl_Base+0x01    ;$0x3361
   621                      <       	D_I2C_TrsDone:					.EQU		00000001B
   622                      <       	D_I2C_Ack:						.EQU		00000000B
   623                      <       	D_I2C_Nack:						.EQU		00000010B	
   624                      <       	D_I2C_IntEn:					.EQU		00000100B
   625                      <       	D_I2C_DIDErrIntEn:				.EQU		00010000B
   626                      <       	D_I2C_StopOK:					.EQU		00100000B	
   627                      <       	D_I2C_DataOK:					.EQU		01000000B	
   628                      <       	D_I2C_DIDOK:					.EQU		10000000B		
   629                      <       	
   630                      <       P_I2C_ID:						.EQU    P_I2C_Ctrl_Base+0x02    ;$0x3362
   631                      <       	D_I2C_Write:					.EQU		00000000B
   632                      <       	D_I2C_Read:						.EQU		00000001B	
   633                      <       P_I2C_Data:						.EQU    P_I2C_Ctrl_Base+0x03    ;$0x3363
   634                      <       P_I2C_Debounce:					.EQU    P_I2C_Ctrl_Base+0x04    ;$0x3364
   635                      <       .ENDIF
   636                      <       
   637                      <       ;===============================================================
   638                      <       ;               Buzzer base Control Registers
   639                      <       ;               Base Address Start from 0x3371 
   640                      <       ;===============================================================	
   641                      <       P_AUDIO_BZ_Ctrl:						.EQU    P_Buzzer_Ctrl_Base+0x00    ;$0x3371
   642                      <       	D_BZSrc:						.EQU		00000001B
   643                      <       	D_BZOn:							.EQU		10000000B	
   644                      <       
   645                      <       
   646                      <       ;===============================================================
   647                      <       ;               AUX base Registers
   648                      <       ;               Base Address Start from 0x33D0 
   649                      <       ;=============================================================== 
   650                      <       ;=========  Bit Operation Register  ========= 
   651                      <       P_AUX_DataX:                    .EQU    P_AUX_Ctrl_Base+0x00    ;$0x33D0
   652                      <       P_AUX_DataY:                    .EQU    P_AUX_Ctrl_Base+0x01    ;$0x33D1
   653                      <       P_AUX_BPPExtend_IN:             .EQU    P_AUX_Ctrl_Base+0X02    ;$0x33D2
   654                      <       P_AUX_DataX_0H:                 .EQU    P_AUX_Ctrl_Base+0x06    ;$0x33D6
   655                      <       P_AUX_DataX_0L:                 .EQU    P_AUX_Ctrl_Base+0x07    ;$0x33D7
   656                      <       P_AUX_DataY_0H:                 .EQU    P_AUX_Ctrl_Base+0x08    ;$0x33D8
   657                      <       P_AUX_DataY_0L:                 .EQU    P_AUX_Ctrl_Base+0x09    ;$0x33D9
   658                      <       P_AUX_DataX_H0:                 .EQU    P_AUX_Ctrl_Base+0x0A    ;$0x33DA
   659                      <       P_AUX_DataX_L0:                 .EQU    P_AUX_Ctrl_Base+0x0B    ;$0x33DB
   660                      <       P_AUX_DataY_H0:                 .EQU    P_AUX_Ctrl_Base+0x0C    ;$0x33DC
   661                      <       P_AUX_DataY_L0:                 .EQU    P_AUX_Ctrl_Base+0x0D    ;$0x33DD
   662                      <       P_AUX_DataX_LH:                 .EQU    P_AUX_Ctrl_Base+0x0E    ;$0x33DE
   663                      <       P_AUX_DataY_LH:                 .EQU    P_AUX_Ctrl_Base+0x0F    ;$0x33DF
   664                      <       P_AUX_DataXY_XLYH:              .EQU    P_AUX_Ctrl_Base+0x10    ;$0x33E0
   665                      <       P_AUX_DataXY_YLXH:              .EQU    P_AUX_Ctrl_Base+0x11    ;$0x33E1
   666                      <       P_AUX_DataX_Mirror:             .EQU    P_AUX_Ctrl_Base+0x12    ;$0x33E2
   667                      <       P_AUX_DataY_Mirror:             .EQU    P_AUX_Ctrl_Base+0x13    ;$0x33E3
   668                      <       P_AUX_BPPExtendOut_LB:          .EQU    P_AUX_Ctrl_Base+0x14    ;$0x33E4
   669                      <       P_AUX_BPPExtendOut_HB:          .EQU    P_AUX_Ctrl_Base+0x15    ;$0x33E5
   670                      <       
   671                      <       
   672                      <       ;===============================================================
   673                      <       ;               LCD base Registers
   674                      <       ;               Base Address Start from 0x3450 
   675                      <       ;=============================================================== 
   676                      <       ;==============  LCD Register  ==============
   677                      <       P_LCD_Ctrl1:                    .EQU    P_LCD_Ctrl_Base+0x00    ;$0x3450
   678                      <       	D_DisplayOn:					.EQU	00001000B
   679                      <       	D_LCDEn:						.EQU	10000000B
   680                      <       
   681                      <       P_LCD_Ctrl2:                    .EQU    P_LCD_Ctrl_Base+0x01    ;$0x3451
   682                      <       	D_LCDStrobeTimeMask:			.EQU	00001111B
   683                      <       	D_LCDStrobeEn:					.EQU	00010000B
   684                      <       	D_LCDAllOff:					.EQU	00100000B
   685                      <       	D_LCDAllOn:						.EQU	01000000B
   686                      <       	
   687                      <       P_LCD_Clock:                    .EQU    P_LCD_Ctrl_Base+0x02    ;$0x3452
   688                      <       	D_LCDclk32K:					.EQU	00000000B
   689                      <       	D_LCDclk16K:					.EQU	00010000B
   690                      <       	D_LCDclk8K:						.EQU	00100000B	
   691                      <       	D_LCDclk4K:						.EQU	00110000B	
   692                      <       
   693                      <       P_LCD_SEG_Num:					.EQU    P_LCD_Ctrl_Base+0x03    ;$0x3453
   694                      <       	D_32SEG:						.EQU	00000011B	
   695                      <       	D_48SEG:						.EQU	00000101B
   696                      <       	
   697                      <       P_LCD_COM_Num:					.EQU    P_LCD_Ctrl_Base+0x04    ;$0x3454	
   698                      <       	D_5COM:							.EQU	00000100B	
   699                      <       	D_9COM:							.EQU	00001000B
   700                      <       	
   701                      <       P_LCD_FM_Ctrl:					.EQU    P_LCD_Ctrl_Base+0x05    ;$0x3455
   702                      <       	D_LCDBType:						.EQU	00000000B
   703                      <       	D_LCDCType:						.EQU	10000000B	
   704                      <       	
   705                      <       P_LCD_VLCD_Ctrl:                .EQU    P_LCD_Ctrl_Base+0x06    ;$0x3456
   706                      <       
   707                      <       P_LCD_PUMP_Ctrl:                .EQU    P_LCD_Ctrl_Base+0x07    ;$0x3457
   708                      <       	D_PumpClk2K:					.EQU	00000000B
   709                      <       	D_PumpClk4K:					.EQU	00000001B
   710                      <       	D_PumpClk8K:					.EQU	00000010B
   711                      <       	D_PumpClk16K:					.EQU	00000011B	
   712                      <       	D_PumpEn:						.EQU	10000000B
   713                      <       	
   714                      <       P_LCD_BIAS_Ctrl:                .EQU    P_LCD_Ctrl_Base+0x08    ;$0x3458
   715                      <       	D_LCDBias4:						.EQU	00000001B
   716                      <       	D_LCDBias3:						.EQU	00000010B
   717                      <       	D_LCDBias2:						.EQU	00000011B
   718                      <       	
   719                      <       P_LCD_StartAddr_LB:             .EQU    P_LCD_Ctrl_Base+0x09    ;$0x3459	
   720                      <       
   721                      <       
   722                      <       ;===============================================================
   723                      <       ;               PWMIO base Registers
   724                      <       ;               Base Address Start from 0x3490 
   725                      <       ;===============================================================
   726                      <       P_PWMIO_Ctrl:                   .EQU    P_PWMIO_Ctrl_Base+0x00  ;$0x3490
   727                      <       	D_PWMIO0En:						.EQU	00000001B
   728                      <       	D_PWMIO1En:						.EQU	00000010B
   729                      <       	D_PWMIO2En:						.EQU	00000100B	
   730                      <       	D_PWMIO3En:						.EQU	00001000B	
   731                      <       	D_PWMClkSysClk:					.EQU	00000000B
   732                      <       	D_PWMClkSysClk8:				.EQU	00010000B	
   733                      <       	D_PWMClkSysClk64:				.EQU	00100000B	
   734                      <       	D_PWMClk32K:					.EQU	00110000B
   735                      <       	D_PWMClkTM0:					.EQU	01000000B
   736                      <       	D_PWMClkTM1:					.EQU	01010000B	
   737                      <       	D_PWMClkRFCTM0:					.EQU	01100000B		
   738                      <       	D_PWMClkRFCTM1:					.EQU	01110000B	
   739                      <       
   740                      <       P_PWMIO_Sel:                    .EQU    P_PWMIO_Ctrl_Base+0x01  ;$0x3491
   741                      <       P_PWMIO_Timer_Data:				.EQU    P_PWMIO_Ctrl_Base+0x02  ;$0x3492
   742                      <       P_PWMIO_Timer_Cnt:				.EQU    P_PWMIO_Ctrl_Base+0x03  ;$0x3493
   743                      <       			
   744                      <       P_PWMIO_IO0_DUTY:               .EQU    P_PWMIO_Ctrl_Base+0x04  ;$0x3494
   745                      <       P_PWMIO_IO1_DUTY:               .EQU    P_PWMIO_Ctrl_Base+0x05  ;$0x3495
   746                      <       P_PWMIO_IO2_DUTY:               .EQU    P_PWMIO_Ctrl_Base+0x06  ;$0x3496
   747                      <       P_PWMIO_IO3_DUTY:               .EQU    P_PWMIO_Ctrl_Base+0x07  ;$0x3497
   748                      <       
   749                      <       
   750                      <       ;===============================================================
   751                      <       ;               RFC base Registers
   752                      <       ;               Base Address Start from 0x34C0 
   753                      <       ;===============================================================
   754                      <       P_RFC_Ctrl1:       				.EQU    P_RFC_Ctrl_Base+0x01  ;$0x34C1
   755                      <       	D_AutoStop:						.EQU	01000000B
   756                      <       	D_RFCEn:						.EQU	00010000B	
   757                      <       	D_RFCStart:						.EQU	00000001B	
   758                      <       
   759                      <       P_RFC_Timer_Ctrl:       		.EQU    P_RFC_Ctrl_Base+0x03  ;$0x34C3
   760                      <       	D_RFCTM0En:						.EQU	00000001B
   761                      <       	D_RFCTM1En:						.EQU	00000010B
   762                      <       	D_RFCTM0ClkMask:				.EQU	00011100B
   763                      <       	D_RFCTM0ClkStop:				.EQU	00000000B
   764                      <       	D_RFCTM0ClkIO:					.EQU	00000100B
   765                      <       	D_RFCTM0ClkSysClk:				.EQU	00001100B
   766                      <       	D_RFCTM0ClkSysClk2:				.EQU	00010000B
   767                      <       	D_RFCTM0ClkRFC1:				.EQU	00010100B
   768                      <       	D_RFCTM0ClkRFC2:				.EQU	00011000B
   769                      <       	D_RFCTM0Clk32K:					.EQU	00011100B
   770                      <       	
   771                      <       	D_RFCTM1ClkMask:				.EQU	11100000B
   772                      <       	D_RFCTM1ClkStop:				.EQU	00000000B
   773                      <       	D_RFCTM1ClkSysClk:				.EQU	00100000B
   774                      <       	D_RFCTM1ClkSysClk2:				.EQU	01000000B
   775                      <       	D_RFCTM1ClkSysClk4:				.EQU	01100000B
   776                      <       	D_RFCTM1ClkSysClk8:				.EQU	10000000B
   777                      <       	D_RFCTM1ClkSysClk16:			.EQU	10100000B
   778                      <       	D_RFCTM1ClkSysClk32:			.EQU	11000000B
   779                      <       	D_RFCTM1Clk32K:					.EQU	11100000B
   780                      <       	
   781                      <       P_RFC_Ctrl2:       				.EQU    P_RFC_Ctrl_Base+0x04  ;$0x34C4
   782                      <       	D_RFCCaptureEdgeRising:			.EQU	00000000B
   783                      <       	D_RFCCaptureEdgeFalling:		.EQU	00000100B		
   784                      <       	D_RFCCaptureTrigDis:			.EQU	00000000B	
   785                      <       	D_RFCCaptureTrigTM0:			.EQU	00000001B	
   786                      <       	
   787                      <       P_RFC_TM0Data_LB:       		.EQU    P_RFC_Ctrl_Base+0x06  ;$0x34C6
   788                      <       P_RFC_TM0Data_HB:       		.EQU    P_RFC_Ctrl_Base+0x07  ;$0x34C7
   789                      <       P_RFC_TM0Cnt_LB:       			.EQU    P_RFC_Ctrl_Base+0x08  ;$0x34C8
   790                      <       P_RFC_TM0Cnt_HB:       			.EQU    P_RFC_Ctrl_Base+0x09  ;$0x34C9
   791                      <       
   792                      <       P_RFC_TM1Data_LB:       		.EQU    P_RFC_Ctrl_Base+0x0A  ;$0x34CA
   793                      <       P_RFC_TM1Data_HB:       		.EQU    P_RFC_Ctrl_Base+0x0B  ;$0x34CB
   794                      <       P_RFC_TM1Cnt_LB:				.EQU    P_RFC_Ctrl_Base+0x0C  ;$0x34CC
   795                      <       P_RFC_TM1Cnt_HB:       			.EQU    P_RFC_Ctrl_Base+0x0D  ;$0x34CD
   796                      <       
   797                      <       P_RFC_TM1CapData_LB:       		.EQU    P_RFC_Ctrl_Base+0x0E  ;$0x34CE
   798                      <       P_RFC_TM1CapData_HB:		  	.EQU    P_RFC_Ctrl_Base+0x0F  ;$0x34CF
   799                      <       	
   800                      <       
   801                      <       ;**********************************************************************
   802                      <       ;ROM Checksum
   803                      <       ;**********************************************************************
   804                      <       .IF (GPL815P04Ax)
   805                      <       ;	ROM Checksum : Bank0 address :		  0x4000 ~ 0x7FE5, 0x8000 ~ 0xBFFF
   806                      <       ;				   NMI and Reset Vector : 0xFFFA ~ 0xFFFD
   807                      <       ;				   
   808                      <       	D_Bank0UserRomStartAddr:		.EQU	0x4000		;0x4000 ~ 0x7FE5:User ROM Code
   809                      <       	D_Bank0UserRomEndAddr:			.EQU	0x7FE5
   810                      <       	D_Bank0HUserRomStartAddr:		.EQU	0x8000		;0x8000 ~ 0xBFFF:User ROM Code
   811                      <       	D_Bank0HUserRomEndAddr:			.EQU	0xBFFF	
   812                      <       	D_NMIandResetVectorStartAddr:	.EQU	0x7FFA
   813                      <       	D_NMIandResetVectorEndAddr:		.EQU	0x7FFD	
   814                      <       .ENDIF
   815                      <       
   816                      <       .IF (GPL815P04Ax_16KB)
   817                      <       ;	ROM Checksum : Bank0 address :		  0x4000 ~ 0x7FE5
   818                      <       ;				   NMI and Reset Vector : 0xFFFA ~ 0xFFFD
   819                      <       ;				   
   820                      <       	D_Bank0UserRomStartAddr:		.EQU	0x4000		;0x4000 ~ 0x7FE5:User ROM Code
   821                      <       	D_Bank0UserRomEndAddr:			.EQU	0x7FE5
   822                      <       	D_NMIandResetVectorStartAddr:	.EQU	0x7FFA
   823                      <       	D_NMIandResetVectorEndAddr:		.EQU	0x7FFD	
   824                      <       .ENDIF	
   825                      <       
   826                      <       .IF (GPL815P04Bx)
   827                      <       ;	ROM Checksum : Bank0 address :		  0x4400 ~ 0x7FE5, 0x8000 ~ 0xBFFF (0x4000 ~ 0x43FF for GP Test Code : 1K Bytes)
   828                      <       ;				   NMI and Reset Vector : 0xFFFA ~ 0xFFFD
   829                      <       ;				   
   830                      <       	D_Bank0UserRomStartAddr:		.EQU	0x4400		;0x4400 ~ 0x7FE5:User ROM Code
   831                      <       	D_Bank0UserRomEndAddr:			.EQU	0x7FE5
   832                      <       	D_Bank0HUserRomStartAddr:		.EQU	0x8000		;0x8000 ~ 0xBFFF:User ROM Code
   833                      <       	D_Bank0HUserRomEndAddr:			.EQU	0xBFFF	
   834                      <       	D_NMIandResetVectorStartAddr:	.EQU	0x7FFA
   835                      <       	D_NMIandResetVectorEndAddr:		.EQU	0x7FFD	
   836                      <       .ENDIF	
   837                      <       
   838                      <       .IF (GPL815P04Bx_15KB)
   839                      <       ;	ROM Checksum : Bank0 address :		  0x4400 ~ 0x7FE5 (0x4000 ~ 0x43FF for GP Test Code : 1K Bytes)
   840                      <       ;				   NMI and Reset Vector : 0xFFFA ~ 0xFFFD
   841                      <       ;				   
   842                      <       	D_Bank0UserRomStartAddr:		.EQU	0x4400		;0x4400 ~ 0x7FE5:User ROM Code
   843                      <       	D_Bank0UserRomEndAddr:			.EQU	0x7FE5
   844                      <       	D_NMIandResetVectorStartAddr:	.EQU	0x7FFA
   845                      <       	D_NMIandResetVectorEndAddr:		.EQU	0x7FFD	
   846                      <       .ENDIF
   847                      <       
   848                      <       .IF (GPL815P03Ax)
   849                      <       ;	ROM Checksum : Bank0 address :		  0x4000 ~ 0x7FE5, 0x8000 ~ 0x9FFF
   850                      <       ;				   NMI and Reset Vector : 0xFFFA ~ 0xFFFD
   851                      <       ;				   
   852                      <       	D_Bank0UserRomStartAddr:		.EQU	0x4000		;0x4000 ~ 0x7FE5:User ROM Code
   853                      <       	D_Bank0UserRomEndAddr:			.EQU	0x7FE5
   854                      <       	D_Bank0HUserRomStartAddr:		.EQU	0x8000		;0x8000 ~ 0x9FFF:User ROM Code
   855                      <       	D_Bank0HUserRomEndAddr:			.EQU	0x9FFF	
   856                      <       	D_NMIandResetVectorStartAddr:	.EQU	0x7FFA
   857                      <       	D_NMIandResetVectorEndAddr:		.EQU	0x7FFD
   858                      <       .ENDIF
   859                      <       
   860                      <       .IF (GPL815P03Bx)
   861                      <       ;	ROM Checksum : Bank0 address :		  0x4400 ~ 0x7FE5, 0x8000 ~ 0x9FFF (0x4000 ~ 0x43FF for GP Test Code : 1K Bytes)
   862                      <       ;				   NMI and Reset Vector : 0xFFFA ~ 0xFFFD
   863                      <       ;				   
   864                      <       	D_Bank0UserRomStartAddr:		.EQU	0x4400		;0x4400 ~ 0x7FE5:User ROM Code
   865                      <       	D_Bank0UserRomEndAddr:			.EQU	0x7FE5
   866                      <       	D_Bank0HUserRomStartAddr:		.EQU	0x8000		;0x8000 ~ 0x9FFF:User ROM Code
   867                      <       	D_Bank0HUserRomEndAddr:			.EQU	0x9FFF	
   868                      <       	D_NMIandResetVectorStartAddr:	.EQU	0x7FFA
   869                      <       	D_NMIandResetVectorEndAddr:		.EQU	0x7FFD
   870                      <       .ENDIF	
   871                      <       
   872                      <       .IF (GPL815P02Ax)
   873                      <       ;	ROM Checksum : Bank0 address :		  0x4000 ~ 0x7FE5
   874                      <       ;				   NMI and Reset Vector : 0xFFFA ~ 0xFFFD
   875                      <       ;				   
   876                      <       	D_Bank0UserRomStartAddr:		.EQU	0x4000		;0x4000 ~ 0x7FE5:User ROM Code
   877                      <       	D_Bank0UserRomEndAddr:			.EQU	0x7FE5
   878                      <       	D_NMIandResetVectorStartAddr:	.EQU	0x7FFA
   879                      <       	D_NMIandResetVectorEndAddr:		.EQU	0x7FFD	
   880                      <       .ENDIF	
   881                      <       ; ========================================================================================
   882                      <       ; Macro Name	: M_UserRomChecksum
   883                      <       ; Parameters	: None
   884                      <       ; Return Value	: R_ChecksumResult: bit[7:0]
   885                      <       ;				: R_ChecksumResult + 1: bit[15:8]
   886                      <       ;				: R_ChecksumResult + 2: bit[23:16]
   887                      <       ;				: R_ChecksumResult + 3: bit[31:24]
   888                      <       ; Description	: Calculate user ROM area code checksum
   889                      <       ; Destroy		: A, X
   890                      <       ; Example		: %M_UserRomChecksum	R_ChecksumAddrPtr, R_ChecksumResult
   891                      <       ; ========================================================================================	
   892                      <       %M_UserRomChecksum:	.MACRO	R_ChecksumAddrPtr, R_ChecksumResult
   893                      <       	LDA		#0
   894                      <       	STA		R_ChecksumResult					;Result Byte0
   895                      <       	STA		R_ChecksumResult + 1				;Result Byte1
   896                      <       	STA		R_ChecksumResult + 2				;Result Byte2
   897                      <       	STA		R_ChecksumResult + 3				;Result Byte3
   898                      <       ;=================== Bank 0 ==================================================	
   899                      <       	LDA		#.HIGH.D_Bank0UserRomStartAddr
   900                      <       	STA		R_ChecksumAddrPtr + 1				;Start High Byte
   901                      <       	LDA		#.LOW.D_Bank0UserRomStartAddr
   902                      <       	STA		R_ChecksumAddrPtr					;Start Low Byte
   903                      <       		
   904                      <       	LDY		#0	
   905                      <       
   906                      <       L_ChecksumLoop1?
   907                      <       	STA	   P_WDT_Clear	
   908                      <       	CLC
   909                      <       	LDA		(R_ChecksumAddrPtr),Y
   910                      <       	ADC		R_ChecksumResult					;Result Low Byte
   911                      <       	STA		R_ChecksumResult					;Result Low Byte
   912                      <       	BCC		L_CheckAddress1?
   913                      <       	INC		R_ChecksumResult + 1				;Result Byte1
   914                      <       	BNE		L_CheckAddress1?
   915                      <       	INC		R_ChecksumResult + 2				;Result Byte3
   916                      <       	BNE		L_CheckAddress1?
   917                      <       	INC		R_ChecksumResult + 3				;Result Byte4
   918                      <       		
   919                      <       L_CheckAddress1?:
   920                      <       	LDA		R_ChecksumAddrPtr + 1				;Address Pointer HB
   921                      <       	CMP		#.HIGH.D_Bank0UserRomEndAddr		;End High Byte
   922                      <       	BNE		L_IncreaseAdd1?
   923                      <       	
   924                      <       	LDA		R_ChecksumAddrPtr					;Address Pointer LB
   925                      <       	CMP		#.LOW.D_Bank0UserRomEndAddr			;End Low Byte
   926                      <       	BEQ		L_ExitRomSum1?
   927                      <       	
   928                      <       L_IncreaseAdd1?:
   929                      <       	INC		R_ChecksumAddrPtr					;Address Pointer LB
   930                      <       	BNE		L_ChecksumLoop1?
   931                      <       	INC		R_ChecksumAddrPtr + 1				;Address Pointer HB
   932                      <       	JMP		L_ChecksumLoop1?	
   933                      <       		
   934                      <       L_ExitRomSum1?:		
   935                      <       .IF (GPL815P04Ax+GPL815P04Bx+GPL815P03Ax+GPL815P03Bx)	
   936                      <       ;===================================Bank0H==============================================
   937                      <       	LDA		#.HIGH.D_Bank0HUserRomStartAddr
   938                      <       	STA		R_ChecksumAddrPtr + 1				;Start High Byte
   939                      <       	LDA		#.LOW.D_Bank0HUserRomStartAddr
   940                      <       	STA		R_ChecksumAddrPtr
   941                      <       	
   942                      <       L_ChecksumLoop1H?
   943                      <       	STA	   P_WDT_Clear	
   944                      <       	CLC
   945                      <       	LDA		(R_ChecksumAddrPtr),Y
   946                      <       	ADC		R_ChecksumResult					;Result Low Byte
   947                      <       	STA		R_ChecksumResult					;Result Low Byte
   948                      <       	BCC		L_CheckAddress1H?
   949                      <       	INC		R_ChecksumResult + 1				;Result Byte1
   950                      <       	BNE		L_CheckAddress1H?
   951                      <       	INC		R_ChecksumResult + 2				;Result Byte3
   952                      <       	BNE		L_CheckAddress1H?
   953                      <       	INC		R_ChecksumResult + 3				;Result Byte4
   954                      <       		
   955                      <       L_CheckAddress1H?:
   956                      <       	LDA		R_ChecksumAddrPtr + 1				;Address Pointer HB
   957                      <       	CMP		#.HIGH.D_Bank0HUserRomEndAddr		;End High Byte
   958                      <       	BNE		L_IncreaseAdd1H?
   959                      <       	
   960                      <       	LDA		R_ChecksumAddrPtr					;Address Pointer LB
   961                      <       	CMP		#.LOW.D_Bank0HUserRomEndAddr			;End Low Byte
   962                      <       	BEQ		L_ExitRomSum1H?
   963                      <       	
   964                      <       L_IncreaseAdd1H?:
   965                      <       	INC		R_ChecksumAddrPtr					;Address Pointer LB
   966                      <       	BNE		L_ChecksumLoop1H?
   967                      <       	INC		R_ChecksumAddrPtr + 1				;Address Pointer HB
   968                      <       	JMP		L_ChecksumLoop1H?	
   969                      <       		
   970                      <       L_ExitRomSum1H?:	
   971                      <       .ENDIF	
   972                      <       ;===================NMI & Reset Vector==================================================		
   973                      <       	LDA		#.HIGH.D_NMIandResetVectorStartAddr
   974                      <       	STA		R_ChecksumAddrPtr + 1				; Start High Byte
   975                      <       	LDA		#.LOW.D_NMIandResetVectorStartAddr
   976                      <       	STA		R_ChecksumAddrPtr					;Start Low Byte
   977                      <       		
   978                      <       L_ChecksumLoop2?
   979                      <       	STA	   P_WDT_Clear		
   980                      <       	CLC
   981                      <       	LDA		(R_ChecksumAddrPtr),Y
   982                      <       	ADC		R_ChecksumResult					;Result Low Byte
   983                      <       	STA		R_ChecksumResult					;Result Low Byte
   984                      <       	BCC		L_CheckAddress2?
   985                      <       	INC		R_ChecksumResult + 1				;Result Byte2
   986                      <       	BNE		L_CheckAddress2?
   987                      <       	INC		R_ChecksumResult + 2				;Result Byte3
   988                      <       	BNE		L_CheckAddress2?
   989                      <       	INC		R_ChecksumResult + 3				;Result Byte4
   990                      <       		
   991                      <       L_CheckAddress2?:
   992                      <       	LDA		R_ChecksumAddrPtr + 1				;Address Pointer HB
   993                      <       	CMP		#.HIGH.D_NMIandResetVectorEndAddr	;End High Byte
   994                      <       	BNE		L_IncreaseAdd2?
   995                      <       	
   996                      <       	LDA		R_ChecksumAddrPtr					;Address Pointer LB
   997                      <       	CMP		#.LOW.D_NMIandResetVectorEndAddr	;End Low Byte
   998                      <       	BEQ		L_ExitRomSum2?
   999                      <       	
  1000                      <       L_IncreaseAdd2?:
  1001                      <       	INC		R_ChecksumAddrPtr					;Address Pointer LB
  1002                      <       	BNE		L_ChecksumLoop2?
  1003                      <       	INC		R_ChecksumAddrPtr + 1				;Address Pointer HB
  1004                      <       	JMP		L_ChecksumLoop2?	
  1005                      <       		
  1006                      <       L_ExitRomSum2?:	
  1007                      <       	.ENDM
  1008                      <       
  1009                      <       	.ENDIF
  1010                      <       .endif
  1011                      <       	.ENDIF	
  1012                      <       
  1013                              .INCLUDE	lcd\lcd_user.inc
  1014                      <       ;============================================================================
  1015                      <       ;File Name:	lcd_user.inc
  1016                      <       ;Applied body:	GPL815PX
  1017                      <       ;Descriptions:	AT24C01D/02D I2C function for user Call
  1018                      <       ;Programmer:	yanxiaodu
  1019                      <       ;Created Date:	2014-03-19
  1020                      <       ;Version:		1.0
  1021                      <       ;============================================================================
  1022                      <       ;==========================================
  1023                      <       ; external define area
  1024                      <       ;==========================================
  1025                      <       
  1026                      <       ; ==============================================
  1027                      <       ; Macro name	: F_CountDataAndTime 
  1028                      <       ; Purpose	    : count time with one second 
  1029                      <       ; Parameter		: 
  1030                      <       ; Return    	: 
  1031                      <       ; Destroy	    : 
  1032                      <       ; Stack depth	: 
  1033                      <       ; =============================================
  1034                      <       .EXTERNAL			F_Flash_counter_set
  1035                      <       ; ==============================================
  1036                      <       ; Function	name: F_Flash_Dot 
  1037                      <       ; Purpose	    : Make a dot flash 
  1038                      <       ; Parameter		: X
  1039                      <       ; Return    	: 
  1040                      <       ; Destroy	    : 
  1041                      <       ; Stack depth	: 2
  1042                      <       ; =============================================		
  1043                      <       
  1044                      <       ;.EXTERNAL			F_Flash_Dot
  1045                      <       ; ==============================================
  1046                      <       ; Function	name: F_DispFlag 
  1047                      <       ; Purpose	    : show DOT
  1048                      <       ; Parameter		: A,X
  1049                      <       ; Return    	: 
  1050                      <       ; Destroy	    : 
  1051                      <       ; Stack depth	: 2
  1052                      <       ; ==============================================
  1053                      <       .EXTERNAL			F_DispFlag
  1054                      <       .EXTERNAL			F_SwatchDispFlag
  1055                      <       ; ==============================================
  1056                      <       ; Function	name: F_NotDispFlag 
  1057                      <       ; Purpose	    : show DOT
  1058                      <       ; Parameter		: A,X
  1059                      <       ; Return    	: 
  1060                      <       ; Destroy	    : 
  1061                      <       ; Stack depth	: 2
  1062                      <       ; ==============================================
  1063                      <       .EXTERNAL			F_NotDispFlag
  1064                      <       .EXTERNAL			F_SwatchNotDispFlag
  1065                      <       
  1066                      <       ;.EXTERNAL			F_Fill_ALL_LCDDPRAM
  1067                      <       .EXTERNAL			.PAGE0	R_LcdBuff
  1068                      <       ; ==============================================
  1069                      <       ; Function	name: F_Disp_NO_Digital 
  1070                      <       ; Purpose	    : show digital 
  1071                      <       ; Parameter		: A  display icon ,X  dispaly index
  1072                      <       ; Return    	: 
  1073                      <       ; Destroy	    : 
  1074                      <       ; Stack depth	: 2
  1075                      <       ; =============================================
  1076                      <       .EXTERNAL			F_Disp_Digital
  1077                      <       .EXTERNAL			F_Disp_Digital_1	
  1078                      <       ; ==============================================
  1079                      <       ; Function	name: F_Flash_PandTime_Dot 
  1080                      <       ; Purpose	    : Make a dot flash 
  1081                      <       ; Parameter		: X
  1082                      <       ; Return    	: 
  1083                      <       ; Destroy	    : 
  1084                      <       ; Stack depth	: 2
  1085                      <       ; =============================================		
  1086                      <       .EXTERNAL	F_LCDDisplay
  1087                      <       .EXTERNAL	F_LCDDisplay_Proc
  1088                      <       ;.EXTERNAL	F_Fill_LCDDPRAM
  1089                      <       .EXTERNAL	F_Flash_COL_Dot
  1090                      <       .EXTERNAL	F_SeetupDisplay_Proc
  1091                      <       .EXTERNAL	F_Settup_Hour_LCD_Disp
  1092                      <       .EXTERNAL		F_Settup_Hour_LCD_Disp
  1093                      <       .EXTERNAL		F_Settup_Minute_LCD_Disp
  1094                      <       .EXTERNAL		F_Settup_alarmhour_LCD_Disp
  1095                      <       .EXTERNAL		F_Settup_alarmminu_LCD_Disp
  1096                      <       .EXTERNAL		F_Settup_day_LCD_Disp
  1097                      <       .EXTERNAL		F_Settup_Year_LCD_Disp
  1098                      <       .EXTERNAL		F_Settup_month_LCD_Disp
  1099                      <       
  1100                      <       
  1101                      <       .EXTERNAL	.PAGE0		RB_Lcd_Updata_Flag
  1102                      <       	 D_LcdtimesetUpdate:			.EQU		10000000B
  1103                      <       	 D_LcdUpdate:					.EQU		40H
  1104                      <       	 D_LcdChangeUpdate:				.EQU		20H	
  1105                      <       	 
  1106                      <       
  1107                      <       .EXTERNAL	RB_LCD_Display_change
  1108                      <       
  1109                      <       ;.EXTERNAL	RB_Temp_CF_Flag
  1110                      <       ;	D_F_Flag:			.equ	0x80
  1111                      <       .EXTERNAL	RB_Setup_LCD_Status
  1112                      <       	D_Time_Minute_setup_lcd:		.equ	0
  1113                      <       	D_Time_Hour_setup_lcd:			.equ	1
  1114                      <       	D_Date_Year_setup_lcd:			.equ	2
  1115                      <       	D_Date_Month_setup_lcd:			.equ	3
  1116                      <       	D_Date_Day_setup_lcd:			.equ	4
  1117                      <       	D_Alarm_Minute_setup_lcd:		.equ	5
  1118                      <       	D_Alarm_Hour_setup_lcd:			.equ	6
  1119                      <       .EXTERNAL	RB_Setup_Status
  1120                      <       	D_Setting_flag:			.equ	0x80
  1121                      <       
  1122                      <       .EXTERNAL	R_flash_Temp
  1123                      <       
  1124                      <       .EXTERNAL	R_POINT
  1125                      <       
  1126                      <       .EXTERNAL		R_Uart_UI	
  1127                      <       D_UI_Time		equ		60
  1128                      <       
  1129                      <       ;.EXTERNAL	R_DispTemper	
  1130                      <       ;.EXTERNAL	R_DispHum	
  1131                      <       ;.EXTERNAL	R_SpecFlag	
  1132                      <       ;;R_TempMin_Sign	ds	1
  1133                      <       ;;R_TempMax_Sign	ds	1
  1134                      <       ;;R_HumMin_Sign	ds	1
  1135                      <       ;;R_HumMax_Sign	ds	1
  1136                      <       ;D_HumHH				equ	0x80
  1137                      <       ;D_HumLL				equ	0x40
  1138                      <       ;D_TempHH			equ	0x20
  1139                      <       ;D_TempLL			equ	0x10
  1140                      <       ;D_Neg				equ 0x08	;负温度
  1141                      <       ;D_TF				equ 0x04	;华氏度
  1142                      <       ;D_DelayReady		equ 0x02	
  1143                      <       ;C_TEMP_HH		equ	5
  1144                      <       ;C_TEMP_LL		equ 9
  1145                      <       .EXTERN	F_LCD_Initinal
  1146                              .INCLUDE	calendar\calendar_user.inc
  1147                      <       ;============================================================================
  1148                      <       ;File Name:	lcd_user.inc
  1149                      <       ;Applied body:	GPL811p0x
  1150                      <       ;Descriptions:	AT24C01D/02D I2C function for user Call
  1151                      <       ;Programmer:	GPL815PX
  1152                      <       ;Created Date:	2014-03-19
  1153                      <       ;Version:		1.0
  1154                      <       ;============================================================================
  1155                      <       ;==========================================
  1156                      <       ; external define area
  1157                      <       ;==========================================
  1158                      <       
  1159                      <       ; ==============================================
  1160                      <       ; Macro name	: F_CountDataAndTime 
  1161                      <       ; Purpose	    : count time with one second 
  1162                      <       ; Parameter		: 
  1163                      <       ; Return    	: 
  1164                      <       ; Destroy	    : 
  1165                      <       ; Stack depth	: 
  1166                      <       ; =============================================
  1167                      <       .EXTERNAL			F_24HourClock
  1168                      <       
  1169                      <       ; ==============================================
  1170                      <       ; Function	name: F_Flash_Dot 
  1171                      <       ; Purpose	    : Make a dot flash 
  1172                      <       ; Parameter		: X
  1173                      <       ; Return    	: 
  1174                      <       ; Destroy	    : 
  1175                      <       ; Stack depth	: 2
  1176                      <       ; =============================================		
  1177                      <       
  1178                      <       ;.EXTERNAL			F_GetNsLiCalendar
  1179                      <       ; ==============================================
  1180                      <       ; Function	name: F_DispFlag 
  1181                      <       ; Purpose	    : show DOT
  1182                      <       ; Parameter		: A,X
  1183                      <       ; Return    	: 
  1184                      <       ; Destroy	    : 
  1185                      <       ; Stack depth	: 2
  1186                      <       ; ==============================================
  1187                      <       .EXTERNAL			F_JudegLeapYear
  1188                      <       .EXTERNAL			F_24TO12Change
  1189                      <       .EXTERNAL			F_Check_Alarming
  1190                      <       .EXTERNAL			F_JudgeWeek
  1191                      <       ; ==============================================
  1192                      <       ; Function	name: F_NotDispFlag 
  1193                      <       ; Purpose	    : show DOT
  1194                      <       ; Parameter		: A,X
  1195                      <       ; Return    	: 
  1196                      <       ; Destroy	    : 
  1197                      <       ; Stack depth	: 2
  1198                      <       ; ==============================================
  1199                      <       .EXTERNAL		F_CheckAlarmDayType	
  1200                      <       
  1201                      <       .EXTERNAL	.PAGE0		R_Week
  1202                      <       .EXTERNAL	.PAGE0		R_Month
  1203                      <       .EXTERNAL	.PAGE0		R_Month_temp
  1204                      <       .EXTERNAL	.PAGE0		R_Day
  1205                      <       .EXTERNAL	.PAGE0		R_Day_temp
  1206                      <       .EXTERNAL	.PAGE0		R_Year
  1207                      <       .EXTERNAL	.PAGE0		R_Year_temp
  1208                      <       .EXTERNAL	.PAGE0		R_Hejira_LeapYear_CalendarFlag
  1209                      <       .EXTERNAL	.PAGE0		R_LCDHourBuff
  1210                      <       .EXTERNAL	.PAGE0		R_LCDMinuBuff
  1211                      <       .EXTERNAL	.PAGE0		R_LCDSecBuff
  1212                      <       .EXTERNAL	.PAGE0		R_DateHour
  1213                      <       .EXTERNAL	.PAGE0		R_DateMinute
  1214                      <       .EXTERNAL	.PAGE0		R_DateSecond
  1215                      <       .EXTERNAL	.PAGE0		R_AlarmMinute
  1216                      <       .EXTERNAL	.PAGE0		R_AlarmHour
  1217                      <       .EXTERNAL	.PAGE0		R_CurrentGroup
  1218                      <       .EXTERNAL	.PAGE0		R_DispAlmDay
  1219                      <       .EXTERNAL	.PAGE0		R_AlarmOnOff
  1220                      <       .EXTERNAL	.PAGE0		R_Alarm_ENDIS_Flag
  1221                      <       .EXTERNAL	.PAGE0		R_TimerMinute
  1222                      <       .EXTERNAL	.PAGE0		R_TimerSecond	
  1223                      <       
  1224                      <       	D_Alarm_EN:		.EQU	0X80
  1225                      <       .EXTERNAL	.PAGE0		RB_12_24_Status
  1226                      <       	D_24H:		.EQU	00H
  1227                      <       	D_12H:		.EQU	80H
  1228                      <       	
  1229                      <       D_LeapYear:			.EQU	%10000000B
  1230                              .INCLUDE	SYS\Macro.inc
  1231                      <       D_Bit0					equ		01H
  1232                      <       D_Bit1					equ		02H
  1233                      <       D_Bit2					equ		04H
  1234                      <       D_Bit3					equ		08H
  1235                      <       D_Bit4					equ		10H
  1236                      <       D_Bit5					equ		20H
  1237                      <       D_Bit6					equ		40H
  1238                      <       D_Bit7					equ		80H
  1239                      <       
  1240                      <       
  1241                      <       ;==========================================================================
  1242                      <       LCDConvert		.MACRO  com,seg
  1243                      <       			DB	com*10H+(seg/8)+00H,1<<(seg.AND.07H)	;GPL813P01;
  1244                      <       			
  1245                      <       			.ENDM
  1246                      <       			
  1247                      <       %LCD7S        .MACRO   i1c,i1s,i2c,i2s,i3c,i3s,i4c,i4s,i5c,i5s,i6c,i6s,i7c,i7s
  1248                      <                      LCDConvert    i1c,i1s
  1249                      <                      LCDConvert    i2c,i2s
  1250                      <                      LCDConvert    i3c,i3s
  1251                      <                      LCDConvert    i4c,i4s
  1252                      <                      LCDConvert    i5c,i5s
  1253                      <                      LCDConvert    i6c,i6s
  1254                      <                      LCDConvert    i7c,i7s
  1255                      <                      .ENDM
  1256                      <                      
  1257                      <       %LCD8S:        .MACRO   i1c,i1s,i2c,i2s,i3c,i3s,i4c,i4s,i5c,i5s,i6c,i6s,i7c,i7s,i8c,i8s
  1258                      <                      LCDConvert    i1c,i1s
  1259                      <                      LCDConvert    i2c,i2s
  1260                      <                      LCDConvert    i3c,i3s
  1261                      <                      LCDConvert    i4c,i4s
  1262                      <                      LCDConvert    i5c,i5s
  1263                      <                      LCDConvert    i6c,i6s
  1264                      <                      LCDConvert    i7c,i7s
  1265                      <       		       LCDConvert    i8c,i8s
  1266                      <                      .ENDM  
  1267                      <       ;;================================================================
  1268                      <       ;Kind   :Count Loop
  1269                      <       ;================================================================		                    
  1270                      <       %DJNZ:               .MACRO       Var,Lable    ;  !=0
  1271                      <                             DEC          Var
  1272                      <                             BNE          Lable
  1273                      <                            .ENDM
  1274                      <       		
  1275                      <       ;----------------------------------------------------------
  1276                      <       ;/***********************************************/
  1277                      <       ;         i.L=1 
  1278                      <       %bits:   .MACRO   i,L             ;BYTE i;  
  1279                      <                 lda     i               ;ex.  
  1280                      <                 ora     #L              ;  %bits 10H,_BIT0
  1281                      <       		                   ;  10H.0=1
  1282                      <                 sta     i               ;
  1283                      <                .ENDM    
  1284                      <       
  1285                      <       ;/***********************************************/
  1286                      <       ;         i.L=0
  1287                      <       %bitr:   .MACRO   i,L             ;BYTE i;  
  1288                      <                 lda     i               ;ex.  
  1289                      <                 and     #.NOT.L         ;  %bitr 10H,_BIT0;  10H.0=0
  1290                      <                 sta     i
  1291                      <                .ENDM    
  1292                      <       
  1293                      <       ;/***********************************************/
  1294                      <       ;         if(i.L==1) goto N
  1295                      <       %btst:   .MACRO   i,L,N           ;BYTE i;  
  1296                      <                 lda     i               ;ex.   
  1297                      <                 and     #L              ;  %btst 10H,_BIT0,N
  1298                      <                 bne     N               ;  if(10H.0=1) goto N 
  1299                      <                .ENDM    
  1300                      <                                         
  1301                      <       ;/***********************************************/
  1302                      <       ;         if(i.L==0) goto N
  1303                      <       %btsf:   .MACRO   i,L,N           ;BYTE i;    
  1304                      <                 lda     i               ;ex.   
  1305                      <                 and     #L              ;  %btsf 10H,_BIT0,N
  1306                      <                 beq     N               ;  if(10H.0=0) goto N 
  1307                      <                .ENDM    
  1308                      <        
  1309                              ;.INCLUDE	GXHTV4\GXHTV4.inc
  1310                              ;.INCLUDE	I2c\D_I2C.inc
  1311                              ;==========================================
  1312                              ; External declare area
  1313                              ;==========================================
  1314                              .EXTERNAL F_LCD_Initinal
  1315                              .EXTERNAL _R_BacklightFlag
  1316                              .EXTERNAL _R_BacklightLevel
  1317                              .EXTERNAL _R_CurrentBrightness
  1318                              
  1319                              ;==========================================
  1320                              ; Public declare area
  1321                              ;==========================================
  1322                              ;.PUBLIC			F_InputProc
  1323                              ;.PUBLIC			F_InitialKeyBorad
  1324                              .PUBLIC			F_KeyScan
  1325                              ;.PUBLIC			_F_InputProc
  1326                              ;.PUBLIC			_F_InitialKeyBorad
  1327                              .PUBLIC			_F_KeyScan
  1328                              ;.PUBLIC			F_CodeSwitchScan
  1329                              ;.PUBLIC			_F_CodeSwitchScan
  1330                              .PUBLIC			R_KeyValue
  1331                              .PUBLIC			_R_KeyValue
  1332                              
  1333                              ;.PUBLIC 	   F_DC_Det 	 
  1334                              ;.PUBLIC		 _F_DC_Det 
  1335                              .PUBLIC 	 	 F_Charge 
  1336                              .PUBLIC		_F_Charge
  1337                              ;.PUBLIC			R_Key_time
  1338                              ;.PUBLIC			_R_Key_time
  1339                              ;.PUBLIC			F_OpenData
  1340                              ;.PUBLIC			_F_OpenData
  1341                              ;.PUBLIC			F_DelayReadyData
  1342                              ;.PUBLIC			_F_DelayReadyData
  1343                              ;.PUBLIC			R_KeyState
  1344                              ;.PUBLIC			_R_KeyState
  1345                              .PUBLIC			R_KeyTemp
  1346                              .PUBLIC			_R_KeyTemp
  1347                              ;.PUBLIC			R_KeyCode
  1348                              ;.PUBLIC			_R_KeyCode
  1349                              .PUBLIC			R_CodeIOValue
  1350                              .PUBLIC			_R_CodeIOValue
  1351                              .PUBLIC			R_DebounceCnt
  1352                              .PUBLIC			_R_DebounceCnt
  1353                              ;.PUBLIC			RB_Option_Count
  1354                              ;.PUBLIC			_RB_Option_Count
  1355                              .PUBLIC		R_TimeFlashSet
  1356                              .PUBLIC		_R_TimeFlashSet
  1357                              .PUBLIC		R_AlmTimeFlashSet
  1358                              .PUBLIC		_R_AlmTimeFlashSet
  1359                              ;.PUBLIC		R_VolumeFlashSet
  1360                              ;.PUBLIC		_R_VolumeFlashSet
  1361                              .PUBLIC		R_TimerFlashSet
  1362                              .PUBLIC		_R_TimerFlashSet
  1363                              .PUBLIC		R_CodeDebounce	
  1364                              .PUBLIC		_R_CodeDebounce
  1365                              .PUBLIC		R_SleepTime
  1366                              .PUBLIC		_R_SleepTime
  1367                              .PUBLIC		R_SnoozeTime
  1368                              .PUBLIC		_R_SnoozeTime
  1369                              .PUBLIC		R_OtherFlag
  1370                              .Public		_R_OtherFlag
  1371                              .PUBLIC		R_CurrentVolume
  1372                              .PUBLIC		_R_CurrentVolume
  1373                              .PUBLIC		R_BacklightTimer
  1374                              .PUBLIC		_R_BacklightTimer
  1375                              ;.PUBLIC		F_OpenBacklight
  1376                              ;.PUBLIC		_F_OpenBacklight
  1377                              ;.PUBLIC		F_CheckBacklight
  1378                              ;.PUBLIC		_F_CheckBacklight
  1379                              .PUBLIC		R_CurrentSong
  1380                              .PUBLIC		_R_CurrentSong
  1381                              .PUBLIC		R_LongKeyTime
  1382                              .PUBLIC		_R_LongKeyTime
  1383                              .PUBLIC		R_KeyFlag
  1384                              .PUBLIC		_R_KeyFlag
  1385                              .PUBLIC		R_TimerFlag
  1386                              .PUBLIC		_R_TimerFlag
  1387                              .PUBLIC		R_SetBack
  1388                              .PUBLIC		_R_SetBack
  1389                              .PUBLIC		R_DelayTemp
  1390                              .PUBLIC		_R_DelayTemp
  1391                              .PUBLIC		SetVolumeAndPlayAlarm1_flag
  1392                              .PUBLIC		_SetVolumeAndPlayAlarm1_flag
  1393                              .PUBLIC		R_Charge
  1394                              .PUBLIC		_R_Charge
  1395                              .PUBLIC		R_LVDStatus
  1396                              .PUBLIC		_R_LVDStatus
  1397                              .PUBLIC		R_VoiceFlag
  1398                              .PUBLIC		_R_VoiceFlag
  1399                              .PUBLIC		R_DelayOpen
  1400                              .PUBLIC		_R_DelayOpen
  1401                              .PUBLIC		Voice_PowerOn
  1402                              .PUBLIC		_Voice_PowerOn
  1403                              .PUBLIC		Voice_PowerOn_Noxiaonao
  1404                              .PUBLIC		_Voice_PowerOn_Noxiaonao
  1405                              .PUBLIC		F_SystemPowerOff
  1406                              .PUBLIC		_F_SystemPowerOff
  1407                              .PUBLIC		_R_Uart_OpenTime
  1408                              .PUBLIC		R_Uart_OpenTime
  1409                              .PUBLIC		R_VoiceReq
  1410                              .PUBLIC		_R_VoiceReq
  1411                              ;==========================================
  1412                              ;Variable RAM declare area
  1413                              ;==========================================
  1414 00000068                     keyscanram:			.section	.PAGE0
  1415 00000068 FF                  R_DebounceCnt:			.DS		1
  1416                              _R_DebounceCnt:		equ	R_DebounceCnt
  1417                              C_KeyDebounce		equ		4 
  1418                              ;RB_Option_Count:		.DS		1
  1419                              ;_RB_Option_Count:		.equ	RB_Option_Count
  1420 00000069 FF                  R_CurrentSong		ds		1
  1421                              _R_CurrentSong		equ		R_CurrentSong
  1422 0000006A FF                  R_CurrentVolume		ds		1
  1423                              _R_CurrentVolume	equ		R_CurrentVolume
  1424 0000006B FF                  R_BacklightTimer	ds		1
  1425                              _R_BacklightTimer	equ		R_BacklightTimer
  1426                              C_BacklightTime		equ		10		; 10秒
  1427 0000006C FF                  SetVolumeAndPlayAlarm1_flag	ds	1
  1428                              _SetVolumeAndPlayAlarm1_flag	equ		SetVolumeAndPlayAlarm1_flag
  1429                              
  1430                              ;--------------
  1431 0000006D FF                  R_SetBack			ds		1
  1432                              _R_SetBack			equ		R_SetBack
  1433                              C_SleepSec			equ		0x0a
  1434 0000006E FF                  R_KeyValue			ds		1	;保存键值
  1435                              _R_KeyValue:		equ	R_KeyValue	
  1436 0000006F FF                  R_KeyTemp			ds		1	
  1437                              _R_KeyTemp:			equ	R_KeyTemp
  1438 00000070 FF                  R_OldKeyValue		ds		1	;原来的键值
  1439                              _R_OldKeyValue:		equ	R_OldKeyValue
  1440                              D_AlarmKey		equ		0x02	;闹钟设置键
  1441                              D_TimerKey		equ	    0x04	;定时键
  1442                              D_UpKey			equ		0x08	;加键
  1443                              D_DownKey		equ		0x10	;减键
  1444                              D_TimeKey		equ		0x20	;时间设置键
  1445                              D_PowerKey		equ		0x40		
  1446                              
  1447                              
  1448                              ;D_SleepKey		equ		0x80	;贪睡键
  1449                              
  1450 00000071 FF                  R_KeyFlag			ds		1
  1451                              _R_KeyFlag		equ		R_KeyFlag
  1452                              D_EnableFastAdd		equ	0x01
  1453                              D_LCDOFF			equ	0x02
  1454                              D_KeyTone			equ	0x04
  1455                              D_KeyRelDis			equ	0x08
  1456                              D_UpdateBAT			equ	0x10
  1457                              ;D_ToneOn			equ	0x20
  1458                              ;D_Alarming			equ	0x40
  1459                              ;D_LongKey			equ	0x80
  1460                              
  1461 00000072 FF                  R_LongKeyTime		ds		1
  1462                              _R_LongKeyTime		equ		R_LongKeyTime
  1463                              C_LongKey2Sec		equ		255
  1464                              C_FastAdd			equ		16		;1秒加8次
  1465                              
  1466                              AddOthers			equ		01H
  1467                              
  1468 00000073 FF                  R_OtherFlag			ds		1
  1469                              _R_OtherFlag		equ		R_OtherFlag
  1470                              ;D_12Mode			equ		0x01	;0默认为24H，1为12H	
  1471                              D_Urat_Open			equ		0x02
  1472                              D_EnableSnooze		equ		0x04
  1473                              D_ToneDIS			equ		0x08
  1474                              D_AlarmingStatus	equ		0x10
  1475                              ;D_SetVolumeFlag		equ		0x20
  1476                              D_Timering			equ		0x20
  1477                              D_Alarming			equ		0x40
  1478                              D_TimeringStatus	equ		0x80
  1479 00000074 FF                  R_TimeFlashSet		ds		1	;时间闪动
  1480                              _R_TimeFlashSet		equ		R_TimeFlashSet
  1481                              D_SetYear			equ	0x01
  1482                              D_SetMonth			equ	0x02
  1483                              D_SetDate			equ	0x04		
  1484                              ;D_Set12_24			equ	0x08
  1485                              D_SetHour			equ	0x08
  1486                              D_SetMinute			equ	0x10 
  1487                              D_SetTimeMax		equ	0x20  
  1488 00000075 FF                  R_AlmTimeFlashSet		ds	1
  1489                              _R_AlmTimeFlashSet	equ		R_AlmTimeFlashSet
  1490                              D_SetAlm			equ	0x01	;闹钟开关
  1491                              D_SetAlmHour		equ	0x02	;闹时
  1492                              D_SetAlmMinute		equ	0x04	;闹分
  1493                              D_SetAlmDay			equ	0x08	;闹
  1494                              D_SetAlarmMax		equ	0x10   
  1495                              
  1496 00000076 FF                  R_TimerFlashSet		ds	1
  1497                              _R_TimerFlashSet	equ		R_TimerFlashSet
  1498                              D_TimerSet			equ	0x01	
  1499                              D_SetTimerMax		equ	0x02
  1500                              
  1501                              ; R_VolumeFlashSet		ds	1
  1502                              ; _R_VolumeFlashSet	equ		R_VolumeFlashSet
  1503                              ; D_VolumeSet			equ	0x01	
  1504                              ; D_SetVolumeMax		equ	0x02
  1505                              
  1506 00000077 FF                  R_SleepTime			ds	1
  1507                              _R_SleepTime		equ		R_SleepTime
  1508 00000078 FF                  R_SnoozeTime		ds	1
  1509                              _R_SnoozeTime		equ		R_SnoozeTime
  1510                              C_SnoozeTime1min	EQU		60
  1511                              ;C_SnoozeTime5min	equ		5
  1512                              
  1513                              ;R_Mode				ds	1
  1514                              ;D_TimeMode			equ	0x01
  1515                              ;D_AlarmMode			equ	0x02
  1516                              ;D_VolumeMode		equ	0x04	
  1517 00000079 FF                  L_TempBit		ds	1	
  1518                              
  1519 0000007A FF                  R_CodeValue		ds	1
  1520 0000007B FF                  R_CodeTemp		ds	1
  1521 0000007C FF                  R_CodeIOValue	ds	1
  1522                              _R_CodeIOValue		equ		R_CodeIOValue
  1523 0000007D FF                  R_FirstValue	ds	1
  1524 0000007E FF                  R_SecondValue	ds	1
  1525 0000007F FF                  R_CodeDebounce	ds	1
  1526                              _R_CodeDebounce		equ		R_CodeDebounce
  1527 00000080 FF                  R_SaveFirst		ds	1
  1528 00000081 FF                  R_OverTime		ds	1
  1529                              
  1530 00000082 FF                  R_CodeFlag		ds	1
  1531                              D_GetCodeKey	equ	0x01
  1532                              D_GetCodeFirst	equ	0x02
  1533                              
  1534 00000083 FF                  R_TimerFlag		ds	1
  1535                              _R_TimerFlag			equ		R_TimerFlag
  1536                              D_Timerstatus_just		equ		0x01
  1537                              D_Timerstatus			equ		0x02
  1538                              TIMER_START_FLAG		equ		0x04	
  1539                              D_TimerSetstatus		equ		0x08
  1540                              D_Timerstatus_justpause	equ		0x10
  1541                              ; 新增：倒计时被暂停标志（用于在继续时播放“继续计时”）
  1542                              D_TimerPausedCountDown	equ		0x20
  1543                              
  1544 00000084 FF                  R_DelayTemp		.ds	1
  1545                              _R_DelayTemp	.equ		R_DelayTemp
  1546                              
  1547 00000085 FF                  R_Charge 	 	 .ds 	 1 
  1548                              _R_Charge		equ		R_Charge
  1549                              D_LowPower 	 	 equ 0x01;低电 
  1550                              D_Charge 	 	 equ 0x02;充电中 
  1551                              D_Full 	 	 	 equ 0x04;充满 
  1552                              
  1553 00000086 FF                  R_LVDStatus 	 .ds 	 1 
  1554                              _R_LVDStatus     equ		R_LVDStatus		
  1555                              D_BatLevel1 	 equ 	 01H 
  1556                              D_BatLevel2 	 equ 	 02H 
  1557                              D_BatLevel3 	 equ 	 04H 
  1558                              
  1559 00000087 FF                  R_DetCnt	     .ds     1
  1560                               
  1561 00000088 FF                  R_VoiceFlag		ds	1
  1562                              _R_VoiceFlag	equ		R_VoiceFlag
  1563                              D_OpenReady		equ		0x01
  1564                              D_WakePlay		equ		0x02	; 按键唤醒后请求播放应答（由主循环处理）
  1565                              
  1566 00000089 FF                  R_DelayOpen		ds		1
  1567                              _R_DelayOpen		equ		R_DelayOpen
  1568 0000008A FF                  R_VoiceReq		ds		1
  1569                              _R_VoiceReq		equ		R_VoiceReq
  1570                              ; 标志：闹钟查看语音是否已在本次查看序列中播放
  1571 0000008B FF                  R_AlarmViewFlag	ds	1
  1572                              _R_AlarmViewFlag	equ	R_AlarmViewFlag
  1573                              D_AlarmView_Played	equ	0x01
  1574                              
  1575 0000008C FF                  R_Uart_OpenTime		ds		1
  1576                              _R_Uart_OpenTime	equ		R_Uart_OpenTime		
  1577                              
  1578                              
  1579                              
  1580                              D_VOICE_ALARM_CHECK	equ	0x01
  1581                              D_VOICE_ALARM_SET		equ	0x02
  1582                              D_VOICE_DATE_SET		equ	0x04
  1583                              D_VOICE_TIME_SET		equ	0x08
  1584                              D_VOICE_BEEP			equ	0x10
  1585                              D_VOICE_TIMER_START		equ	0x20
  1586                              D_VOICE_TIMER_PAUSE			equ	0x40
  1587                              D_VOICE_TIMER_CONTINUE		equ	0x80
  1588                              
  1589                              
  1590                              .ENDS
  1591                              ;==========================================
  1592                              ; code starting 
  1593                              ;; Purpose		: 按键初始化 
  1594                              ;; Parameter		: next 
  1595                              ;; Return		: none
  1596                              ;; Destroy		: none 
  1597                              ;; Stack depth	: none
  1598                              ;; =============================================
  1599 0000F462                     keyscan:    .SECTION
  1600                              ;F_InitialKeyBorad:
  1601                              ;_F_InitialKeyBorad:
  1602                              ;			LDA			#00H
  1603                              ;;			STA			R_KeyState
  1604                              ;			STA			R_KeyTemp
  1605                              ;			STA			R_KeyValue
  1606                              ;			STA			R_DebounceCnt
  1607                              ;			STA			R_LongKeyTime
  1608                              ;F_PE12_Input:			
  1609                              ;			LDA		#00000000b
  1610                              ;			STA		P_IO_PortB_Dir
  1611                              ;			LDA		#00000000b
  1612                              ;			STA		P_IO_PortB_Attrib
  1613                              ;			LDA		#00000000b
  1614                              ;			STA		P_IO_PortB_Data			
  1615                              ;			RTS
  1616                              ; ==============================================
  1617                              ; MACRO name	: %NeedKeyScan
  1618                              ; Purpose		:  DEbounceing? 
  1619                              ; Parameter		: next 
  1620                              ; Return		: none
  1621                              ; Destroy		: none 
  1622                              ; Stack depth	: none
  1623                              ; =============================================
  1624                              %NeedKeyScan	.MACRO	NotNeed		
  1625                              			LDA		R_KeyState
  1626                              			AND		#D_Debounce
  1627                              			BEQ		?L_Need#
  1628                              			
  1629                              			LDA		R_KeyScanInterval
  1630                              			BNE		NotNeed
  1631                              ?L_Need#:	
  1632                              			.ENDM
  1633                              			
  1634                              ; ==============================================
  1635                              ; MACRO name	: %WaitDebounceOver
  1636                              ; Purpose		: DEBOUNCE shifou jieshu  
  1637                              ; Parameter		: next 
  1638                              ; Return		: none
  1639                              ; Destroy		: none 
  1640                              ; Stack depth	: none
  1641                              ; =============================================
  1642                              %WaitDebounceOver	.MACRO	NotOver
  1643                              			LDA	 R_DebounceCnt
  1644                              			BNE	 NotOver
  1645                              ?L_Need#:		
  1646                              	.ENDM
  1647                              
  1648                              ; =============================================
  1649 0000F462                     F_KeyScan:
  1650 0000F462                     _F_KeyScan:
  1651 0000F462 EA                  		NOP	
  1652                              		%btst R_KeyFlag, D_LCDOFF, ?PowerOffScan
  1653 0000F463 A5 71             1           lda     R_KeyFlag               ;ex.   
  1654 0000F465 29 02             1           and     #D_LCDOFF              ;  %btst 10H,_BIT0,N
  1655 0000F467 D0 08             1           bne     ?PowerOffScan               ;  if(10H.0=1) goto N 
  1656 0000F469 AD 92 30            		LDA	P_IO_PortB_Data
  1657 0000F46C 29 7E               		AND	#(D_AlarmKey+D_TimerKey+D_UpKey+D_DownKey+D_PowerKey+D_TimeKey)
  1658 0000F46E 4C 76 F4            		JMP	?CheckKey
  1659 0000F471                     ?PowerOffScan:
  1660 0000F471 AD 92 30            		LDA	P_IO_PortB_Data
  1661 0000F474 29 40               		AND	#D_PowerKey
  1662 0000F476                     ?CheckKey:
  1663 0000F476 F0 12               		BEQ	?ReleaseAllKey
  1664                              		
  1665 0000F478 85 6F               		STA	R_KeyTemp
  1666 0000F47A A5 6F               		LDA	R_KeyTemp
  1667 0000F47C C5 6E               		CMP	R_KeyValue
  1668 0000F47E F0 6E               		BEQ	?CheckKeyDebounce
  1669                              		
  1670 0000F480 A5 6F               		LDA	R_KeyTemp
  1671 0000F482 85 6E               		STA	R_KeyValue
  1672 0000F484 A9 04               		LDA	#C_KeyDebounce
  1673 0000F486 85 68               		STA	R_DebounceCnt
  1674 0000F488 58                  		CLI
  1675 0000F489 60                  		RTS			
  1676                              ;按键释放-------------------------			
  1677 0000F48A                     ?ReleaseAllKey:
  1678 0000F48A EA                  		NOP
  1679                              		%btst R_KeyFlag, D_LCDOFF, ?Next1
  1680 0000F48B A5 71             1           lda     R_KeyFlag               ;ex.   
  1681 0000F48D 29 02             1           and     #D_LCDOFF              ;  %btst 10H,_BIT0,N
  1682 0000F48F D0 4E             1           bne     ?Next1               ;  if(10H.0=1) goto N 
  1683                              		%btst	R_KeyFlag,D_KeyRelDis,?Next1
  1684 0000F491 A5 71             1           lda     R_KeyFlag               ;ex.   
  1685 0000F493 29 08             1           and     #D_KeyRelDis              ;  %btst 10H,_BIT0,N
  1686 0000F495 D0 48             1           bne     ?Next1               ;  if(10H.0=1) goto N 
  1687 0000F497 A5 70               		LDA		R_OldKeyValue
  1688 0000F499 F0 44               		BEQ		?Next1
  1689                              
  1690 0000F49B                     	?Skip_AlarmZzFunOff:		
  1691                              ;		%bits	R_KeyFlag,D_KeyTone	;按键音
  1692 0000F49B A5 88               	LDA		R_VoiceFlag
  1693 0000F49D 29 01               	AND		#D_OpenReady
  1694 0000F49F F0 0C               	BEQ		?No_Beep
  1695                              		%btst   R_KeyFlag,D_KeyTone,?No_Beep
  1696 0000F4A1 A5 71             1           lda     R_KeyFlag               ;ex.   
  1697 0000F4A3 29 04             1           and     #D_KeyTone              ;  %btst 10H,_BIT0,N
  1698 0000F4A5 D0 06             1           bne     ?No_Beep               ;  if(10H.0=1) goto N 
  1699                              		%bits	R_VoiceReq,D_VOICE_BEEP	;按键音
  1700 0000F4A7 A5 8A             1           lda     R_VoiceReq               ;ex.  
  1701 0000F4A9 09 10             1           ora     #D_VOICE_BEEP              ;  %bits 10H,_BIT0
  1702                            1 		                   ;  10H.0=1
  1703 0000F4AB 85 8A             1           sta     R_VoiceReq               ;
  1704 0000F4AD                     	?No_Beep:   	
  1705 0000F4AD A5 70               		LDA		R_OldKeyValue	
  1706 0000F4AF C9 20               		CMP		#D_TimeKey			
  1707 0000F4B1 D0 03               		BNE		$+5
  1708 0000F4B3 4C A3 F6            		JMP		Enable_TimeKey		;时间设置键
  1709 0000F4B6 C9 02               		CMP		#D_AlarmKey			
  1710 0000F4B8 D0 03               		BNE		$+5
  1711 0000F4BA 4C E5 F6            		JMP		Enable_AlarmKey		;闹钟设置键
  1712 0000F4BD C9 40               		CMP		#D_PowerKey
  1713 0000F4BF D0 03               		BNE		$+5		
  1714 0000F4C1 4C 31 F5            		JMP		Enable_BackLEDKey		;背光调节键	
  1715 0000F4C4 C9 08               		CMP		#D_UpKey			;;+键
  1716 0000F4C6 D0 03               	    BNE		$+5
  1717 0000F4C8 4C 52 F8            		JMP		Enable_UpKey		
  1718 0000F4CB C9 10               		CMP		#D_DownKey			;;-键
  1719 0000F4CD D0 03               		BNE		$+5
  1720 0000F4CF 4C C6 F9            		JMP		Enable_DownKey
  1721 0000F4D2 C9 04               		CMP		#D_TimerKey			
  1722 0000F4D4 D0 03               		BNE		$+5
  1723 0000F4D6 4C 6F F7            		JMP		Enable_TimerKey		;定时键:计时中按下可暂停/继续计时
  1724                              		%bitr	R_VoiceReq,D_VOICE_BEEP	;按键音
  1725 0000F4D9 A5 8A             1           lda     R_VoiceReq               ;ex.  
  1726 0000F4DB 29 EF             1           and     #.NOT.D_VOICE_BEEP         ;  %bitr 10H,_BIT0;  10H.0=0
  1727 0000F4DD 85 8A             1           sta     R_VoiceReq
  1728 0000F4DF                     	?Next1:			
  1729 0000F4DF A9 00               		LDA	#00
  1730 0000F4E1 85 70               		STA	R_OldKeyValue
  1731 0000F4E3 85 6E               		STA	R_KeyValue
  1732 0000F4E5 85 6F               		STA	R_KeyTemp
  1733                              		%bitr	R_KeyFlag,(D_EnableFastAdd+D_KeyRelDis)
  1734 0000F4E7 A5 71             1           lda     R_KeyFlag               ;ex.  
  1735 0000F4E9 29 F6             1           and     #.NOT.(D_EnableFastAdd+D_KeyRelDis)         ;  %bitr 10H,_BIT0;  10H.0=0
  1736 0000F4EB 85 71             1           sta     R_KeyFlag
  1737 0000F4ED                     	?Next2:		
  1738 0000F4ED 60                  		RTS
  1739                              		
  1740 0000F4EE                     ?CheckKeyDebounce:
  1741 0000F4EE A5 68               		LDA	R_DebounceCnt
  1742 0000F4F0 F0 01               		BEQ	?Key_Process		
  1743 0000F4F2 60                  		RTS			
  1744 0000F4F3                     	?Key_Process:		;按键是否新按下的按键
  1745 0000F4F3 A5 6E               		LDA	R_KeyValue
  1746 0000F4F5 C5 70               		CMP	R_OldKeyValue
  1747 0000F4F7 D0 03               		BNE	$+5
  1748 0000F4F9 4C 61 F5            		JMP	Hold_Key
  1749                              
  1750 0000F4FC                     Enable_NewKey:
  1751                              		;新按下的按键处理
  1752                              ;		JSR		F_OpenBacklight
  1753                              			%bitr	R_KeyFlag,(D_KeyRelDis+D_EnableFastAdd)
  1754 0000F4FC A5 71             1           lda     R_KeyFlag               ;ex.  
  1755 0000F4FE 29 F6             1           and     #.NOT.(D_KeyRelDis+D_EnableFastAdd)         ;  %bitr 10H,_BIT0;  10H.0=0
  1756 0000F500 85 71             1           sta     R_KeyFlag
  1757                              ;			%bitr	R_KeyFlag,D_EnableFastAdd
  1758                              ;			%bits	R_KeyFlag,D_KeyTone	;按键音
  1759 0000F502                     	?SkipKeyTone:
  1760 0000F502 A9 FF               			LDA		#C_LongKey2Sec
  1761 0000F504 85 72               			STA		R_LongKeyTime	;长按3秒开始计时			
  1762 0000F506 A5 6E               			LDA		R_KeyValue
  1763 0000F508 85 70               			STA		R_OldKeyValue
  1764                              			; 如果按下的不是闹钟键，则刷新闹钟查看语音标志（允许下次短按播放）
  1765 0000F50A A5 6E               			LDA		R_KeyValue
  1766 0000F50C C9 02               			CMP		#D_AlarmKey
  1767 0000F50E F0 04               			BEQ		?Skip_ClearAlarmView
  1768 0000F510 A9 00               			LDA		#00
  1769 0000F512 85 8B               			STA		R_AlarmViewFlag
  1770 0000F514                     		?Skip_ClearAlarmView:
  1771                              				; 若语音模块已打开，刷新 UART 打开计时，用于保持语音唤醒状态
  1772 0000F514 A5 88               				LDA		R_VoiceFlag
  1773 0000F516 29 01               				AND		#D_OpenReady
  1774 0000F518 F0 04               				BEQ		?NoRefreshUartOpen
  1775 0000F51A A9 3C               				LDA		#D_UI_Time
  1776 0000F51C 85 8C               				STA		R_Uart_OpenTime
  1777 0000F51E                     	?NoRefreshUartOpen:
  1778                              ;	            %btst   R_KeyFlag,D_KeyTone,?NoBeep
  1779                              ;	            LDA     R_VoiceReq
  1780                              ;	            ORA     #D_VOICE_BEEP
  1781                              ;	            STA     R_VoiceReq
  1782 0000F51E                     	?NoBeep:
  1783                              	 %btsf   R_OtherFlag,D_Alarming,?L_Exit ; 仅在响铃时响应贪睡
  1784 0000F51E A5 73             1           lda     R_OtherFlag               ;ex.   
  1785 0000F520 29 40             1           and     #D_Alarming              ;  %btsf 10H,_BIT0,N
  1786 0000F522 F0 0C             1           beq     ?L_Exit               ;  if(10H.0=0) goto N 
  1787                              ;			%bits	R_OtherFlag,D_ToneDIS	
  1788                              ;			LDA		R_OldKeyValue		
  1789                              ;			CMP		#D_SleepKey			
  1790                              ;			BNE		?Next1
  1791                              ;			JSR		F_UpdateKey			
  1792                              ;			%bits	R_OtherFlag,D_EnableSnooze
  1793                              ;			LDA		#C_SnoozeTime5min
  1794                              ;			STA		R_SleepTime
  1795                              ;			rts
  1796                              	 		%bits	R_KeyFlag,D_KeyRelDis
  1797 0000F524 A5 71             1           lda     R_KeyFlag               ;ex.  
  1798 0000F526 09 08             1           ora     #D_KeyRelDis              ;  %bits 10H,_BIT0
  1799                            1 		                   ;  10H.0=1
  1800 0000F528 85 71             1           sta     R_KeyFlag               ;
  1801                              	 		%bits	R_OtherFlag,D_ToneDIS	
  1802 0000F52A A5 73             1           lda     R_OtherFlag               ;ex.  
  1803 0000F52C 09 08             1           ora     #D_ToneDIS              ;  %bits 10H,_BIT0
  1804                            1 		                   ;  10H.0=1
  1805 0000F52E 85 73             1           sta     R_OtherFlag               ;
  1806                              ;		?Next1:	
  1807                              ;			%bitr	R_OtherFlag,D_EnableSnooze
  1808                              		; 	LDA		R_TimeFlashSet	;timer退出设置
  1809                              		; 	ORA		R_AlmTimeFlashSet
  1810                              		; 	ORA		R_VolumeFlashSet
  1811                              		; 	BEQ		?L_Exit			
  1812                              		; 	LDA		R_OldKeyValue		
  1813                              		; 	CMP		#D_TimerKey			
  1814                              		; 	BNE		?L_Exit		
  1815                              		; 	JSR		F_UpdateKey	
  1816                              		; 	LDA		#00
  1817                              		; 	STA		R_TimeFlashSet
  1818                              		; 	STA		R_AlmTimeFlashSet
  1819                              		; 	STA		R_VolumeFlashSet	
  1820                              		; 	LDA		R_VolumeFlashSet	;退出曲设置
  1821                              		; 	BEQ		?L_Exit
  1822                              		; 	%bits	R_OtherFlag,D_ToneDIS
  1823                              		; 	LDA		#0
  1824                              		; 	STA		R_VolumeFlashSet			
  1825 0000F530                     		 ?L_Exit:
  1826 0000F530 60                  			RTS
  1827 0000F531                     Enable_BackLEDKey:
  1828                              		; 3档背光循环：1->2->3->1，过滤无效值         
  1829 0000F531 20 41 F8            		JSR		F_UpdateKey	
  1830 0000F534 AD C0 02            		LDA		_R_BacklightLevel
  1831 0000F537 C9 01               		CMP		#1
  1832 0000F539 F0 10               		BEQ		?BackLED_Set2
  1833 0000F53B C9 02               		CMP		#2
  1834 0000F53D F0 14               		BEQ		?BackLED_Set3
  1835 0000F53F C9 03               		CMP		#3
  1836 0000F541 F0 18               		BEQ		?BackLED_Set1
  1837                              		; 其他非法值统一设为1
  1838 0000F543 A9 01               		LDA		#1
  1839 0000F545 8D C0 02            		STA		_R_BacklightLevel
  1840 0000F548 4C 60 F5            		JMP		?BackLED_Done
  1841 0000F54B                     ?BackLED_Set2:
  1842 0000F54B A9 02               		LDA		#2
  1843 0000F54D 8D C0 02            		STA		_R_BacklightLevel
  1844 0000F550 4C 60 F5            		JMP		?BackLED_Done
  1845 0000F553                     ?BackLED_Set3:
  1846 0000F553 A9 03               		LDA		#3
  1847 0000F555 8D C0 02            		STA		_R_BacklightLevel
  1848 0000F558 4C 60 F5            		JMP		?BackLED_Done
  1849 0000F55B                     ?BackLED_Set1:
  1850 0000F55B A9 01               		LDA		#1
  1851 0000F55D 8D C0 02            		STA		_R_BacklightLevel
  1852                              
  1853 0000F560                     ?BackLED_Done:
  1854                              ;		JSR		F_OpenBacklight
  1855 0000F560 60                  		RTS
  1856                              
  1857                              ;====================================================================
  1858                              ; 背光控制函数
  1859                              ;====================================================================
  1860                              ;F_OpenBacklight:
  1861                              ;_F_OpenBacklight:
  1862                              ;		LDA		#C_BacklightTime	; 重置计时器 (10s)
  1863                              ;		STA		R_BacklightTimer
  1864                              ;		
  1865                              ;		LDA		#1
  1866                              ;		STA		_R_BacklightFlag	; 设置背光标志为开
  1867                              ;		RTS
  1868                              ;
  1869                              ;F_CheckBacklight:
  1870                              ;_F_CheckBacklight:
  1871                              ;		LDA		R_BacklightTimer
  1872                              ;		BEQ		?BacklightOff
  1873                              ;		DEC		R_BacklightTimer
  1874                              ;		BNE		?ExitBacklight
  1875                              ;		
  1876                              ;	?BacklightOff:
  1877                              ;		LDA		#0
  1878                              ;		STA		_R_BacklightFlag	; 设置背光标志为关
  1879                              ;	?ExitBacklight:
  1880                              ;		RTS
  1881                              ;
  1882                              ;====================================================================
  1883                              ; 长按键处理
  1884                              ;====================================================================
  1885 0000F561                     Hold_Key:	
  1886 0000F561 A5 72               		LDA	R_LongKeyTime
  1887 0000F563 F0 01               		BEQ	?next
  1888 0000F565 60                  		RTS
  1889 0000F566                     	?next:
  1890 0000F566 EA                  	NOP
  1891                              		%btst	R_KeyFlag,D_EnableFastAdd,?Enable_Fast	
  1892 0000F567 A5 71             1           lda     R_KeyFlag               ;ex.   
  1893 0000F569 29 01             1           and     #D_EnableFastAdd              ;  %btst 10H,_BIT0,N
  1894 0000F56B D0 38             1           bne     ?Enable_Fast               ;  if(10H.0=1) goto N 
  1895                              		%btst	R_KeyFlag,D_KeyRelDis,?exit	
  1896 0000F56D A5 71             1           lda     R_KeyFlag               ;ex.   
  1897 0000F56F 29 08             1           and     #D_KeyRelDis              ;  %btst 10H,_BIT0,N
  1898 0000F571 D0 4C             1           bne     ?exit               ;  if(10H.0=1) goto N 
  1899                              		%bits	R_KeyFlag,D_EnableFastAdd	
  1900 0000F573 A5 71             1           lda     R_KeyFlag               ;ex.  
  1901 0000F575 09 01             1           ora     #D_EnableFastAdd              ;  %bits 10H,_BIT0
  1902                            1 		                   ;  10H.0=1
  1903 0000F577 85 71             1           sta     R_KeyFlag               ;
  1904 0000F579 A5 74               		LDA		R_TimeFlashSet
  1905 0000F57B 05 75               		ORA		R_AlmTimeFlashSet
  1906                              ;		ORA		R_VolumeFlashSet
  1907 0000F57D 05 76               		ORA		R_TimerFlashSet
  1908 0000F57F D0 17               		BNE		?exit4
  1909 0000F581 A5 70               		LDA		R_OldKeyValue	;进入设置
  1910 0000F583 C9 20               		CMP		#D_TimeKey
  1911 0000F585 F0 45               		BEQ		?Enable_TimelongSetKey
  1912 0000F587 C9 02               		CMP		#D_AlarmKey
  1913 0000F589 F0 5E               		BEQ		?Enable_AlmlongSetKey
  1914                              
  1915 0000F58B C9 04               		CMP		#D_TimerKey		;定时键	
  1916 0000F58D F0 77               		BEQ		?Enable_TimerlongSetKey
  1917                              
  1918 0000F58F                     	?L_Next:	
  1919 0000F58F A5 70               		 LDA		R_OldKeyValue			
  1920 0000F591 C9 40               		CMP		#D_PowerKey
  1921 0000F593 D0 03               		BNE		$+5		
  1922 0000F595 4C 14 F6            		JMP		?Enable_LongPowerKey			
  1923                              			
  1924 0000F598                     	?exit4:
  1925                              		%bits	RB_Lcd_Updata_Flag,D_LcdUpdate
  1926 0000F598 A5 5E             1           lda     RB_Lcd_Updata_Flag               ;ex.  
  1927 0000F59A 09 40             1           ora     #D_LcdUpdate              ;  %bits 10H,_BIT0
  1928                            1 		                   ;  10H.0=1
  1929 0000F59C 85 5E             1           sta     RB_Lcd_Updata_Flag               ;
  1930                              		%bits	R_KeyFlag,D_KeyRelDis		
  1931 0000F59E A5 71             1           lda     R_KeyFlag               ;ex.  
  1932 0000F5A0 09 08             1           ora     #D_KeyRelDis              ;  %bits 10H,_BIT0
  1933                            1 		                   ;  10H.0=1
  1934 0000F5A2 85 71             1           sta     R_KeyFlag               ;
  1935 0000F5A4 60                  		RTS	
  1936                              ;快加快减-------------------------		
  1937 0000F5A5                     	?Enable_Fast:	
  1938                              ;	   	%bitr	R_KeyFlag,D_KeyTone	;没有按键音
  1939 0000F5A5 A9 10               		LDA		#C_FastAdd
  1940 0000F5A7 85 72               		STA		R_LongKeyTime
  1941                              		%bits	RB_Lcd_Updata_Flag,D_LcdUpdate
  1942 0000F5A9 A5 5E             1           lda     RB_Lcd_Updata_Flag               ;ex.  
  1943 0000F5AB 09 40             1           ora     #D_LcdUpdate              ;  %bits 10H,_BIT0
  1944                            1 		                   ;  10H.0=1
  1945 0000F5AD 85 5E             1           sta     RB_Lcd_Updata_Flag               ;
  1946 0000F5AF A5 70               		LDA		R_OldKeyValue		
  1947 0000F5B1 C9 08               		CMP		#D_UpKey			;;＋
  1948 0000F5B3 D0 03               		BNE		$+5
  1949 0000F5B5 4C 52 F8            		JMP		Enable_UpKey
  1950                              	
  1951 0000F5B8 C9 10               		CMP		#D_DownKey			;;-
  1952 0000F5BA D0 03               		BNE		$+5
  1953 0000F5BC 4C C6 F9            		JMP		Enable_DownKey
  1954 0000F5BF                     	?exit:	
  1955                              		%bits	R_KeyFlag,D_KeyRelDis
  1956 0000F5BF A5 71             1           lda     R_KeyFlag               ;ex.  
  1957 0000F5C1 09 08             1           ora     #D_KeyRelDis              ;  %bits 10H,_BIT0
  1958                            1 		                   ;  10H.0=1
  1959 0000F5C3 85 71             1           sta     R_KeyFlag               ;
  1960                              		%bitr	R_KeyFlag,D_EnableFastAdd
  1961 0000F5C5 A5 71             1           lda     R_KeyFlag               ;ex.  
  1962 0000F5C7 29 FE             1           and     #.NOT.D_EnableFastAdd         ;  %bitr 10H,_BIT0;  10H.0=0
  1963 0000F5C9 85 71             1           sta     R_KeyFlag
  1964 0000F5CB 60                  		RTS
  1965                              		
  1966 0000F5CC                     ?Enable_TimelongSetKey:
  1967 0000F5CC 20 41 F8            		JSR		F_UpdateKey		
  1968 0000F5CF A5 88               		LDA		R_VoiceFlag
  1969 0000F5D1 29 01               		AND		#D_OpenReady
  1970 0000F5D3 D0 03               		BNE		?Time_Set
  1971 0000F5D5 20 89 F6            		JSR		Voice_PowerOn_Noxiaonao  
  1972 0000F5D8                     	?Time_Set:	
  1973 0000F5D8 A9 01               		lda	#01
  1974 0000F5DA 85 74               		sta	R_TimeFlashSet
  1975                              		; 请求播放“日期设置”语音（由主循环播放）
  1976 0000F5DC A5 8A               		LDA		R_VoiceReq
  1977 0000F5DE 09 04               		ORA		#D_VOICE_DATE_SET
  1978 0000F5E0 85 8A               		STA		R_VoiceReq
  1979                              		%bitr	R_VoiceReq,D_VOICE_BEEP	;按键音
  1980 0000F5E2 A5 8A             1           lda     R_VoiceReq               ;ex.  
  1981 0000F5E4 29 EF             1           and     #.NOT.D_VOICE_BEEP         ;  %bitr 10H,_BIT0;  10H.0=0
  1982 0000F5E6 85 8A             1           sta     R_VoiceReq
  1983 0000F5E8 60                  		RTS	
  1984                              		
  1985 0000F5E9                     ?Enable_AlmlongSetKey:
  1986 0000F5E9 20 41 F8            		JSR		F_UpdateKey		
  1987 0000F5EC A5 88               		LDA		R_VoiceFlag
  1988 0000F5EE 29 01               		AND		#D_OpenReady
  1989 0000F5F0 D0 03               		BNE		?Alm_Set
  1990 0000F5F2 20 89 F6            		JSR		Voice_PowerOn_Noxiaonao   
  1991 0000F5F5                     	?Alm_Set:
  1992 0000F5F5 A9 01               		lda	#01
  1993 0000F5F7 85 75               		sta	R_AlmTimeFlashSet
  1994                              		; 请求播放“闹钟设置”语音（由主循环播放）
  1995 0000F5F9 A5 8A               		LDA		R_VoiceReq
  1996 0000F5FB 09 02               		ORA		#D_VOICE_ALARM_SET
  1997 0000F5FD 85 8A               		STA		R_VoiceReq
  1998                              		%bitr	R_VoiceReq,D_VOICE_BEEP	;按键音
  1999 0000F5FF A5 8A             1           lda     R_VoiceReq               ;ex.  
  2000 0000F601 29 EF             1           and     #.NOT.D_VOICE_BEEP         ;  %bitr 10H,_BIT0;  10H.0=0
  2001 0000F603 85 8A             1           sta     R_VoiceReq
  2002 0000F605 60                  		RTS	
  2003 0000F606                     ?Enable_TimerlongSetKey:
  2004                              		%btst R_TimerFlag,(D_Timerstatus_just+D_Timerstatus),?L_Exit
  2005 0000F606 A5 83             1           lda     R_TimerFlag               ;ex.   
  2006 0000F608 29 03             1           and     #(D_Timerstatus_just+D_Timerstatus)              ;  %btst 10H,_BIT0,N
  2007 0000F60A D0 07             1           bne     ?L_Exit               ;  if(10H.0=1) goto N 
  2008 0000F60C 20 41 F8             		JSR	F_UpdateKey   
  2009 0000F60F A9 01               		lda	#01
  2010 0000F611 85 76               		STA	R_TimerFlashSet
  2011                              ;		%bits	R_OtherFlag,D_SetVolumeFlag
  2012 0000F613                     	?L_Exit:	
  2013 0000F613 60                  		RTS			
  2014 0000F614                     ?Enable_LongPowerKey:
  2015 0000F614 4C 17 F6            		JMP	Enable_LongPowerKey
  2016                              		
  2017                              
  2018                              		
  2019 0000F617                     Enable_LongPowerKey:
  2020 0000F617 20 41 F8            		JSR	F_UpdateKey
  2021 0000F61A A5 71               		LDA	R_KeyFlag
  2022 0000F61C 49 02               		EOR	#D_LCDOFF
  2023 0000F61E 85 71               		STA	R_KeyFlag
  2024                              		
  2025                              		%btst	R_KeyFlag,D_LCDOFF,?DoPowerOff
  2026 0000F620 A5 71             1           lda     R_KeyFlag               ;ex.   
  2027 0000F622 29 02             1           and     #D_LCDOFF              ;  %btst 10H,_BIT0,N
  2028 0000F624 D0 0D             1           bne     ?DoPowerOff               ;  if(10H.0=1) goto N 
  2029                              		
  2030                              		; Power ON
  2031 0000F626 20 60 C9            		JSR	F_LCD_Initinal
  2032 0000F629 20 89 F6            		JSR	Voice_PowerOn_Noxiaonao
  2033                              		%bits	RB_Lcd_Updata_Flag,D_LcdUpdate
  2034 0000F62C A5 5E             1           lda     RB_Lcd_Updata_Flag               ;ex.  
  2035 0000F62E 09 40             1           ora     #D_LcdUpdate              ;  %bits 10H,_BIT0
  2036                            1 		                   ;  10H.0=1
  2037 0000F630 85 5E             1           sta     RB_Lcd_Updata_Flag               ;
  2038 0000F632 60                  		RTS
  2039                              		
  2040 0000F633                     	?DoPowerOff:
  2041 0000F633 20 37 F6            		JSR	F_SystemPowerOff
  2042 0000F636 60                  		RTS
  2043                              
  2044 0000F637                     F_SystemPowerOff:
  2045 0000F637                     _F_SystemPowerOff:
  2046                              		; 供按键长按关机和 C 端低电自动关机共用的统一关机入口
  2047                              		%bits	R_KeyFlag,D_LCDOFF
  2048 0000F637 A5 71             1           lda     R_KeyFlag               ;ex.  
  2049 0000F639 09 02             1           ora     #D_LCDOFF              ;  %bits 10H,_BIT0
  2050                            1 		                   ;  10H.0=1
  2051 0000F63B 85 71             1           sta     R_KeyFlag               ;
  2052                              		; Power OFF
  2053 0000F63D A9 00               		LDA	#00
  2054 0000F63F 8D 50 34            		STA	P_LCD_Ctrl1	; Turn off LCD
  2055                              			
  2056                              		; 关机时同时关闭背光：禁用PWM并拉低PA1，设置当前亮度为0
  2057 0000F642 AD 90 34            		LDA	P_PWMIO_Ctrl
  2058 0000F645 29 FD               		AND	#11111101B	; 清除 D_PWMIO1En (bit1)
  2059 0000F647 8D 90 34            		STA	P_PWMIO_Ctrl
  2060 0000F64A AD 8A 30            		LDA	P_IO_PortA_Data
  2061 0000F64D 29 FD               		AND	#11111101B	; 拉低 PA1
  2062 0000F64F 8D 8A 30            		STA	P_IO_PortA_Data
  2063                              		
  2064                              		%bitr	R_OtherFlag,D_Alarming
  2065 0000F652 A5 73             1           lda     R_OtherFlag               ;ex.  
  2066 0000F654 29 BF             1           and     #.NOT.D_Alarming         ;  %bitr 10H,_BIT0;  10H.0=0
  2067 0000F656 85 73             1           sta     R_OtherFlag
  2068                              		; 关机时清除串口/语音打开标志，确保语音通道关闭
  2069                              		%bitr	R_OtherFlag,D_Urat_Open
  2070 0000F658 A5 73             1           lda     R_OtherFlag               ;ex.  
  2071 0000F65A 29 FD             1           and     #.NOT.D_Urat_Open         ;  %bitr 10H,_BIT0;  10H.0=0
  2072 0000F65C 85 73             1           sta     R_OtherFlag
  2073                              		%bitr	R_TimerFlag,(D_Timerstatus+D_Timerstatus_just)
  2074 0000F65E A5 83             1           lda     R_TimerFlag               ;ex.  
  2075 0000F660 29 FC             1           and     #.NOT.(D_Timerstatus+D_Timerstatus_just)         ;  %bitr 10H,_BIT0;  10H.0=0
  2076 0000F662 85 83             1           sta     R_TimerFlag
  2077 0000F664 60                  		RTS
  2078                                  
  2079                              ; 函数：Voice_PowerOn
  2080 0000F665                     Voice_PowerOn:
  2081 0000F665                     _Voice_PowerOn:
  2082 0000F665 AD 8A 30                LDA     P_IO_PortA_Data
  2083 0000F668 29 20                   AND     #0x20            ; 检查 bit5
  2084 0000F66A F0 1C                   BEQ     ?exit           ; 如果已是低电平，直接退出
  2085 0000F66C AD 8A 30                LDA     P_IO_PortA_Data
  2086 0000F66F 29 DF                   AND     #11011111B            ; 清除 bit5
  2087 0000F671 8D 8A 30                STA     P_IO_PortA_Data
  2088 0000F674 A9 64                   LDA     #0x64
  2089 0000F676 85 89                   STA     R_DelayOpen
  2090 0000F678 A5 88                   LDA     R_VoiceFlag
  2091 0000F67A 29 FE                   AND     #~D_OpenReady   ; 清除准备就绪标志
  2092 0000F67C 85 88                   STA     R_VoiceFlag
  2093                              		; 初始化：清除闹钟查看播放标志，避免上电时为随机值
  2094 0000F67E A9 00               		LDA     #00
  2095 0000F680 85 8B               		STA     R_AlarmViewFlag
  2096                               	; 请求主循环播放唤醒应答（汇编不能直接调用C）
  2097 0000F682 A5 88               	LDA		R_VoiceFlag
  2098 0000F684 09 02               	ORA		#D_WakePlay
  2099 0000F686 85 88               	STA		R_VoiceFlag   
  2100 0000F688                     ?exit:
  2101 0000F688 60                      RTS    		
  2102                              ; 函数：Voice_PowerOn
  2103 0000F689                     Voice_PowerOn_Noxiaonao:
  2104 0000F689                     _Voice_PowerOn_Noxiaonao:
  2105 0000F689 AD 8A 30                LDA     P_IO_PortA_Data
  2106 0000F68C 29 20                   AND     #0x20            ; 检查 bit5
  2107 0000F68E F0 12                   BEQ     ?exit           ; 如果已是低电平，直接退出
  2108 0000F690 AD 8A 30                LDA     P_IO_PortA_Data
  2109 0000F693 29 DF                   AND     #11011111B            ; 清除 bit5
  2110 0000F695 8D 8A 30                STA     P_IO_PortA_Data
  2111 0000F698 A9 64                   LDA     #0x64
  2112 0000F69A 85 89                   STA     R_DelayOpen
  2113 0000F69C A5 88                   LDA     R_VoiceFlag
  2114 0000F69E 29 FE                   AND     #~D_OpenReady   ; 清除准备就绪标志
  2115 0000F6A0 85 88                   STA     R_VoiceFlag
  2116                              
  2117 0000F6A2                     ?exit:
  2118 0000F6A2 60                      RTS    		
  2119                              ;F_OpenXiaonao:
  2120                              ;		%bits	R_OtherFlag,D_Urat_Open		;打开语音
  2121                              ;		LDA     #D_UI_Time
  2122                              ;		STA		R_Uart_UI
  2123                              ;		LDA		P_IO_PortA_Data
  2124                              ;		AND		#.NOT.0x22
  2125                              ;		STA		P_IO_PortA_Data
  2126                              ;		JSR		Voice_PowerOn
  2127                              	;    P_IO_PortA_Data &= ~0x20;	//bit5 拉DI
  2128                              
  2129                              ;		RTS		
  2130 0000F6A3                     Enable_TimeKey:	
  2131 0000F6A3 A5 76               		LDA		R_TimerFlashSet
  2132 0000F6A5 05 75               		ORA		R_AlmTimeFlashSet
  2133 0000F6A7 D0 21               		BNE		?L_Exit
  2134 0000F6A9 20 41 F8            		JSR		F_UpdateKey
  2135 0000F6AC A5 74               		LDA		R_TimeFlashSet
  2136 0000F6AE D0 01               		BNE		?L_NextSet	
  2137 0000F6B0 60                  		RTS
  2138 0000F6B1                     		?L_NextSet:
  2139 0000F6B1 18                  		clc
  2140 0000F6B2 26 74               		rol		R_TimeFlashSet
  2141 0000F6B4 A5 74               		lda		R_TimeFlashSet
  2142 0000F6B6 C9 20               		cmp		#D_SetTimeMax
  2143 0000F6B8 D0 10               		BNE		?L_Exit
  2144 0000F6BA A9 00               		lda		#00
  2145 0000F6BC 85 74               		sta		R_TimeFlashSet
  2146                              		; 请求播放“设置时间成功”语音（由主循环播放）
  2147 0000F6BE A5 8A               		LDA		R_VoiceReq
  2148 0000F6C0 09 08               		ORA		#D_VOICE_TIME_SET
  2149 0000F6C2 85 8A               		STA		R_VoiceReq
  2150                              		%bitr	R_VoiceReq,D_VOICE_BEEP	;按键音
  2151 0000F6C4 A5 8A             1           lda     R_VoiceReq               ;ex.  
  2152 0000F6C6 29 EF             1           and     #.NOT.D_VOICE_BEEP         ;  %bitr 10H,_BIT0;  10H.0=0
  2153 0000F6C8 85 8A             1           sta     R_VoiceReq
  2154 0000F6CA                     	?L_Exit:	
  2155                              			; 如果处于时间设置的小时阶段，按下按键时请求播放“时间设置为”短提示
  2156 0000F6CA A5 74               		LDA		R_TimeFlashSet
  2157 0000F6CC 29 08               		AND		#D_SetHour
  2158 0000F6CE F0 0C               		BEQ		?Skip_TimeSetBeepUp
  2159 0000F6D0 A5 8A               		LDA		R_VoiceReq
  2160 0000F6D2 09 08               		ORA		#D_VOICE_TIME_SET
  2161 0000F6D4 85 8A               		STA		R_VoiceReq
  2162                              		%bitr	R_VoiceReq,D_VOICE_BEEP
  2163 0000F6D6 A5 8A             1           lda     R_VoiceReq               ;ex.  
  2164 0000F6D8 29 EF             1           and     #.NOT.D_VOICE_BEEP         ;  %bitr 10H,_BIT0;  10H.0=0
  2165 0000F6DA 85 8A             1           sta     R_VoiceReq
  2166 0000F6DC                     	?Skip_TimeSetBeepUp:
  2167                              
  2168 0000F6DC 60                  		RTS	
  2169                              .PUBLIC	BitMaskTable	
  2170                              ; 位掩码表
  2171 0000F6DD                     BitMaskTable:
  2172 0000F6DD 01 02 04 08             .DB $01, $02, $04, $08, $10, $20, $40, $80
                10 20 40 80
                           
  2173                              
  2174                              ; ===================== 核心：闹钟短按处理（精简分支+内联子函数） =====================
  2175 0000F6E5                     Enable_AlarmKey:
  2176 0000F6E5 20 41 F8                JSR		F_UpdateKey        ; 更新按键状态	
  2177 0000F6E8 A5 88               	LDA		R_VoiceFlag
  2178 0000F6EA 29 01               	AND		#D_OpenReady
  2179 0000F6EC D0 04               	BNE		?Alarm_Cont
  2180 0000F6EE 20 65 F6            	JSR		Voice_PowerOn
  2181 0000F6F1 60                  	RTS
  2182 0000F6F2                     ?Alarm_Cont:
  2183 0000F6F2 A5 76               	LDA		R_TimerFlashSet
  2184 0000F6F4 05 74               	ORA		R_TimeFlashSet
  2185 0000F6F6 D0 71               	BNE		?L_Exit
  2186                              
  2187 0000F6F8 A5 75                   LDA		R_AlmTimeFlashSet
  2188 0000F6FA F0 13                   BEQ		?L_NonSetMode      ; 非设置：循环查看
  2189                                  
  2190                                  ; --- 设置状态：配置流程
  2191 0000F6FC A5 75                   LDA     R_AlmTimeFlashSet
  2192 0000F6FE C9 01                   CMP     #D_SetAlm        ; 开关阶段
  2193 0000F700 F0 36                   BEQ     ?L_HandleAlmSwitch
  2194 0000F702 C9 02                   CMP     #D_SetAlmHour    ; 小时阶段
  2195 0000F704 F0 4D                   BEQ     ?L_ToMinute
  2196 0000F706 C9 04                   CMP     #D_SetAlmMinute  ; 分钟阶段
  2197 0000F708 F0 4E                   BEQ     ?L_ToDay
  2198 0000F70A C9 08                   CMP     #D_SetAlmDay     ; 工作日阶段
  2199 0000F70C F0 4F                   BEQ     ?L_SwitchGroup_Stop
  2200 0000F70E 60                      RTS
  2201                              
  2202                              	; 非设置状态：循环切换组（内联精简）
  2203 0000F70F                     	?L_NonSetMode:
  2204                              		; 请求播放“闹钟查看”语音（由主循环播放），仅第一次短按播放
  2205 0000F70F A5 8B               		LDA		R_AlarmViewFlag
  2206 0000F711 29 01               		AND		#D_AlarmView_Played
  2207 0000F713 D0 0C               		BNE		?Skip_AlarmViewPlay
  2208 0000F715 A5 8A               		LDA		R_VoiceReq
  2209 0000F717 09 01               		ORA		#D_VOICE_ALARM_CHECK
  2210 0000F719 85 8A               		STA		R_VoiceReq
  2211                              		%bitr	R_VoiceReq,D_VOICE_BEEP	;按键音
  2212 0000F71B A5 8A             1           lda     R_VoiceReq               ;ex.  
  2213 0000F71D 29 EF             1           and     #.NOT.D_VOICE_BEEP         ;  %bitr 10H,_BIT0;  10H.0=0
  2214 0000F71F 85 8A             1           sta     R_VoiceReq
  2215 0000F721                     	?Skip_AlarmViewPlay:			
  2216                              		; 标记已播放，后续短按不再播放
  2217 0000F721 A5 8B               		LDA		R_AlarmViewFlag
  2218 0000F723 09 01               		ORA		#D_AlarmView_Played
  2219 0000F725 85 8B               		STA		R_AlarmViewFlag	
  2220                              		
  2221 0000F727 E6 2A               		INC     R_CurrentGroup
  2222 0000F729 A5 2A               		LDA		R_CurrentGroup
  2223 0000F72B C9 03               		CMP     #3
  2224 0000F72D 90 3A               		BCC     ?L_Exit
  2225 0000F72F A9 00               		LDA     #0
  2226 0000F731 85 2A               		STA     R_CurrentGroup	
  2227                              		
  2228                              
  2229                              
  2230                              ;		STA		R_VoiceReq
  2231 0000F733 60                  		RTS
  2232                              	
  2233                              		; 初始化：清除闹钟查看播放标志，避免上电时为随机值
  2234 0000F734 A9 00               		LDA	#00
  2235 0000F736 85 8B               		STA	R_AlarmViewFlag
  2236                              	; 开关阶段：查表提取状态（精简边界检查）
  2237 0000F738                     	?L_HandleAlmSwitch:
  2238 0000F738 A5 2A               		LDA     R_CurrentGroup
  2239 0000F73A AA                  		TAX                     
  2240 0000F73B E0 03               		CPX     #3              ; 边界检查：超3则归0
  2241 0000F73D 90 02               		BCC     ?L_GetMask      
  2242 0000F73F A2 00               		LDX     #0              
  2243                              	
  2244 0000F741                     	?L_GetMask:
  2245 0000F741 BD DD F6            		LDA     BitMaskTable,X  
  2246 0000F744 85 79               		STA     L_TempBit       
  2247 0000F746 A5 2E               		LDA     R_AlarmOnOff    
  2248 0000F748 25 79               		AND     L_TempBit       
  2249 0000F74A F0 11               		BEQ     ?L_SwitchGroup_Stop ; 关闭：跳过组
  2250                              		
  2251 0000F74C A9 02               		LDA     #D_SetAlmHour   ; 开启：进小时设置
  2252 0000F74E 85 75               		STA     R_AlmTimeFlashSet
  2253 0000F750 4C 69 F7            		JMP     ?L_Exit
  2254                              	
  2255 0000F753                     	?L_ToMinute:	; 小时→分钟
  2256 0000F753 A9 04               		LDA     #D_SetAlmMinute
  2257 0000F755 85 75               		STA     R_AlmTimeFlashSet
  2258 0000F757 60                  		RTS	
  2259 0000F758                     	?L_ToDay:	; 分钟→工作日
  2260 0000F758 A9 08               		LDA     #D_SetAlmDay
  2261 0000F75A 85 75               		STA     R_AlmTimeFlashSet
  2262 0000F75C 60                  		RTS
  2263                              	
  2264                              	; 设置状态：切换组（0→1→2停止，内联精简）
  2265 0000F75D                     	?L_SwitchGroup_Stop:
  2266 0000F75D A5 2A               		LDA     R_CurrentGroup
  2267 0000F75F C9 02               		CMP     #2              
  2268 0000F761 F0 07               		BEQ     ?L_ExitSetAlm   
  2269 0000F763 E6 2A               		INC     R_CurrentGroup  	
  2270 0000F765                     	?L_ResetStage:
  2271 0000F765 A9 01               		LDA     #D_SetAlm       ; 重置为开关阶段
  2272 0000F767 85 75               		STA     R_AlmTimeFlashSet
  2273                              
  2274 0000F769                     	?L_Exit:	
  2275 0000F769 60                  		RTS	
  2276 0000F76A                     	?L_ExitSetAlm:
  2277 0000F76A A9 00               		LDA		#00
  2278 0000F76C 85 75               		STA		R_AlmTimeFlashSet
  2279                              		;加个判断123
  2280 0000F76E 60                  		RTS
  2281                              ; Enable_VolumeKey:	;音量调节键
  2282                              ; 		LDA		R_TimeFlashSet
  2283                              ; 		ORA		R_AlmTimeFlashSet
  2284                              ; 		bne		?L_Exit
  2285                              ; 		JSR		F_UpdateKey
  2286                              ; 		LDA		R_VolumeFlashSet
  2287                              ; 		BEQ		?L_Next
  2288                              ; 		LDA		#00
  2289                              ; 		STA		R_VolumeFlashSet
  2290                              ; 		%bits	R_OtherFlag,D_ToneDIS
  2291                              ; 		RTS
  2292                              ; 	?L_Next:
  2293                              ; 		INC R_CurrentVolume
  2294                              ; 		LDA R_CurrentVolume
  2295                              ; 		CMP #3              ; 保持0-2范围
  2296                              ; 		BCC ?L_SetVolume
  2297                              ; 		LDA	#0
  2298                              ; 		STA R_CurrentVolume
  2299                              ; 	?L_SetVolume:	
  2300                              ; 		LDA	#1
  2301                              ; 		STA	SetVolumeAndPlayAlarm1_flag
  2302                              ; 	?L_Exit:
  2303                              ; 		RTS		
  2304                              		
  2305                              
  2306 0000F76F                     Enable_TimerKey:	;暂停和开始计时键
  2307 0000F76F 20 41 F8            		JSR		F_UpdateKey		
  2308 0000F772 A5 88               		LDA		R_VoiceFlag
  2309 0000F774 29 01               		AND		#D_OpenReady
  2310 0000F776 D0 04               		BNE		?Timer_Cont
  2311 0000F778 20 65 F6            		JSR		Voice_PowerOn
  2312 0000F77B 60                  		RTS
  2313 0000F77C                     	?Timer_Cont:
  2314 0000F77C A5 74               		LDA		R_TimeFlashSet
  2315 0000F77E 05 75               		ORA		R_AlmTimeFlashSet
  2316 0000F780 05 76               		ORA		R_TimerFlashSet
  2317 0000F782 F0 09               		BEQ		?L_Next
  2318 0000F784 A9 00               		LDA		#00
  2319 0000F786 85 74               		STA		R_TimeFlashSet
  2320 0000F788 85 76               		STA		R_TimerFlashSet
  2321 0000F78A 85 75               		STA		R_AlmTimeFlashSet
  2322 0000F78C 60                  		RTS
  2323 0000F78D                     	?L_Next:	
  2324                              		%btst R_TimerFlag,(D_Timerstatus_just+D_Timerstatus),?L_Stop		;在走-》暂停
  2325 0000F78D A5 83             1           lda     R_TimerFlag               ;ex.   
  2326 0000F78F 29 03             1           and     #(D_Timerstatus_just+D_Timerstatus)              ;  %btst 10H,_BIT0,N
  2327 0000F791 D0 76             1           bne     ?L_Stop               ;  if(10H.0=1) goto N 
  2328                              		%btst R_TimerFlag,D_Timerstatus_justpause,?L_JustTimerSrart	
  2329 0000F793 A5 83             1           lda     R_TimerFlag               ;ex.   
  2330 0000F795 29 10             1           and     #D_Timerstatus_justpause              ;  %btst 10H,_BIT0,N
  2331 0000F797 D0 57             1           bne     ?L_JustTimerSrart               ;  if(10H.0=1) goto N 
  2332                              		%btst R_TimerFlag,D_TimerPausedCountDown,?L_DownTimerSrart			
  2333 0000F799 A5 83             1           lda     R_TimerFlag               ;ex.   
  2334 0000F79B 29 20             1           and     #D_TimerPausedCountDown              ;  %btst 10H,_BIT0,N
  2335 0000F79D D0 38             1           bne     ?L_DownTimerSrart               ;  if(10H.0=1) goto N 
  2336                              		; %btsf R_TimerFlag,D_TimerSetstatus,?L_NoSetStartFlag
  2337                              		; %bits R_TimerFlag,TIMER_START_FLAG
  2338 0000F79F                     	?L_NoSetStartFlag:
  2339                              		%bitr R_TimerFlag,D_TimerSetstatus	
  2340 0000F79F A5 83             1           lda     R_TimerFlag               ;ex.  
  2341 0000F7A1 29 F7             1           and     #.NOT.D_TimerSetstatus         ;  %bitr 10H,_BIT0;  10H.0=0
  2342 0000F7A3 85 83             1           sta     R_TimerFlag
  2343 0000F7A5 A5 33               		LDA		R_TimerMinute	;开始
  2344 0000F7A7 05 34               		ORA		R_TimerSecond
  2345 0000F7A9 F0 13               		BEQ		?L_UPTimerSrart				;开始计时
  2346                              		%bits	 R_TimerFlag,D_Timerstatus
  2347 0000F7AB A5 83             1           lda     R_TimerFlag               ;ex.  
  2348 0000F7AD 09 02             1           ora     #D_Timerstatus              ;  %bits 10H,_BIT0
  2349                            1 		                   ;  10H.0=1
  2350 0000F7AF 85 83             1           sta     R_TimerFlag               ;
  2351                              			; 请求播放“开始计时”语音
  2352 0000F7B1 A5 8A               			LDA		R_VoiceReq
  2353 0000F7B3 09 20               			ORA		#D_VOICE_TIMER_START
  2354 0000F7B5 85 8A               			STA		R_VoiceReq	
  2355                              				%bitr	R_VoiceReq,D_VOICE_BEEP	;按键音	
  2356 0000F7B7 A5 8A             1           lda     R_VoiceReq               ;ex.  
  2357 0000F7B9 29 EF             1           and     #.NOT.D_VOICE_BEEP         ;  %bitr 10H,_BIT0;  10H.0=0
  2358 0000F7BB 85 8A             1           sta     R_VoiceReq
  2359 0000F7BD 60                  		RTS
  2360 0000F7BE                     	?L_UPTimerSrart:	
  2361                              	  	%bitr	R_TimerFlag,(D_Timerstatus_justpause+D_TimerPausedCountDown)
  2362 0000F7BE A5 83             1           lda     R_TimerFlag               ;ex.  
  2363 0000F7C0 29 CF             1           and     #.NOT.(D_Timerstatus_justpause+D_TimerPausedCountDown)         ;  %bitr 10H,_BIT0;  10H.0=0
  2364 0000F7C2 85 83             1           sta     R_TimerFlag
  2365                              		%bits	R_TimerFlag,D_Timerstatus_just
  2366 0000F7C4 A5 83             1           lda     R_TimerFlag               ;ex.  
  2367 0000F7C6 09 01             1           ora     #D_Timerstatus_just              ;  %bits 10H,_BIT0
  2368                            1 		                   ;  10H.0=1
  2369 0000F7C8 85 83             1           sta     R_TimerFlag               ;
  2370                              				; 请求播放“开始计时”语音
  2371 0000F7CA A5 8A               				LDA		R_VoiceReq
  2372 0000F7CC 09 20               				ORA		#D_VOICE_TIMER_START
  2373 0000F7CE 85 8A               				STA		R_VoiceReq	
  2374                              					%bitr	R_VoiceReq,D_VOICE_BEEP	;按键音	
  2375 0000F7D0 A5 8A             1           lda     R_VoiceReq               ;ex.  
  2376 0000F7D2 29 EF             1           and     #.NOT.D_VOICE_BEEP         ;  %bitr 10H,_BIT0;  10H.0=0
  2377 0000F7D4 85 8A             1           sta     R_VoiceReq
  2378 0000F7D6 60                  		RTS
  2379 0000F7D7                     	?L_DownTimerSrart:
  2380                              	  	%bitr	R_TimerFlag,(D_Timerstatus_justpause+D_TimerPausedCountDown)
  2381 0000F7D7 A5 83             1           lda     R_TimerFlag               ;ex.  
  2382 0000F7D9 29 CF             1           and     #.NOT.(D_Timerstatus_justpause+D_TimerPausedCountDown)         ;  %bitr 10H,_BIT0;  10H.0=0
  2383 0000F7DB 85 83             1           sta     R_TimerFlag
  2384                              		%bits	R_TimerFlag,D_Timerstatus
  2385 0000F7DD A5 83             1           lda     R_TimerFlag               ;ex.  
  2386 0000F7DF 09 02             1           ora     #D_Timerstatus              ;  %bits 10H,_BIT0
  2387                            1 		                   ;  10H.0=1
  2388 0000F7E1 85 83             1           sta     R_TimerFlag               ;
  2389                              			; 请求播放“继续计时”语音
  2390 0000F7E3 A5 8A               			LDA		R_VoiceReq
  2391 0000F7E5 09 80               			ORA		#D_VOICE_TIMER_CONTINUE
  2392 0000F7E7 85 8A               			STA		R_VoiceReq
  2393                              			%bitr	R_VoiceReq,D_VOICE_BEEP	;按键音	
  2394 0000F7E9 A5 8A             1           lda     R_VoiceReq               ;ex.  
  2395 0000F7EB 29 EF             1           and     #.NOT.D_VOICE_BEEP         ;  %bitr 10H,_BIT0;  10H.0=0
  2396 0000F7ED 85 8A             1           sta     R_VoiceReq
  2397 0000F7EF 60                  		RTS		
  2398                              		
  2399 0000F7F0                     	?L_JustTimerSrart:	
  2400                              	  	%bitr	R_TimerFlag,(D_Timerstatus_justpause+D_TimerPausedCountDown)
  2401 0000F7F0 A5 83             1           lda     R_TimerFlag               ;ex.  
  2402 0000F7F2 29 CF             1           and     #.NOT.(D_Timerstatus_justpause+D_TimerPausedCountDown)         ;  %bitr 10H,_BIT0;  10H.0=0
  2403 0000F7F4 85 83             1           sta     R_TimerFlag
  2404                              		%bits	R_TimerFlag,D_Timerstatus_just
  2405 0000F7F6 A5 83             1           lda     R_TimerFlag               ;ex.  
  2406 0000F7F8 09 01             1           ora     #D_Timerstatus_just              ;  %bits 10H,_BIT0
  2407                            1 		                   ;  10H.0=1
  2408 0000F7FA 85 83             1           sta     R_TimerFlag               ;
  2409                              ;		LDA	#32
  2410                              ;  		STA	R_POINT 
  2411                              			; 请求播放“继续计时”语音
  2412 0000F7FC A5 8A               			LDA		R_VoiceReq
  2413 0000F7FE 09 80               			ORA		#D_VOICE_TIMER_CONTINUE
  2414 0000F800 85 8A               			STA		R_VoiceReq
  2415                              			%bitr	R_VoiceReq,D_VOICE_BEEP	;按键音	
  2416 0000F802 A5 8A             1           lda     R_VoiceReq               ;ex.  
  2417 0000F804 29 EF             1           and     #.NOT.D_VOICE_BEEP         ;  %bitr 10H,_BIT0;  10H.0=0
  2418 0000F806 85 8A             1           sta     R_VoiceReq
  2419 0000F808 60                  		RTS
  2420                              		
  2421 0000F809                      	?L_Stop:
  2422                               		%btst R_TimerFlag,D_Timerstatus_just,?L_JustStop
  2423 0000F809 A5 83             1           lda     R_TimerFlag               ;ex.   
  2424 0000F80B 29 01             1           and     #D_Timerstatus_just              ;  %btst 10H,_BIT0,N
  2425 0000F80D D0 19             1           bne     ?L_JustStop               ;  if(10H.0=1) goto N 
  2426                                		%bitr R_TimerFlag,D_Timerstatus
  2427 0000F80F A5 83             1           lda     R_TimerFlag               ;ex.  
  2428 0000F811 29 FD             1           and     #.NOT.D_Timerstatus         ;  %bitr 10H,_BIT0;  10H.0=0
  2429 0000F813 85 83             1           sta     R_TimerFlag
  2430                              		%bits	R_TimerFlag,D_TimerPausedCountDown
  2431 0000F815 A5 83             1           lda     R_TimerFlag               ;ex.  
  2432 0000F817 09 20             1           ora     #D_TimerPausedCountDown              ;  %bits 10H,_BIT0
  2433                            1 		                   ;  10H.0=1
  2434 0000F819 85 83             1           sta     R_TimerFlag               ;
  2435                              			; 请求播放“暂停计时”语音
  2436 0000F81B A5 8A               			LDA		R_VoiceReq
  2437 0000F81D 09 40               			ORA		#D_VOICE_TIMER_PAUSE
  2438 0000F81F 85 8A               			STA		R_VoiceReq
  2439                              			%bitr	R_VoiceReq,D_VOICE_BEEP	;按键音	
  2440 0000F821 A5 8A             1           lda     R_VoiceReq               ;ex.  
  2441 0000F823 29 EF             1           and     #.NOT.D_VOICE_BEEP         ;  %bitr 10H,_BIT0;  10H.0=0
  2442 0000F825 85 8A             1           sta     R_VoiceReq
  2443 0000F827 60                    		RTS
  2444                              		
  2445 0000F828                     	?L_JustStop:
  2446                              		%bitr R_TimerFlag,D_Timerstatus_just
  2447 0000F828 A5 83             1           lda     R_TimerFlag               ;ex.  
  2448 0000F82A 29 FE             1           and     #.NOT.D_Timerstatus_just         ;  %bitr 10H,_BIT0;  10H.0=0
  2449 0000F82C 85 83             1           sta     R_TimerFlag
  2450                              	;		LDA	#00
  2451                              	;  		STA	R_POINT 
  2452                              		%bits R_TimerFlag,D_Timerstatus_justpause
  2453 0000F82E A5 83             1           lda     R_TimerFlag               ;ex.  
  2454 0000F830 09 10             1           ora     #D_Timerstatus_justpause              ;  %bits 10H,_BIT0
  2455                            1 		                   ;  10H.0=1
  2456 0000F832 85 83             1           sta     R_TimerFlag               ;
  2457                              			; 请求播放“暂停计时”语音
  2458 0000F834 A5 8A               			LDA		R_VoiceReq
  2459 0000F836 09 40               			ORA		#D_VOICE_TIMER_PAUSE
  2460 0000F838 85 8A               			STA		R_VoiceReq
  2461                              			%bitr	R_VoiceReq,D_VOICE_BEEP	;按键音	
  2462 0000F83A A5 8A             1           lda     R_VoiceReq               ;ex.  
  2463 0000F83C 29 EF             1           and     #.NOT.D_VOICE_BEEP         ;  %bitr 10H,_BIT0;  10H.0=0
  2464 0000F83E 85 8A             1           sta     R_VoiceReq
  2465 0000F840 60                  		RTS
  2466                              			
  2467                              ; Enable_LongTimerKey:	;暂停计时状态下，计时时间跳转至00:00
  2468                              ; 		%btst R_TimerFlag,(D_Timerstatus_just+D_Timerstatus),?L_Exit	;正在走时退出
  2469                              ; 		JSR		F_UpdateKey
  2470                              ; 		LDA		#00
  2471                              ; 		STA		R_TimerMinute
  2472                              ; 		STA		R_TimerSecond
  2473                              ; ;		STA		R_POINT
  2474                              ; 	?L_Exit:	
  2475                              ; 		RTS
  2476                              		
  2477                              ;ann============================================
  2478                              ;按键附加状态
  2479                              ;===============================================		
  2480 0000F841                     F_UpdateKey:						
  2481                              		%bits	R_KeyFlag,D_KeyRelDis	
  2482 0000F841 A5 71             1           lda     R_KeyFlag               ;ex.  
  2483 0000F843 09 08             1           ora     #D_KeyRelDis              ;  %bits 10H,_BIT0
  2484                            1 		                   ;  10H.0=1
  2485 0000F845 85 71             1           sta     R_KeyFlag               ;
  2486 0000F847                     F_UpdateKey2:							
  2487 0000F847 A9 0A               		LDA		#C_SleepSec
  2488 0000F849 85 6D               		STA		R_SetBack
  2489                              		%bits	RB_Lcd_Updata_Flag,D_LcdUpdate			
  2490 0000F84B A5 5E             1           lda     RB_Lcd_Updata_Flag               ;ex.  
  2491 0000F84D 09 40             1           ora     #D_LcdUpdate              ;  %bits 10H,_BIT0
  2492                            1 		                   ;  10H.0=1
  2493 0000F84F 85 5E             1           sta     RB_Lcd_Updata_Flag               ;
  2494 0000F851 60                  		RTS
  2495                              
  2496                              
  2497                              ; ==============================================
  2498                              ; Function	name	: L_UP_Key
  2499                              ; Purpose			: SELECT Clock or Alarm Clock Hour Minu second
  2500                              ; Parameter			: none 
  2501                              ; Return			: Hour Minu second registers
  2502                              ; Destroy			: none 
  2503                              ; Stack depth		: none
  2504                              ; ==============================================
  2505 0000F852                     Enable_UpKey:
  2506 0000F852 20 41 F8            		JSR		F_UpdateKey	
  2507 0000F855 A5 88               		LDA		R_VoiceFlag
  2508 0000F857 29 01               		AND		#D_OpenReady
  2509 0000F859 D0 04               		BNE		?Up_Cont
  2510 0000F85B 20 65 F6            		JSR		Voice_PowerOn
  2511 0000F85E 60                  		RTS
  2512 0000F85F                     	?Up_Cont:
  2513                              
  2514 0000F85F A5 74               		LDA		R_TimeFlashSet
  2515 0000F861 05 75               		ORA		R_AlmTimeFlashSet
  2516 0000F863 05 76               		ORA		R_TimerFlashSet
  2517 0000F865 D0 0D               		BNE		?L_settup_check
  2518                              ; 	?L_NotSetUp:		;调节倒计时时间1-99分钟
  2519                              ; 		%btst	R_TimerFlag,(D_Timerstatus_just+D_Timerstatus),?L_Exit	
  2520                              ; 	  	%bitr	R_TimerFlag,D_Timerstatus_justpause
  2521                              ; 		%bits	R_TimerFlag,D_TimerSetstatus
  2522                              ; ;		LDA		#32d
  2523                              ; ;		STA		R_POINT 
  2524                              ; 		inc		R_TimerMinute
  2525                              ; 		LDA		R_TimerMinute
  2526                              ; 		CMP		#60d
  2527                              ; 		BCC		?L_Exit_Up
  2528                              ; 	?L_GV_0_minu_time_timer:
  2529                              ; 		LDA		#0d
  2530                              ; 		STA		R_TimerMinute
  2531                              ; ;		STA		R_POINT 
  2532                              ; 	?L_Exit_Up:	
  2533                              ; 		LDA		#00
  2534                              ; 		STA		R_TimerSecond   
  2535                              ;	?L_Exit:
  2536                              ;		RTS
  2537                              	; 增加音量调节逻辑
  2538 0000F867 A5 6A               		LDA		R_CurrentVolume
  2539 0000F869 C9 02               		CMP		#2
  2540 0000F86B B0 02               		BCS		?L_Exit		; 如果已经是最大音量(2)，则不处理
  2541 0000F86D E6 6A               		INC		R_CurrentVolume
  2542 0000F86F                     	?L_Exit:
  2543 0000F86F A9 01               		LDA		#1
  2544 0000F871 85 6C               		STA		SetVolumeAndPlayAlarm1_flag	
  2545 0000F873 60                  		RTS
  2546                              
  2547 0000F874                     	?L_settup_check:
  2548 0000F874 A5 74               		LDA		R_TimeFlashSet
  2549 0000F876 C9 01               		CMP		#D_SetYear
  2550 0000F878 F0 60               		BEQ		L_UP_Date_Year_setup
  2551 0000F87A C9 02               		CMP		#D_SetMonth
  2552 0000F87C F0 72               		BEQ		L_UP_Date_Month_setup
  2553 0000F87E C9 04               		CMP		#D_SetDate
  2554 0000F880 F0 7D               		BEQ		L_UP_Date_Day_setup
  2555                              ;		CMP		#D_Set12_24
  2556                              ;		BEQ		L_UP_12_24_setup
  2557 0000F882 C9 08               		CMP		#D_SetHour
  2558 0000F884 F0 33               		BEQ		L_UP_Time_Hour_setup
  2559 0000F886 C9 10               		CMP		#D_SetMinute
  2560 0000F888 F0 3E               		BEQ		L_UP_Time_Minute_setup
  2561                              		
  2562 0000F88A A5 75               		LDA		R_AlmTimeFlashSet
  2563 0000F88C C9 01               		CMP		#D_SetAlm
  2564 0000F88E F0 13               		BEQ		?L_UP_AlarmFlog_set
  2565 0000F890 C9 02               		CMP		#D_SetAlmHour
  2566 0000F892 F0 12               		BEQ		?L_UP_Alarm_Hour_setup
  2567 0000F894 C9 04               		CMP		#D_SetAlmMinute
  2568 0000F896 F0 11               		BEQ		?L_UP_Alarm_Minute_setup
  2569 0000F898 C9 08               		CMP		#D_SetAlmDay
  2570 0000F89A F0 10               		BEQ		?L_UP_Alarm_Day_setup
  2571                              	
  2572 0000F89C A5 76               		LDA		R_TimerFlashSet
  2573 0000F89E C9 01               		CMP		#D_TimerSet
  2574 0000F8A0 F0 0D               		BEQ		?L_UP_Timer_setup
  2575 0000F8A2 60                  		RTS	
  2576                              
  2577 0000F8A3                     	?L_UP_AlarmFlog_set:
  2578 0000F8A3 4C 27 F9            		jmp		L_UP_AlarmFlog_set	
  2579 0000F8A6                     	?L_UP_Alarm_Hour_setup:
  2580 0000F8A6 4C 31 F9            		JMP		L_UP_Alarm_Hour_setup
  2581 0000F8A9                     	?L_UP_Alarm_Minute_setup:
  2582 0000F8A9 4C 62 F9            		JMP		L_UP_Alarm_Minute_setup
  2583 0000F8AC                     	?L_UP_Alarm_Day_setup:
  2584 0000F8AC 4C 93 F9            		JMP		L_UP_Alarm_Day_setup
  2585 0000F8AF                     	?L_UP_Timer_setup:
  2586 0000F8AF 4C A3 F9            		JMP		L_UP_Timer_setup
  2587 0000F8B2                     	L_UP_12_24_setup:
  2588 0000F8B2 A5 2F               		LDA		RB_12_24_Status
  2589 0000F8B4 49 80               		EOR		#D_12H
  2590 0000F8B6 85 2F               		STA		RB_12_24_Status
  2591 0000F8B8 60                  		RTS			
  2592                              ;====================================		
  2593 0000F8B9                     	L_UP_Time_Hour_setup:
  2594 0000F8B9 E6 23               		INC		R_DateHour
  2595 0000F8BB A5 23               		LDA		R_DateHour
  2596 0000F8BD C9 18               		CMP		#24d
  2597 0000F8BF 90 06               		BCC		?L_Show_hour_up
  2598 0000F8C1                     	?L_GV_0_hour_time:
  2599 0000F8C1 A9 00               		LDA		#0D
  2600 0000F8C3 85 23               		STA		R_DateHour
  2601 0000F8C5 85 1E               		STA		R_LCDHourBuff		
  2602 0000F8C7                     	?L_Show_hour_up:
  2603                              		; JSR		F_Settup_Hour_LCD_Disp
  2604                              		; JSR		F_Qlvi_Show
  2605 0000F8C7 60                  		RTS	
  2606                              ;====================================		
  2607 0000F8C8                     	L_UP_Time_Minute_setup:
  2608 0000F8C8 E6 22               		INC		R_DateMinute
  2609 0000F8CA A5 22               		LDA		R_DateMinute
  2610 0000F8CC C9 3C               		CMP		#60d
  2611 0000F8CE B0 03               		BCS		?L_GV_0_minu_time
  2612 0000F8D0 4C D9 F8            		JMP		L_Dateminu_show
  2613 0000F8D3                     	?L_GV_0_minu_time:
  2614 0000F8D3 A9 00               		LDA		#0D
  2615 0000F8D5 85 22               		STA		R_DateMinute
  2616 0000F8D7 85 1F               		STA		R_LCDMinuBuff
  2617 0000F8D9                     	L_Dateminu_show:
  2618                              		; JSR		F_Settup_Minute_LCD_Disp
  2619                              		; JSR		F_Qlvi_Show
  2620 0000F8D9 60                  		RTS		
  2621                              ;====================================		
  2622 0000F8DA                     	L_UP_Date_Year_setup:
  2623 0000F8DA E6 09               		INC		R_Year
  2624 0000F8DC A5 09               		LDA		R_Year
  2625 0000F8DE C9 63               		CMP		#99d
  2626 0000F8E0 B0 03               		BCS		?L_Gv_0
  2627 0000F8E2 4C E9 F8            		JMP		L_Calc_week_up_lcd_show
  2628 0000F8E5                     	?L_Gv_0:
  2629 0000F8E5 A9 00               		LDA		#00D
  2630 0000F8E7 85 09               		STA		R_Year
  2631 0000F8E9                     	L_Calc_week_up_lcd_show:
  2632                              		; JSR		F_Settup_Year_LCD_Disp
  2633 0000F8E9                     	L_Calc_week_up:
  2634 0000F8E9 20 96 EE            		jsr		F_JudegLeapYear
  2635 0000F8EC 20 C7 EE            		JSR		F_JudgeWeek
  2636                              		; JSR		F_Qlvi_Show
  2637 0000F8EF 60                  		RTS	
  2638                              ;====================================		
  2639 0000F8F0                     	L_UP_Date_Month_setup:
  2640 0000F8F0 E6 05               		INC		R_Month
  2641 0000F8F2 A5 05               		LDA		R_Month
  2642 0000F8F4 C9 0D               		CMP		#13d
  2643 0000F8F6 90 1E               		BCC		L_Calc_week_up_head
  2644 0000F8F8                     	?L_Gv_0_month:
  2645 0000F8F8 A9 01               		LDA		#1d
  2646 0000F8FA 85 05               		STA		R_Month
  2647 0000F8FC 4C 16 F9            		JMP		L_Calc_week_up_head
  2648                              
  2649                              
  2650                              ;====================================		
  2651 0000F8FF                     	L_UP_Date_Day_setup:
  2652 0000F8FF E6 07               		INC		R_Day
  2653 0000F901 A5 07               		LDA		R_Day
  2654 0000F903 A6 05               		LDX		R_Month
  2655 0000F905 20 74 FA             	    JSR     F_GetMonthDays ; 获取该月天数 -> A
  2656 0000F908 C5 07                	    CMP     R_Day          ; 比较当前天数与该月总天数
  2657 0000F90A 90 03                	    BCC     ?ResetDay      ; 如果R_Day > 月份天数，重置
  2658 0000F90C 4C E9 F8             	    JMP     L_Calc_week_up
  2659 0000F90F                     	?ResetDay:		
  2660                              ;		CMP		T_key_Month_Table,x
  2661                              ; 		BEQ		?L_VGIH
  2662                              ; 		BCS		?L_Check_gv_0_day
  2663                              ; ?L_VGIH:
  2664                              ; 		; JSR		F_Settup_day_LCD_Disp
  2665                              ; 		JMP		L_Calc_week_up
  2666                              ; ?L_Check_gv_0_day:
  2667 0000F90F A9 01               		LDA		#01h
  2668 0000F911 85 07               		STA		R_Day
  2669                              		; JSR		F_Settup_day_LCD_Disp
  2670 0000F913 4C E9 F8            		JMP		L_Calc_week_up
  2671                              ; ==============================================
  2672                              ; 函数名：L_Calc_week_up_head
  2673                              ; 功能：调节月份后，检查并修正日期
  2674                              ; 说明：切换月份后，若当前日期 > 该月最大天数，重置为该月最大天数
  2675                              ; ==============================================		
  2676 0000F916                     L_Calc_week_up_head:
  2677 0000F916 A6 05               		LDX     R_Month             ; 载入当前调节后的月份到X
  2678 0000F918 20 74 FA            		JSR     F_GetMonthDays      ; A = 该月最大天数（已处理2月闰年）
  2679                              		
  2680 0000F91B C5 07               		CMP     R_Day               ; 比较：当月最大天数(A) vs 当前日期(R_Day)
  2681 0000F91D 90 03               		BCC     ?ResetDay           ; 若A < R_Day（日期超限），跳转重置
  2682 0000F91F 4C E9 F8            		JMP     L_Calc_week_up      ; 日期合法，执行后续逻辑
  2683                              		
  2684 0000F922                     	?ResetDay:
  2685                              		; 直接使用之前获取的A值（当月最大天数）重置日期，无冗余操作
  2686 0000F922 85 07               		STA     R_Day               ; 核心：将日期重置为当月最大天数
  2687 0000F924 4C E9 F8            		JMP     L_Calc_week_up      ; 重置后执行后续逻辑  
  2688                              		
  2689                              ;====================================	
  2690 0000F927                     	L_UP_AlarmFlog_set:
  2691 0000F927 A6 2A               		LDX	R_CurrentGroup
  2692 0000F929 BD DD F6            	 	LDA BitMaskTable,X
  2693 0000F92C 45 2E                  		EOR R_AlarmOnOff
  2694 0000F92E 85 2E                  		STA R_AlarmOnOff
  2695 0000F930 60                     		RTS
  2696                              ;====================================	
  2697                              ; L_UP_Alarm_Hour_setup:
  2698                              ; 		INC		R_AlarmHour
  2699                              ; 		LDA		R_AlarmHour
  2700                              ; 		CMP		#24d
  2701                              ; 		BCC		?L_GV_0_alarm_hour_show
  2702                              ; ?L_GV_0_alarm_hour:
  2703                              ; 		LDA		#0D
  2704                              ; 		STA		R_AlarmHour		
  2705                              ; ?L_GV_0_alarm_hour_show:
  2706                              ; 		; JSR		F_Settup_alarmhour_LCD_Disp
  2707                              ; 		; JSR		F_Qlvi_Show
  2708                              ; 		RTS		
  2709 0000F931                      L_UP_Alarm_Hour_setup:
  2710                                  ; 根据当前组别选择闹钟小时存储位置
  2711 0000F931 A5 2A                   LDA     R_CurrentGroup
  2712 0000F933 C9 00                   CMP     #0
  2713 0000F935 F0 11                   BEQ     ?Group0
  2714 0000F937 C9 01                   CMP     #1
  2715 0000F939 F0 1A                   BEQ     ?Group1   
  2716                                  ; 组2 - 使用R_AlarmHour+2
  2717 0000F93B E6 29                   INC     R_AlarmHour+2
  2718 0000F93D A5 29                   LDA     R_AlarmHour+2
  2719 0000F93F C9 18                   CMP     #24d
  2720 0000F941 90 1E                   BCC     ?UpdateDisplay
  2721 0000F943 A9 00                   LDA     #0
  2722 0000F945 85 29                   STA     R_AlarmHour+2
  2723 0000F947 60                  	rts
  2724 0000F948                      ?Group0:
  2725                                  ; 组0 - 使用R_AlarmHour
  2726 0000F948 E6 27                   INC     R_AlarmHour
  2727 0000F94A A5 27                   LDA     R_AlarmHour
  2728 0000F94C C9 18                   CMP     #24d
  2729 0000F94E 90 11                   BCC     ?UpdateDisplay
  2730 0000F950 A9 00                   LDA     #0
  2731 0000F952 85 27                   STA     R_AlarmHour
  2732 0000F954 60                  	rts
  2733 0000F955                      ?Group1:
  2734                                  ; 组1 - 使用R_AlarmHour+1
  2735 0000F955 E6 28                   INC     R_AlarmHour+1
  2736 0000F957 A5 28                   LDA     R_AlarmHour+1
  2737 0000F959 C9 18                   CMP     #24d
  2738 0000F95B 90 04                   BCC     ?UpdateDisplay
  2739 0000F95D A9 00                   LDA     #0
  2740 0000F95F 85 28                   STA     R_AlarmHour+1
  2741 0000F961                      ?UpdateDisplay:
  2742 0000F961 60                      RTS
  2743                              	
  2744                              ;====================================		
  2745 0000F962                      L_UP_Alarm_Minute_setup:
  2746                                  ; 根据当前组别选择闹钟分钟存储位置
  2747 0000F962 A5 2A                   LDA     R_CurrentGroup
  2748 0000F964 C9 00                   CMP     #0
  2749 0000F966 F0 11                   BEQ     ?Group0
  2750 0000F968 C9 01                   CMP     #1
  2751 0000F96A F0 1A                   BEQ     ?Group1
  2752                                  
  2753                                  ; 组2 - 使用R_AlarmMinute+2
  2754 0000F96C E6 26                   INC     R_AlarmMinute+2
  2755 0000F96E A5 26                   LDA     R_AlarmMinute+2
  2756 0000F970 C9 3C                   CMP     #60d
  2757 0000F972 90 1E                   BCC     ?UpdateDisplay
  2758 0000F974 A9 00                   LDA     #0
  2759 0000F976 85 26                   STA     R_AlarmMinute+2
  2760 0000F978 60                      RTS
  2761 0000F979                      ?Group0:
  2762                                  ; 组0 - 使用R_AlarmMinute
  2763 0000F979 E6 24                   INC     R_AlarmMinute
  2764 0000F97B A5 24                   LDA     R_AlarmMinute
  2765 0000F97D C9 3C                   CMP     #60d
  2766 0000F97F 90 11                   BCC     ?UpdateDisplay
  2767 0000F981 A9 00                   LDA     #0
  2768 0000F983 85 24                   STA     R_AlarmMinute
  2769 0000F985 60                  	rts
  2770 0000F986                      ?Group1:
  2771                                  ; 组1 - 使用R_AlarmMinute+1
  2772 0000F986 E6 25                   INC     R_AlarmMinute+1
  2773 0000F988 A5 25                   LDA     R_AlarmMinute+1
  2774 0000F98A C9 3C                   CMP     #60d
  2775 0000F98C 90 04                   BCC     ?UpdateDisplay
  2776 0000F98E A9 00                   LDA     #0
  2777 0000F990 85 25                   STA     R_AlarmMinute+1
  2778 0000F992                      ?UpdateDisplay:
  2779 0000F992 60                      RTS
  2780                              ;====================================
  2781 0000F993                     L_UP_Alarm_Day_setup:
  2782 0000F993 A6 2A                   LDX     R_CurrentGroup
  2783 0000F995 B5 2B                   LDA     R_DispAlmDay,X
  2784 0000F997 18                      CLC
  2785 0000F998 69 01                   ADC     #1
  2786 0000F99A C9 03                   CMP     #3
  2787 0000F99C 90 02                   BCC     ?Store
  2788 0000F99E A9 00                   LDA     #0
  2789 0000F9A0                     ?Store:
  2790 0000F9A0 95 2B                   STA     R_DispAlmDay,X
  2791 0000F9A2 60                      RTS
  2792                              ;  L_UP_Volume_setup:
  2793                              ;  		%bits	R_OtherFlag,D_SetVolumeFlag
  2794                              ; 		INC     R_CurrentSong      ; 直接加1
  2795                              ; 		LDA     R_CurrentSong
  2796                              ; 		CMP     #7
  2797                              ; 		BCC     ?Send_Song          
  2798                              ; 		LDA     #0                 ; 否则重置为0
  2799                              ; 		STA     R_CurrentSong	
  2800                              ; 	?Send_Song:	
  2801                              ; 		RTS
  2802 0000F9A3                     L_UP_Timer_setup:		;调节倒计时时间1-99分钟
  2803                              		%btst	R_TimerFlag,(D_Timerstatus_just+D_Timerstatus),?L_Exit	
  2804 0000F9A3 A5 83             1           lda     R_TimerFlag               ;ex.   
  2805 0000F9A5 29 03             1           and     #(D_Timerstatus_just+D_Timerstatus)              ;  %btst 10H,_BIT0,N
  2806 0000F9A7 D0 1C             1           bne     ?L_Exit               ;  if(10H.0=1) goto N 
  2807                              	  	%bitr	R_TimerFlag,D_Timerstatus_justpause
  2808 0000F9A9 A5 83             1           lda     R_TimerFlag               ;ex.  
  2809 0000F9AB 29 EF             1           and     #.NOT.D_Timerstatus_justpause         ;  %bitr 10H,_BIT0;  10H.0=0
  2810 0000F9AD 85 83             1           sta     R_TimerFlag
  2811                              		%bits	R_TimerFlag,D_TimerSetstatus
  2812 0000F9AF A5 83             1           lda     R_TimerFlag               ;ex.  
  2813 0000F9B1 09 08             1           ora     #D_TimerSetstatus              ;  %bits 10H,_BIT0
  2814                            1 		                   ;  10H.0=1
  2815 0000F9B3 85 83             1           sta     R_TimerFlag               ;
  2816                              ;		LDA		#32d
  2817                              ;		STA		R_POINT 
  2818 0000F9B5 E6 33               		inc		R_TimerMinute
  2819 0000F9B7 A5 33               		LDA		R_TimerMinute
  2820 0000F9B9 C9 3C               		CMP		#60d
  2821 0000F9BB 90 04               		BCC		?L_Exit_Up
  2822 0000F9BD                     	?L_GV_0_minu_time_timer:
  2823 0000F9BD A9 00               		LDA		#0d
  2824 0000F9BF 85 33               		STA		R_TimerMinute
  2825                              ;		STA		R_POINT 
  2826 0000F9C1                     	?L_Exit_Up:	
  2827 0000F9C1 A9 00               		LDA		#00
  2828 0000F9C3 85 34               		STA		R_TimerSecond   
  2829 0000F9C5                     	?L_Exit:
  2830 0000F9C5 60                  		RTS
  2831                              		
  2832                              ; ==============================================
  2833                              ; Function	name	: L_Down_Key
  2834                              ; Purpose			: Select Alarm Or Clock seting Mode 
  2835                              ; Parameter			: none 
  2836                              ; Return			: Flgs
  2837                              ; Destroy			: none 
  2838                              ; Stack depth		: none
  2839                              ; ==============================================
  2840 0000F9C6                     Enable_DownKey:
  2841 0000F9C6 20 41 F8            		JSR		F_UpdateKey	
  2842 0000F9C9 A5 88               		LDA		R_VoiceFlag
  2843 0000F9CB 29 01               		AND		#D_OpenReady
  2844 0000F9CD D0 04               		BNE		?Down_Cont
  2845 0000F9CF 20 65 F6            		JSR		Voice_PowerOn
  2846 0000F9D2 60                  		RTS
  2847 0000F9D3                     	?Down_Cont:
  2848                              
  2849 0000F9D3 A5 74               		LDA		R_TimeFlashSet
  2850 0000F9D5 05 75               		ORA		R_AlmTimeFlashSet
  2851 0000F9D7 05 76               		ORA		R_TimerFlashSet
  2852 0000F9D9 D0 0B               		BNE		?L_settup_check
  2853 0000F9DB                     	?L_NotSetUp:		;调节倒计时时间1-99分钟
  2854                              ;		%btst   R_TimerFlag,(D_Timerstatus_just+D_Timerstatus),?L_Exit
  2855                              ;		%bitr	R_TimerFlag,D_Timerstatus_justpause
  2856                              ;		%bits	R_TimerFlag,D_TimerSetstatus
  2857                              ;;		LDA		#32d
  2858                              ;;		STA		R_POINT 
  2859                              ;		DEC		R_TimerMinute
  2860                              ;		LDA		R_TimerMinute
  2861                              ;		BEQ		?L_0mintime_timer
  2862                              ;		BMI		?L_GV_0_minu_time_timer
  2863                              ;		JMP		?L_Exit_Down
  2864                              ;?L_0mintime_timer:
  2865                              ;;		LDA		#00
  2866                              ;;		STA		R_POINT 	
  2867                              ;		JMP		?L_Exit_Down	
  2868                              ;?L_GV_0_minu_time_timer:
  2869                              ;		LDA		#60D	
  2870                              ;		STA		R_TimerMinute
  2871                              ;?L_Exit_Down:
  2872                              ;		LDA		#00
  2873                              ;		STA		R_TimerSecond
  2874                              ;	?L_Exit:	
  2875                              ;		RTS
  2876                              
  2877                              	; 减少音量调节
  2878 0000F9DB A5 6A               		LDA		R_CurrentVolume
  2879 0000F9DD F0 02               		BEQ		?L_Exit		; 如果已经是最小音量(0)，则不处理
  2880 0000F9DF C6 6A               		DEC		R_CurrentVolume
  2881 0000F9E1                     	?L_Exit:
  2882 0000F9E1 A9 01               		LDA		#1
  2883 0000F9E3 85 6C               		STA		SetVolumeAndPlayAlarm1_flag	
  2884 0000F9E5 60                  		RTS
  2885                              
  2886 0000F9E6                     ?L_settup_check:
  2887 0000F9E6 A5 74               		LDA		R_TimeFlashSet
  2888 0000F9E8 C9 01               		CMP		#D_SetYear
  2889 0000F9EA F0 29               		BEQ		?L_Down_Date_Year_setup
  2890 0000F9EC C9 02               		CMP		#D_SetMonth
  2891 0000F9EE F0 28               		BEQ		?L_Down_Date_Month_setup
  2892 0000F9F0 C9 04               		CMP		#D_SetDate
  2893 0000F9F2 F0 27               		BEQ		?L_Down_Date_Day_setup
  2894                              ;		CMP		#D_Set12_24
  2895                              ;		BEQ		?L_Down_12_24_setup
  2896 0000F9F4 C9 08               		CMP		#D_SetHour
  2897 0000F9F6 F0 38               		BEQ		L_Down_Time_Hour_setup
  2898 0000F9F8 C9 10               		CMP		#D_SetMinute
  2899 0000F9FA F0 41               		BEQ		L_Down_Time_Minute_setup
  2900                              		
  2901 0000F9FC A5 75               		LDA		R_AlmTimeFlashSet
  2902 0000F9FE C9 01               		CMP		#D_SetAlm
  2903 0000FA00 F0 1F               		BEQ		?L_Down_AlarmFlog_set
  2904 0000FA02 C9 02               		CMP		#D_SetAlmHour
  2905 0000FA04 F0 1E               		BEQ		?L_Down_Alarm_Hour_setup
  2906 0000FA06 C9 04               		CMP		#D_SetAlmMinute
  2907 0000FA08 F0 1D               		BEQ		?L_Down_Alarm_Minute_setup
  2908 0000FA0A C9 08               		CMP		#D_SetAlmDay
  2909 0000FA0C F0 1C               		BEQ		?L_Down_Alarm_Day_setup
  2910                              	
  2911 0000FA0E A5 76               		LDA		R_TimerFlashSet
  2912 0000FA10 C9 01               		CMP		#D_TimerSet
  2913 0000FA12 F0 19               		BEQ		?L_Down_Timer_setup
  2914                              		
  2915 0000FA14 60                  		RTS	
  2916 0000FA15                     ?L_Down_Date_Year_setup
  2917 0000FA15 4C 4D FA            		JMP		L_Down_Date_Year_setup
  2918 0000FA18                     ?L_Down_Date_Month_setup:
  2919 0000FA18 4C 64 FA            		JMP		L_Down_Date_Month_setup
  2920 0000FA1B                     ?L_Down_Date_Day_setup:
  2921 0000FA1B 4C 88 FA            		JMP		L_Down_Date_Day_setup
  2922 0000FA1E                     ?L_Down_12_24_setup:
  2923 0000FA1E 4C B2 F8            		JMP		L_UP_12_24_setup
  2924 0000FA21                     ?L_Down_AlarmFlog_set:
  2925 0000FA21 4C 27 F9            		JMP		L_UP_AlarmFlog_set
  2926 0000FA24                     ?L_Down_Alarm_Hour_setup:
  2927 0000FA24 4C 98 FA            		JMP		L_Down_Alarm_Hour_setup
  2928 0000FA27                     ?L_Down_Alarm_Minute_setup:	
  2929 0000FA27 4C C7 FA            		JMP		L_Down_Alarm_Minute_setup
  2930 0000FA2A                     ?L_Down_Alarm_Day_setup:
  2931 0000FA2A 4C F6 FA            		JMP		L_Down_Alarm_Day_setup
  2932 0000FA2D                     ?L_Down_Timer_setup:
  2933 0000FA2D 4C 04 FB            		JMP		L_Down_Timer_setup
  2934                              		
  2935                              ;====================================
  2936 0000FA30                     L_Down_Time_Hour_setup:
  2937 0000FA30 C6 23               		DEC		R_DateHour
  2938 0000FA32 A5 23               		LDA		R_DateHour
  2939                              ;		BMI		?L_GV_23_time
  2940 0000FA34 10 04               		BPL		?L_Hour_show_down
  2941 0000FA36                     ?L_GV_23_time:
  2942 0000FA36 A9 17               		LDA		#23D
  2943 0000FA38 85 23               		STA		R_DateHour
  2944 0000FA3A                     ?L_Hour_show_down:
  2945 0000FA3A 85 1E               		STA		R_LCDHourBuff
  2946                              		; JSR		F_Settup_Hour_LCD_Disp
  2947                              		; JSR		F_Qlvi_Show
  2948 0000FA3C 60                  		RTS	
  2949                              ;====================================
  2950 0000FA3D                     L_Down_Time_Minute_setup:
  2951 0000FA3D C6 22               		DEC		R_DateMinute
  2952 0000FA3F A5 22               		LDA		R_DateMinute
  2953 0000FA41 30 03               		BMI		?L_GV_60
  2954 0000FA43 85 1F               		STA		R_LCDMinuBuff
  2955 0000FA45 60                  		rts
  2956 0000FA46                     ?L_GV_60:
  2957 0000FA46 A9 3B               		LDA		#59D
  2958 0000FA48 85 22               		STA		R_DateMinute
  2959 0000FA4A 85 1F               		STA		R_LCDMinuBuff
  2960 0000FA4C 60                  		RTS
  2961                              
  2962                              
  2963                              ;====================================
  2964 0000FA4D                     L_Down_Date_Year_setup:
  2965 0000FA4D C6 09               		DEC		R_Year
  2966 0000FA4F A5 09               		LDA		R_Year
  2967 0000FA51 30 03               		BMI		?L_Gv_0
  2968                              ;		JMP		L_Calc_week_up_lcd_show
  2969 0000FA53 4C 5D FA            		JMP		L_Calc_week
  2970 0000FA56                     ?L_Gv_0:
  2971 0000FA56 A9 63               		LDA		#99D
  2972 0000FA58 85 09               		STA		R_Year
  2973 0000FA5A 4C E9 F8            		JMP		L_Calc_week_up_lcd_show
  2974 0000FA5D                     L_Calc_week:
  2975 0000FA5D 20 96 EE            		jsr		F_JudegLeapYear
  2976 0000FA60 20 C7 EE            		JSR		F_JudgeWeek
  2977                              		; JSR		F_Qlvi_Show
  2978 0000FA63 60                  		RTS	
  2979                              ;====================================
  2980 0000FA64                     L_Down_Date_Month_setup:
  2981 0000FA64 C6 05               		DEC		R_Month
  2982 0000FA66 A5 05               		LDA		R_Month
  2983 0000FA68 F0 03               		BEQ		?L_Gv_12
  2984 0000FA6A 4C 16 F9            		JMP		L_Calc_week_up_head
  2985 0000FA6D                     ?L_Gv_12:
  2986 0000FA6D A9 0C               		LDA		#12d
  2987 0000FA6F 85 05               		STA		R_Month
  2988 0000FA71 4C 16 F9            		JMP		L_Calc_week_up_head
  2989                              
  2990                              ; ==============================================
  2991                              ; 函数名：F_GetMonthDays
  2992                              ; 功能：获取指定月份的天数（自动处理闰年二月）
  2993                              ; 输入：X = 月份 (1-12)
  2994                              ; 输出：A = 该月的天数
  2995                              ; 破坏的寄存器：A
  2996                              ; ==============================================
  2997 0000FA74                     F_GetMonthDays:
  2998 0000FA74 E0 02                   CPX     #2          ; 检查是否是2月
  2999 0000FA76 D0 0C                   BNE     ?NotFebruary ; 不是2月，跳转到查表处理
  3000                                  ; 处理2月 - 检查闰年标志
  3001 0000FA78 A5 1D                   LDA     R_Hejira_LeapYear_CalendarFlag
  3002 0000FA7A 29 80                   AND     #D_LeapYear
  3003 0000FA7C D0 03                   BNE     ?LeapYear  
  3004                                  ; 平年2月
  3005 0000FA7E A9 1C                   LDA     #28
  3006 0000FA80 60                      RTS 
  3007 0000FA81                     ?LeapYear:
  3008                                  ; 闰年2月
  3009 0000FA81 A9 1D                   LDA     #29
  3010 0000FA83 60                      RTS
  3011 0000FA84                     ?NotFebruary:
  3012                                  ; 其他月份 - 直接查表
  3013 0000FA84 BD 2D FB                LDA     T_key_Month_Table, x
  3014 0000FA87 60                      RTS
  3015                              
  3016                              ;====================================
  3017 0000FA88                     L_Down_Date_Day_setup:
  3018 0000FA88 C6 07               		DEC		R_Day
  3019 0000FA8A A5 07               		LDA		R_Day
  3020 0000FA8C D0 CF               		BNE		L_Calc_week	
  3021 0000FA8E                     ?L_Check_gv:
  3022 0000FA8E A6 05               		LDX		R_Month
  3023                              ;		LDA		T_key_Month_Table,x
  3024 0000FA90 20 74 FA            		JSR		F_GetMonthDays
  3025 0000FA93 85 07               		STA		R_Day
  3026 0000FA95 4C 5D FA            		JMP		L_Calc_week
  3027                              ;====================================
  3028 0000FA98                     L_Down_Alarm_Hour_setup:
  3029                                  ; 根据当前组别选择闹钟小时存储位置
  3030 0000FA98 A5 2A                   LDA     R_CurrentGroup
  3031 0000FA9A C9 00                   CMP     #0
  3032 0000FA9C F0 11                   BEQ     ?Group0
  3033 0000FA9E C9 01                   CMP     #1
  3034 0000FAA0 F0 1A                   BEQ     ?Group1
  3035                                  
  3036                                  ; 组2 - 使用R_AlarmHour+2
  3037 0000FAA2 C6 29                   DEC     R_AlarmHour+2
  3038 0000FAA4 A5 29                   LDA     R_AlarmHour+2
  3039 0000FAA6 10 1E                   BPL     ?UpdateDisplay
  3040 0000FAA8 A9 17                   LDA     #23d
  3041 0000FAAA 85 29                   STA     R_AlarmHour+2
  3042 0000FAAC 4C C6 FA                JMP     ?UpdateDisplay
  3043 0000FAAF                     ?Group0:
  3044                                  ; 组0 - 使用R_AlarmHour
  3045 0000FAAF C6 27                   DEC     R_AlarmHour
  3046 0000FAB1 A5 27                   LDA     R_AlarmHour
  3047 0000FAB3 10 11                   BPL     ?UpdateDisplay
  3048 0000FAB5 A9 17                   LDA     #23d
  3049 0000FAB7 85 27                   STA     R_AlarmHour
  3050 0000FAB9 4C C6 FA                JMP     ?UpdateDisplay
  3051 0000FABC                     ?Group1:
  3052                                  ; 组1 - 使用R_AlarmHour+1
  3053 0000FABC C6 28                   DEC     R_AlarmHour+1
  3054 0000FABE A5 28                   LDA     R_AlarmHour+1
  3055 0000FAC0 10 04                   BPL     ?UpdateDisplay
  3056 0000FAC2 A9 17                   LDA     #23d
  3057 0000FAC4 85 28                   STA     R_AlarmHour+1
  3058 0000FAC6                     ?UpdateDisplay:
  3059                              		; JSR		F_Settup_alarmhour_LCD_Disp
  3060                              		; JSR		F_Qlvi_Show
  3061 0000FAC6 60                  		RTS			
  3062                              ;====================================
  3063 0000FAC7                     L_Down_Alarm_Minute_setup:
  3064                                  ; 根据当前组别选择闹钟分钟存储位置
  3065 0000FAC7 A5 2A                   LDA     R_CurrentGroup
  3066 0000FAC9 C9 00                   CMP     #0
  3067 0000FACB F0 11                   BEQ     ?Group0_Min
  3068 0000FACD C9 01                   CMP     #1
  3069 0000FACF F0 1A                   BEQ     ?Group1_Min
  3070                                  
  3071                                  ; 组2 - 使用R_AlarmMinute+2
  3072 0000FAD1 C6 26                   DEC     R_AlarmMinute+2
  3073 0000FAD3 A5 26                   LDA     R_AlarmMinute+2
  3074 0000FAD5 10 1E                   BPL     ?UpdateDisplay_Min
  3075 0000FAD7 A9 3B                   LDA     #59d
  3076 0000FAD9 85 26                   STA     R_AlarmMinute+2
  3077 0000FADB 4C F5 FA                JMP     ?UpdateDisplay_Min
  3078 0000FADE                     ?Group0_Min:
  3079                                  ; 组0 - 使用R_AlarmMinute
  3080 0000FADE C6 24                   DEC     R_AlarmMinute
  3081 0000FAE0 A5 24                   LDA     R_AlarmMinute
  3082 0000FAE2 10 11                   BPL     ?UpdateDisplay_Min
  3083 0000FAE4 A9 3B                   LDA     #59d
  3084 0000FAE6 85 24                   STA     R_AlarmMinute
  3085 0000FAE8 4C F5 FA                JMP     ?UpdateDisplay_Min
  3086 0000FAEB                     ?Group1_Min:
  3087                                  ; 组1 - 使用R_AlarmMinute+1
  3088 0000FAEB C6 25                   DEC     R_AlarmMinute+1
  3089 0000FAED A5 25                   LDA     R_AlarmMinute+1
  3090 0000FAEF 10 04                   BPL     ?UpdateDisplay_Min
  3091 0000FAF1 A9 3B                   LDA     #59d
  3092 0000FAF3 85 25                   STA     R_AlarmMinute+1
  3093 0000FAF5                     ?UpdateDisplay_Min:
  3094                              		; JSR		F_Settup_alarmminu_LCD_Disp
  3095                              		; JSR		F_Qlvi_Show
  3096 0000FAF5 60                  		RTS	
  3097                              ;====================================
  3098 0000FAF6                     L_Down_Alarm_Day_setup:
  3099 0000FAF6 A6 2A                   LDX     R_CurrentGroup
  3100 0000FAF8 B5 2B                   LDA     R_DispAlmDay,X
  3101 0000FAFA 38                      SEC
  3102 0000FAFB E9 01                   SBC     #1
  3103 0000FAFD 10 02                   BPL     ?Store
  3104 0000FAFF A9 02                   LDA     #2
  3105 0000FB01                     ?Store:
  3106 0000FB01 95 2B                   STA     R_DispAlmDay,X
  3107 0000FB03 60                      RTS
  3108                              ; L_Down_Volume_setup:
  3109                              	; 	%bits	R_OtherFlag,D_SetVolumeFlag
  3110                              	; 	DEC     R_CurrentSong      
  3111                              	; 	LDA     R_CurrentSong
  3112                              	; 	BPL     ?L_Exit     ; 非0则继续发送
  3113                              	; 	LDA     #6                ; 减到0则重置为7
  3114                              	; 	STA     R_CurrentSong				
  3115                              	; ?L_Exit:
  3116                              	; 	RTS	
  3117 0000FB04                     L_Down_Timer_setup:
  3118                              		%btst   R_TimerFlag,(D_Timerstatus_just+D_Timerstatus),?L_Exit
  3119 0000FB04 A5 83             1           lda     R_TimerFlag               ;ex.   
  3120 0000FB06 29 03             1           and     #(D_Timerstatus_just+D_Timerstatus)              ;  %btst 10H,_BIT0,N
  3121 0000FB08 D0 22             1           bne     ?L_Exit               ;  if(10H.0=1) goto N 
  3122                              		%bitr	R_TimerFlag,D_Timerstatus_justpause
  3123 0000FB0A A5 83             1           lda     R_TimerFlag               ;ex.  
  3124 0000FB0C 29 EF             1           and     #.NOT.D_Timerstatus_justpause         ;  %bitr 10H,_BIT0;  10H.0=0
  3125 0000FB0E 85 83             1           sta     R_TimerFlag
  3126                              		%bits	R_TimerFlag,D_TimerSetstatus
  3127 0000FB10 A5 83             1           lda     R_TimerFlag               ;ex.  
  3128 0000FB12 09 08             1           ora     #D_TimerSetstatus              ;  %bits 10H,_BIT0
  3129                            1 		                   ;  10H.0=1
  3130 0000FB14 85 83             1           sta     R_TimerFlag               ;
  3131                              ;		LDA		#32d
  3132                              ;		STA		R_POINT 
  3133 0000FB16 C6 33               		DEC		R_TimerMinute
  3134 0000FB18 A5 33               		LDA		R_TimerMinute
  3135 0000FB1A F0 05               		BEQ		?L_0mintime_timer
  3136 0000FB1C 30 06               		BMI		?L_GV_0_minu_time_timer
  3137 0000FB1E 4C 28 FB            		JMP		?L_Exit_Down
  3138 0000FB21                     ?L_0mintime_timer:
  3139                              ;		LDA		#00
  3140                              ;		STA		R_POINT 	
  3141 0000FB21 4C 28 FB            		JMP		?L_Exit_Down	
  3142 0000FB24                     ?L_GV_0_minu_time_timer:
  3143 0000FB24 A9 3C               		LDA		#60D	
  3144 0000FB26 85 33               		STA		R_TimerMinute
  3145 0000FB28                     ?L_Exit_Down:
  3146 0000FB28 A9 00               		LDA		#00
  3147 0000FB2A 85 34               		STA		R_TimerSecond
  3148 0000FB2C                     ?L_Exit:		
  3149 0000FB2C 60                  		RTS
  3150                              		
  3151                              
  3152 0000FB2D                     T_key_Month_Table:
  3153 0000FB2D FF                  	DB	0xFF
  3154 0000FB2E 1F                  	DB 	31		;一月
  3155 0000FB2F 1C                  	DB	28		;二月
  3156 0000FB30 1F                  	DB	31		;三月
  3157 0000FB31 1E                  	DB	30		;四月
  3158 0000FB32 1F                  	DB	31		;五月
  3159 0000FB33 1E                  	DB	30		;六月
  3160 0000FB34 1F                  	DB	31		;七月
  3161 0000FB35 1F                  	DB	31		;八月
  3162 0000FB36 1E                  	DB	30		;九月
  3163 0000FB37 1F                  	DB	31		;十月
  3164 0000FB38 1E                  	DB	30		;十一月
  3165 0000FB39 1F                  	DB	31		;十二月
  3166                              		
  3167                              ;
  3168                              ;
  3169                              ;	
  3170                              ;;------------------------------------------
  3171                              ;; 函数：F_OpenData
  3172                              ;; 功能：I2C读取温度传感器数据 → 计算摄氏度 → 阈值判断 → 数据打包
  3173                              ;; 入口：无
  3174                              ;; 出口：R_DispTemper=打包温度；R_SpecFlag=状态标志
  3175                              ;;------------------------------------------
  3176                              ;F_OpenData:
  3177                              ;_F_OpenData:
  3178                              ;        ; 1. I2C写命令：读取温度传感器
  3179                              ;        LDX  #F6H        ; 传感器读取命令（根据你的传感器调整）
  3180                              ;        LDA  #00H         ; 寄存器地址
  3181                              ;        JSR  F_I2C_WriteData
  3182                              ;        
  3183                              ;        ; 2. 延时10ms等待数据就绪
  3184                              ; ;       JSR  F_Delay10ms
  3185                              ; 		LDA	 #2
  3186                              ; 		STA  R_DelayTemp
  3187                              ;        ; 3. I2C读取6字节原始数据到R_SaveData
  3188                              ; 		RTS
  3189                              ; 
  3190                              ;F_DelayReadyData:
  3191                              ;_F_DelayReadyData:
  3192                              ;		%btsf R_SpecFlag,D_DelayReady,?L_Exit
  3193                              ;        LDA  #00H
  3194                              ;        JSR  F_I2C_ReadData
  3195                              ;        %bitr R_SpecFlag,D_DelayReady
  3196                              ;        	%bits	RB_Lcd_Updata_Flag,D_LcdUpdate	
  3197                              ; 		 ; 步骤2：初始化状态标志（先清零）
  3198                              ;		LDA  #00H
  3199                              ;		STA  R_SpecFlag           	
  3200                              ;        ; 4. 计算摄氏度（核心）
  3201                              ;        JSR  F_CalculTempC
  3202                              ; 		JSR		F_CalculHum
  3203                              ; 		
  3204                              ;;		%bits	R_TimeStatus,AddOthers  
  3205                              ; 	?L_Exit:
  3206                              ;        RTS
  3207                              ;
  3208                              ;;湿度计算
  3209                              ;F_CalculHum:
  3210                              ;			;调用输入CNT4，CNT5
  3211                              ;			LDA		R_SaveData+3
  3212                              ;			STA		CNT4
  3213                              ;			LDA		R_SaveData+4
  3214                              ;			STA		CNT5
  3215                              ;			JSR	CAL_IC_HUM
  3216                              ;			LDX	#00
  3217                              ;			LDA	HUM
  3218                              ;			JSR	F_CAL_HEX_BCD2
  3219                              ;			
  3220                              ;			LDA		OUT_L
  3221                              ;			STA		R_DispHum
  3222                              ;					
  3223                              ;			RTS
  3224                              ;;------------------------------------------
  3225                              ;; 函数：F_CalculTempC
  3226                              ;; 功能：原始数据转摄氏度 → 正负判断 → 阈值判断 → 打包到R_DispTemper
  3227                              ;; 依赖：CAL_IC_TEMP（温度换算子程序，需外部提供）
  3228                              ;;------------------------------------------
  3229                              ;     
  3230                              ;F_CalculTempC:
  3231                              ;        ; 4.1 准备参数：R_SaveData[0/1] → CNT4/CNT5
  3232                              ;        LDA  R_SaveData+0
  3233                              ;        STA  CNT4
  3234                              ;        LDA  R_SaveData+1
  3235                              ;        STA  CNT5
  3236                              ;        JSR  CAL_IC_TEMP  ; 调用传感器温度换算，结果→TEMP_INTEGAH/L
  3237                              ;				   
  3238                              ;        	
  3239                              ;        ; 4.2 温度正负判断（符号位在TEMP_INTEGAH最高位）
  3240                              ;        LDA  TEMP_INTEGAH
  3241                              ;        AND  #80H         ; 提取符号位（bit7=1→负数）
  3242                              ;        BEQ  ?Positive    ; 符号位=0 → 正数分支
  3243                              ;        
  3244                              ;?Negtive:
  3245                              ;        ; 负温度处理：置位D_Neg，清除符号位取绝对值
  3246                              ;        %bits R_SpecFlag, D_Neg
  3247                              ;        LDA  TEMP_INTEGAH
  3248                              ;        AND  #7FH         ; 清除符号位，保留数值部分 	
  3249                              ;        STA  TEMP_INTEGAH
  3250                              ;        ; 跳转到阈值判断
  3251                              ;        JMP  ?CheckThreshold
  3252                              ;
  3253                              ;?Positive:
  3254                              ;        ; 正温度处理：清除D_Neg标志
  3255                              ;   ;     %bitr R_SpecFlag, D_Neg
  3256                              ;        ; 直接进入阈值判断
  3257                              ;
  3258                              ;?CheckThreshold:
  3259                              ;		LDX  #00H         ; F_CAL_HEX_BCD2输入：X=高位（0），A=温度绝对值
  3260                              ;		LDA  TEMP_INTEGAL
  3261                              ;		JSR  F_CAL_HEX_BCD2  ; 输出：OUT_M=BCD十位，OUT_L=BCD个位	
  3262                              ;        ; 4.3 温度阈值判断（TEMP_INTEGAH为温度绝对值）
  3263                              ;    
  3264                              ;    ; 步骤5：基于BCD码判断阈值（核心修正！）
  3265                              ;    ; 5.1 判断是否>70℃（BCD：十位>7 或 十位=7且个位>0）
  3266                              ;    LDA  OUT_M
  3267                              ;    CMP  #C_TEMP_HH  ; 比较十位（7）
  3268                              ;    BCS  ?SetTempHH        ; 十位>7 → 肯定>70℃
  3269                              ;    JMP  ?CheckTempLL
  3270                              ;?SetTempHH:
  3271                              ;    %bits R_SpecFlag, D_TempHH  ; 置位>70℃标志
  3272                              ;    JMP  ?PackTemp
  3273                              ;    
  3274                              ;    ; 5.2 判断是否<-9℃（仅负数+BCD绝对值>9）
  3275                              ;?CheckTempLL:
  3276                              ;    %btsf R_SpecFlag, D_Neg, ?PackTemp  ; 正数跳过低温判断
  3277                              ;    ; 负数：判断BCD绝对值是否>9（个位>9 或 十位≥1）
  3278                              ;    LDA  OUT_M
  3279                              ;    BNE  ?SetTempLL        ; 十位≥1 → 绝对值≥10 >9
  3280                              ;    LDA  OUT_L
  3281                              ;    CMP  #C_TEMP_LL  ; 个位>9 → 绝对值>9
  3282                              ;    BCS  ?SetTempLL
  3283                              ;    JMP  ?PackTemp
  3284                              ;?SetTempLL:
  3285                              ;    %bits R_SpecFlag, D_TempLL  ; 置位<-9℃标志
  3286                              ;    
  3287                              ;    ; 步骤6：温度数据打包（1字节）
  3288                              ;?PackTemp:
  3289                              ;    LDA  OUT_M
  3290                              ;    AND  #0FH          ; 确保十位是0~9（BCD范围）
  3291                              ;    ASL  A             ; 左移1位
  3292                              ;    ASL  A             ; 左移2位
  3293                              ;    ASL  A             ; 左移3位 → 移到bit3~0 → 再调整到bit6~4
  3294                              ;    ASL  A             ; 左移4位 → 十位进入bit4~7（后续只保留bit6~4）
  3295                              ;    STA  R_DispTemper
  3296                              ;
  3297                              ;    ; 6.4 打包BCD个位（OUT_L → bit3~0）
  3298                              ;    LDA  OUT_L
  3299                              ;    AND  #F0H          ; 确保个位是0~9
  3300                              ;    ROR	 A	
  3301                              ;    ROR	 A	 
  3302                              ;    ROR	 A	
  3303                              ;    ROR	 A	
  3304                              ;    
  3305                              ;    ORA  R_DispTemper  ; 合并个位到bit3~0
  3306                              ;    STA  R_DispTemper  ; 最终打包完成
  3307                              ;    
  3308                              ;    RTS
  3309                              ;==========================================================	
  3310                              ;F_Delay10ms:
  3311                              ;		JSR		F_SendDataDelay
  3312                              ;		JSR		F_SendDataDelay
  3313                              ;		JSR		F_SendDataDelay
  3314                              ;		RTS
  3315                              ;		
  3316                              ;
  3317                              ;		
  3318                              ;.PUBLIC		F_SendDataDelay
  3319                              ;F_SendDataDelay:	
  3320                              ;			LDX		#1FH	
  3321                              ;	?Loop1:		
  3322                              ;			LDA		#3FH
  3323                              ;			STA		R_DelayTemp			
  3324                              ;	?Loop2:
  3325                              ;			DEC		R_DelayTemp
  3326                              ;			LDA		R_DelayTemp
  3327                              ;			BNE		?Loop2			
  3328                              ;			DEX
  3329                              ;			BNE		?Loop1			
  3330                              ;			RTS	        
  3331                              
  3332                              ; 
  3333                              ; ;=========================================================== 
  3334                              ; ;;低电检测 
  3335                              ; ;=========================================================== 
  3336                              ; F_DC_Det: 	 	 	 	 ;DC检测 	 ;低电压检测 
  3337                              ; _F_DC_Det:			
  3338                              ; 	 	 	 %btst 	 R_Charge,D_Charge,?ExitDet 	 ;在充电退出低电检测 
  3339                              ; 	 	 	 LDA 	 	 R_LVDStatus 
  3340                              ; 	 	 	 CMP 	 	 #D_BatLevel1 
  3341                              ; 	 	 	 BEQ 	 	 ?Judge3V3      ;检测是否低于3.3V
  3342                              ; 	 	 	 CMP 	 	 #D_BatLevel2 
  3343                              ; 	 	 	 BEQ 	 	 ?Judge3V0      ;检测是否低于3.0V
  3344                              ; 	 	 	 CMP 	 	 #D_BatLevel3 
  3345                              ; 	 	 	 BEQ 	 	 ?Judge2V4      ;检测是否低于2.4V
  3346                              ; 	 ?ExitDet: 
  3347                              ; 	 	 	 RTS 
  3348                              ;
  3349                              ; 	 ?Judge3V3: ;新增3.3V检测
  3350                              ; 	 	 	 LDA 	 	 P_LVD_Ctrl 
  3351                              ; 	 	 	 AND 	 	 #D_LVDStatus 
  3352                              ; 	 	 	 BEQ 	 	 ?Exit3V3 
  3353                              ; 	 	 	 INC 	 	 R_DetCnt 
  3354                              ; 	 	 	 LDA 	 	 R_DetCnt 
  3355                              ; 	 	 	 CMP 	 	 #5 
  3356                              ; 	 	 	 BCC 	 	 ?ExitDet 
  3357                              ; 	 	 	 LDA 	 	 #D_BatLevel2 
  3358                              ; 	 	 	 STA 	 	 R_LVDStatus 
  3359                              ; 	 	 	 %bits 	 R_KeyFlag,D_UpdateBAT 
  3360                              ; 	 	 	 LDA 	 	 #(D_LVDEn+D_LVD3P0V)      ;切换LVD检测电压为3.0V
  3361                              ; 	 	 	 STA 	 	 P_LVD_Ctrl 
  3362                              ; 	 	 ?Exit3V3: 
  3363                              ; 	 	 	 LDA 	 	 #00 
  3364                              ; 	 	 	 STA 	 	 R_DetCnt 
  3365                              ; 	 	 	 RTS 
  3366                              ; 	 	 	 
  3367                              ; 	 ?Judge3V0: ;原 Judge3V3
  3368                              ; 	 	 	 LDA 	 	 P_LVD_Ctrl 
  3369                              ; 	 	 	 AND 	 	 #D_LVDStatus 
  3370                              ; 	 	 	 BEQ 	 	 ?Exit3V0 
  3371                              ; 	 	 	 INC 	 	 R_DetCnt 
  3372                              ; 	 	 	 LDA 	 	 R_DetCnt 
  3373                              ; 	 	 	 CMP 	 	 #5 
  3374                              ; 	 	 	 BCC 	 	 ?ExitDet 
  3375                              ; 	 	 	 LDA 	 	 #D_BatLevel3 
  3376                              ; 	 	 	 STA 	 	 R_LVDStatus 
  3377                              ; 	 	 	 %bits 	 R_KeyFlag,D_UpdateBAT 
  3378                              ; 	 	 	 LDA 	 	 #(D_LVDEn+D_LVD2P4V)      ;切换LVD检测电压为2.4V
  3379                              ; 	 	 	 STA 	 	 P_LVD_Ctrl 
  3380                              ; 	 	 ?Exit3V0: 
  3381                              ; 	 	 	 LDA 	 	 #00 
  3382                              ; 	 	 	 STA 	 	 R_DetCnt 
  3383                              ; 	 	 	 RTS 
  3384                              ; 	 	 	 
  3385                              ; 	 ?Judge2V4: ;原 Judge2V7
  3386                              ; 	 	 	 LDA 	 	 P_LVD_Ctrl 
  3387                              ; 	 	 	 AND 	 	 #D_LVDStatus 
  3388                              ; 	 	 	 BEQ 	 	 ?Exit2V4 
  3389                              ; 	 	 	 INC 	 	 R_DetCnt 
  3390                              ; 	 	 	 LDA 	 	 R_DetCnt 
  3391                              ; 	 	 	 CMP 	 	 #5 
  3392                              ; 	 	 	 BCC 	 	 ?ExitDet 
  3393                              ; 	 	 	 LDA 	 	 #00 
  3394                              ; 	 	 	 STA 	 	 R_DetCnt 
  3395                              ; 	 	 	 LDA 	 	 #D_BatLevel3 
  3396                              ; 	 	 	 STA 	 	 R_LVDStatus 
  3397                              ; 	 	 	 %bits 	 R_Charge,D_LowPower 	 	 ;电量不足标志 (<2.4V)
  3398                              ; 	 	 	 %bits 	 R_KeyFlag,D_UpdateBAT 
  3399                              ; 	 	 ?Exit2V4: 
  3400                              ; 	 	 	 LDA 	 	 #00 
  3401                              ; 	 	 	 STA 	 	 R_DetCnt 
  3402                              ; 	 	 	 RTS 
  3403                               ;=========================================================== 
  3404                               ;充电检测 
  3405                               ;=========================================================== 
  3406 0000FB3A                      F_Charge: 
  3407 0000FB3A                      _F_Charge:
  3408 0000FB3A AD 8A 30             	 	 LDA 	 	 P_IO_PortA_Data 
  3409 0000FB3D 29 08                	 	 AND 	 	 #D_Bit3 
  3410 0000FB3F D0 13                	 	 BNE 	 	 ?GetDC_Charge 	 
  3411 0000FB41                      ?NotDC_Charge: 	 	 	 	 	 	 ;未充电 
  3412                              	 	 ; DC断开或无DC输入，确保清除充电与充满标志
  3413                              	 	 %bitr 	 R_Charge,D_Charge
  3414 0000FB41 A5 85             1           lda     R_Charge               ;ex.  
  3415 0000FB43 29 FD             1           and     #.NOT.D_Charge         ;  %bitr 10H,_BIT0;  10H.0=0
  3416 0000FB45 85 85             1           sta     R_Charge
  3417                              	 	 %bitr 	 R_Charge,D_Full
  3418 0000FB47 A5 85             1           lda     R_Charge               ;ex.  
  3419 0000FB49 29 FB             1           and     #.NOT.D_Full         ;  %bitr 10H,_BIT0;  10H.0=0
  3420 0000FB4B 85 85             1           sta     R_Charge
  3421                              	 	 %bits 	 R_KeyFlag,D_UpdateBAT
  3422 0000FB4D A5 71             1           lda     R_KeyFlag               ;ex.  
  3423 0000FB4F 09 10             1           ora     #D_UpdateBAT              ;  %bits 10H,_BIT0
  3424                            1 		                   ;  10H.0=1
  3425 0000FB51 85 71             1           sta     R_KeyFlag               ;
  3426 0000FB53 60                  	 	 RTS
  3427                               	 	 
  3428 0000FB54                      ?GetDC_Charge: 	 	 	 	 	 	 ;在充电 
  3429 0000FB54 A5 85                	 	 LDA 	 	 R_Charge 
  3430 0000FB56 29 02                	 	 AND 	 	 #D_Charge 
  3431 0000FB58 D0 13                	 	 BNE 	 	 ?JudgeChargeFull 	 ;在充电的时候判断是否充满 
  3432                               	 	 %bits 	 R_Charge,D_Charge 	 
  3433 0000FB5A A5 85             1           lda     R_Charge               ;ex.  
  3434 0000FB5C 09 02             1           ora     #D_Charge              ;  %bits 10H,_BIT0
  3435                            1 		                   ;  10H.0=1
  3436 0000FB5E 85 85             1           sta     R_Charge               ;
  3437                               	 	 %bitr 	 R_Charge,D_LowPower 
  3438 0000FB60 A5 85             1           lda     R_Charge               ;ex.  
  3439 0000FB62 29 FE             1           and     #.NOT.D_LowPower         ;  %bitr 10H,_BIT0;  10H.0=0
  3440 0000FB64 85 85             1           sta     R_Charge
  3441                               	 	 %bits 	 R_KeyFlag,D_UpdateBAT 
  3442 0000FB66 A5 71             1           lda     R_KeyFlag               ;ex.  
  3443 0000FB68 09 10             1           ora     #D_UpdateBAT              ;  %bits 10H,_BIT0
  3444                            1 		                   ;  10H.0=1
  3445 0000FB6A 85 71             1           sta     R_KeyFlag               ;
  3446                              ; 	 	 LDA 	 	 R_LVDStatus 
  3447                              ; 	 	 CMP 	 	 #D_BatLevel2 
  3448                              ; 	 	 BCC 	 	 ?NotLowBat 
  3449                              ; 	 	 LDA 	 	 #D_BatLevel2   ;如果处于极低电量(Level3)，恢复到Level2
  3450                              ; 	 	 STA 	 	 R_LVDStatus 	 	 
  3451                              ; 	 ?NotLowBat: 	 
  3452 0000FB6C 60                   	 	 RTS 
  3453                               	 	 
  3454 0000FB6D                      ?JudgeChargeFull: 	 	 	 	 	 ;判断充满 
  3455                              	 	 ; 以 PB0 实测为准：PB0=0 表示充满，PB0=1 表示未充满（需要清除）
  3456 0000FB6D AD 92 30            	 	 LDA 	 	 P_IO_PortB_Data    ; PB0 为充满指示，低有效
  3457 0000FB70 29 01                	 	 AND 	 	 #D_Bit0
  3458 0000FB72 D0 07               	 	 BNE 	 	 ?ClearFull        ; PB0=1 -> not full
  3459                              	 	 ; PB0==0 -> full
  3460                               	 	 %bits 	 R_Charge,(D_Charge+D_Full)
  3461 0000FB74 A5 85             1           lda     R_Charge               ;ex.  
  3462 0000FB76 09 06             1           ora     #(D_Charge+D_Full)              ;  %bits 10H,_BIT0
  3463                            1 		                   ;  10H.0=1
  3464 0000FB78 85 85             1           sta     R_Charge               ;
  3465                              ; 	 	 LDA 	 	 #D_BatLevel1
  3466                              ; 	 	 STA 	 	 R_LVDStatus
  3467                              ; 	 	 ; 重置 LVD 为 3.3V 检测
  3468                              ; 	 	 LDA #(D_LVD3P3V+D_LVDEn)
  3469                              ; 	 	 STA P_LVD_Ctrl
  3470 0000FB7A 60                   	 	 RTS
  3471                              
  3472 0000FB7B                     ?ClearFull:
  3473                               	 	 ; 清除充满标志，不影响 D_Charge（仍保持为充电中状态）
  3474                               	 	 %bitr 	 R_Charge,D_Full
  3475 0000FB7B A5 85             1           lda     R_Charge               ;ex.  
  3476 0000FB7D 29 FB             1           and     #.NOT.D_Full         ;  %bitr 10H,_BIT0;  10H.0=0
  3477 0000FB7F 85 85             1           sta     R_Charge
  3478                               	 	 %bits 	 R_KeyFlag,D_UpdateBAT
  3479 0000FB81 A5 71             1           lda     R_KeyFlag               ;ex.  
  3480 0000FB83 09 10             1           ora     #D_UpdateBAT              ;  %bits 10H,_BIT0
  3481                            1 		                   ;  10H.0=1
  3482 0000FB85 85 71             1           sta     R_KeyFlag               ;
  3483 0000FB87 60                   	 	 RTS
  3484                              
  3485                               	 	 
  3486                              		
  3487                              .ENDS
  3488                              ;===========END=============================
0 Error(s), 0 Warning(s).

