        Generalplus 6502 Assembler - Version 1.7.1.0  
              Listing File Has Been Relocated

     1                              ; or disclosed in whole in part without prior written permission.
     2                              ;       (C) COPYRIGHT 2009   Generalplus TECHNOLOGY CO.                            
     3                              ;                   ALL RIGHTS RESERVED
     4                              ; The entire notice above must be reproduced on all authorized copies.
     5                              ;==================================================================================
     6                              ;==================================================================================
     7                              ; Name                  : lcd.asm
     8                              ; Applied Body          : GPL815PX
     9                              ; Programmer            : yanxiaodu
    10                              ; Description           : lcd function
    11                              ; History version       : v1.0  2011/06/21 by yanxiaodu first modify
    12                              ;==================================================================================
    13                              
    14                              ;==========================================
    15                              ; Compiler parameter define
    16                              ;==========================================
    17                              .SYNTAX 6502
    18                              .LINKLIST
    19                              .SYMBOLS
    20                              
    21                              ;==========================================
    22                              ; Constant define area
    23                              ;==========================================
    24                              C_Bit_0:				.EQU	%00000001
    25                              C_Bit_1:				.EQU	%00000010
    26                              C_Bit_2:				.EQU	%00000100
    27                              C_Bit_3:				.EQU	%00001000
    28                              C_Bit_4:				.EQU	%00010000
    29                              C_Bit_5:				.EQU	%00100000
    30                              C_Bit_6:				.EQU	%01000000
    31                              C_Bit_7:				.EQU	%10000000
    32                              C_HideHigh:				.EQU	%00001111
    33                              C_HideLow:				.EQU	%11110000
    34                              
    35                              C_LCDBUFFER_LENGTH:		.EQU	30D
    36                              
    37                              
    38                              ;==========================================
    39                              ; Include file area
    40                              ;==========================================
    41                              .include		GPL815P.inc
    42                      <       	.IFDEF		GPL815_SERIES
    43                      <       
    44                      <       ;---------------------------------
    45                      <       GPL815P02Ax		.EQU		1
    46                      <       ;---------------------------------
    47                      <       
    48                      <       .ifndef GPL815P_Body_inc
    49                      <       GPL815P_Body_inc:    .EQU    1
    50                      <       ;==================================================================================
    51                      <       ; The information contained herein is the exclusive property of
    52                      <       ; Generalplus Technology Co. And shall not be distributed, reproduced,
    53                      <       ; or disclosed in whole in part without prior written permission.
    54                      <       ;       (C) COPYRIGHT 2014   Generalplus TECHNOLOGY CO.                            
    55                      <       ;                   ALL RIGHTS RESERVED
    56                      <       ; The entire notice above must be reproduced on all authorized copies.
    57                      <       ;==================================================================================
    58                      <       ;==================================================================================
    59                      <       ; Program Name: GPL815P series register declare
    60                      <       ; Applied body:  
    61                      <       ; Programmer  : Frank Kung
    62                      <       ; Description : 
    63                      <       ;             : V0.1
    64                      <       ; History version
    65                      <       ; Rev #  Date         Who         Comments
    66                      <       ; -----  -----------  --------    ---------------------------------------------------
    67                      <       ; 0.1    2024/08/19   Frank Kung    release
    68                      <       ; 0.2    2025/03/31   Frank Kung    Add Body :   GPL815P02Ax
    69                      <       ;==================================================================================
    70                      <       ;==================================================================================
    71                      <       
    72                      <       P_System_Ctrl_Base:                     .EQU    $3000
    73                      <       P_IO_Ctrl_Base:                         .EQU    $3080
    74                      <       P_INT_Ctrl_Base:                        .EQU    $30C0
    75                      <       P_TIMER_Ctrl_Base:                      .EQU    $3110
    76                      <       P_UART_Ctrl_Base:						.EQU	$3150
    77                      <       P_SPI_Ctrl_Base:                        .EQU    $3180
    78                      <       P_SWT_Ctrl_Base:                        .EQU    $3200
    79                      <       P_ADC_Ctrl_Base:                        .EQU    $3340 
    80                      <       P_I2C_Ctrl_Base:                        .EQU    $3360 
    81                      <       P_Buzzer_Ctrl_Base:						.EQU    $3371
    82                      <       P_AUX_Ctrl_Base:                        .EQU    $33D0
    83                      <       P_LCD_Ctrl_Base:                        .EQU    $3450
    84                      <       P_PWMIO_Ctrl_Base:                      .EQU    $3490
    85                      <       P_RFC_Ctrl_Base:						.EQU	$34C0
    86                      <       
    87                      <       
    88                      <           .IFNDEF GPL815P04Ax
    89                      <           GPL815P04Ax: .EQU    0
    90                      <           .ENDIF 
    91                      <           
    92                      <           .IFNDEF GPL815P04Ax_16KB
    93                      <           GPL815P04Ax_16KB: .EQU    0
    94                      <           .ENDIF     
    95                      <           
    96                      <           .IFNDEF GPL815P04Bx
    97                      <           GPL815P04Bx: .EQU    0
    98                      <           .ENDIF    
    99                      <           
   100                      <           .IFNDEF GPL815P04Bx_15KB
   101                      <           GPL815P04Bx_15KB: .EQU    0
   102                      <           .ENDIF         
   103                      <           
   104                      <           .IFNDEF GPL815P03Ax
   105                      <           GPL815P03Ax: .EQU    0
   106                      <           .ENDIF     
   107                      <             
   108                      <           .IFNDEF GPL815P03Bx
   109                      <           GPL815P03Bx: .EQU    0
   110                      <           .ENDIF   
   111                      <           
   112                      <           .IFNDEF GPL815P02Ax
   113                      <           GPL815P02Ax: .EQU    0
   114                      <           .ENDIF       
   115                      <       
   116                      <           
   117                      <       .IF (GPL815P04Ax+GPL815P04Ax_16KB+GPL815P04Bx+GPL815P04Bx_15KB+GPL815P03Ax+GPL815P03Bx+GPL815P02Ax)
   118                      <       GPL815P      .EQU    1
   119                      <       .ENDIF
   120                      <       
   121                      <       	.IFDEF GPL815P
   122                      <       ;===============================================================
   123                      <       ;               System base Control Registers
   124                      <       ;               Base Address Start from 0x3000 
   125                      <       ;===============================================================
   126                      <       ;==============  BANK Register  =============
   127                      <       P_BANK_Sel:                     .EQU    P_System_Ctrl_Base+0x00 ;$0x3000
   128                      <       
   129                      <       ;==========  CPU & Clock Register  ==========
   130                      <       P_CLK_IOSC_Ctrl:                 .EQU    P_System_Ctrl_Base+0x07 ;$0x3007
   131                      <       	D_CPUSysClkDiv1:				.EQU	00000000B
   132                      <       	D_CPUSysClkDiv2:				.EQU	00000001B
   133                      <       	D_CPUSysClkDiv4:				.EQU	00000010B
   134                      <       	D_CPUSysClkDiv8:				.EQU	00000011B
   135                      <       	D_SYS32K:						.EQU	00000000B
   136                      <       	D_SYS2M:						.EQU	00010000B
   137                      <       	D_SYS4M:						.EQU	00100000B
   138                      <       	D_SYS8M:						.EQU	00110000B	
   139                      <       	
   140                      <       P_SLP_Ctrl:						.EQU    P_System_Ctrl_Base+0x09 ;$0x3009
   141                      <       	D_SleepMode:					.EQU	01011010B
   142                      <       	D_GreenMode:					.EQU	10100101B
   143                      <       	
   144                      <       ;================  LVD Ctrl  ================
   145                      <       P_LVD_Ctrl:                     .EQU    P_System_Ctrl_Base+0x0A ;$0x300A
   146                      <       	D_LVDEn:						.EQU	10000000B
   147                      <       	D_LVDStatus:					.EQU	00100000B
   148                      <       	D_LVD2P1V:						.EQU	00000000B	
   149                      <       	D_LVD2P4V:						.EQU	00000001B	
   150                      <       	D_LVD3P0V:						.EQU	00000010B	
   151                      <       	D_LVD3P3V:						.EQU	00000011B	
   152                      <       	D_LVDLevelMask:					.EQU	00000011B	
   153                      <       		
   154                      <       ;===========  Watch Dog Register  ===========
   155                      <       P_WDT_Clear:					.EQU    P_System_Ctrl_Base+0x0B ;$0x300B
   156                      <       
   157                      <       ;=============  Reset Register  =============
   158                      <       P_RESET_Ctrl:					.EQU    P_System_Ctrl_Base+0x0C ;$0x300C
   159                      <       	D_LVRResetEn:					.EQU	00000001B
   160                      <       	D_IllegalAddrResetEn:			.EQU	00000010B
   161                      <       	D_SWResetEn:					.EQU	00000100B
   162                      <       	D_WDTResetEn:					.EQU	00001000B	
   163                      <       	
   164                      <       P_RESET_Status:					.EQU    P_System_Ctrl_Base+0x0D ;$0x300D
   165                      <       	D_LVRResetFlag:					.EQU	00000001B
   166                      <       	D_IllegalAddrResetFlag:			.EQU	00000010B
   167                      <       	D_SWResetFlag:					.EQU	00000100B
   168                      <       	D_WDTResetFlag:					.EQU	00001000B
   169                      <       	
   170                      <       
   171                      <       ;===============================================================
   172                      <       ;               IO base Control Registers
   173                      <       ;               Base Address Start from 0x3080 
   174                      <       ;=============================================================== 
   175                      <       ;===============  IO Register  ==============
   176                      <       P_IO_Ctrl1:                      .EQU    P_IO_Ctrl_Base+0x00     ;$0x3080
   177                      <       	D_IRDuty2:						.EQU	00000000B
   178                      <       	D_IRDuty3:						.EQU	00000010B
   179                      <       	D_IRDuty4:						.EQU	00000100B
   180                      <       	D_IRDuty5:						.EQU	00000110B	
   181                      <       	D_IREn:							.EQU	00001000B
   182                      <       	D_ExtI1Edge:					.EQU	00010000B
   183                      <       	D_ExtI1En:						.EQU	00100000B
   184                      <       	D_ExtI2Edge:					.EQU	01000000B
   185                      <       	D_ExtI2En:						.EQU	10000000B
   186                      <       	
   187                      <       P_IO_Ctrl2:                      .EQU    P_IO_Ctrl_Base+0x01     ;$0x3081
   188                      <       	D_RFC1En:						.EQU	00000001B
   189                      <       	D_RFC2En:						.EQU	00000010B	
   190                      <       	D_RFC1OutEn:					.EQU	00000100B
   191                      <       	D_RFC2OutEn:					.EQU	00001000B
   192                      <       	D_PA32KOutEn:					.EQU	01000000B
   193                      <       	D_PD32KOutEn:					.EQU	10000000B
   194                      <       	
   195                      <       P_IO_RFC_Ctrl:                   .EQU    P_IO_Ctrl_Base+0x02     ;$0x3082
   196                      <       	D_REF2En:						.EQU	00000001B
   197                      <       	D_SEN2AEn:						.EQU	00000010B
   198                      <       	D_SEN2BEn:						.EQU	00001000B	
   199                      <       	D_REF1En:						.EQU	00010000B
   200                      <       	D_SEN1AEn:						.EQU	00100000B
   201                      <       	D_SEN1BEn:						.EQU	10000000B
   202                      <       	
   203                      <       P_IO_LCDPORT_Ctrl:              .EQU    P_IO_Ctrl_Base+0x03     ;$0x3083
   204                      <       	D_PCEn:							.EQU	00000001B	
   205                      <       	D_PDEn:							.EQU	00000010B
   206                      <       	D_PEEn:							.EQU	00000100B
   207                      <       	D_ShiftSeg0:					.EQU	00000000B
   208                      <       	D_ShiftSeg8:					.EQU	00010000B
   209                      <       	D_ShiftSeg16:					.EQU	00100000B
   210                      <       	D_ShiftSeg24:					.EQU	00110000B	
   211                      <       		
   212                      <       P_IO_KeyChange_Ctrl1:           .EQU    P_IO_Ctrl_Base+0x04     ;$0x3084
   213                      <       P_IO_KeyChange_Ctrl2:           .EQU    P_IO_Ctrl_Base+0x05     ;$0x3085
   214                      <       
   215                      <       P_IO_PB_LINEN_Ctrl:				.EQU    P_IO_Ctrl_Base+0x06     ;$0x3086
   216                      <       
   217                      <       P_IO_PortA_Dir:                 .EQU    P_IO_Ctrl_Base+0x08     ;$0x3088
   218                      <       P_IO_PortA_Attrib:              .EQU    P_IO_Ctrl_Base+0x09     ;$0x3089
   219                      <       P_IO_PortA_Data:                .EQU    P_IO_Ctrl_Base+0x0A     ;$0x308A
   220                      <       P_IO_PortA_Buffer:              .EQU    P_IO_Ctrl_Base+0x0B     ;$0x308B
   221                      <       P_IO_PortA_SMT_En:				.EQU    P_IO_Ctrl_Base+0x0C     ;$0x308C
   222                      <       
   223                      <       P_IO_PortB_Dir:                 .EQU    P_IO_Ctrl_Base+0x10     ;$0x3090
   224                      <       P_IO_PortB_Attrib:              .EQU    P_IO_Ctrl_Base+0x11     ;$0x3091
   225                      <       P_IO_PortB_Data:                .EQU    P_IO_Ctrl_Base+0x12     ;$0x3092
   226                      <       P_IO_PortB_Buffer:              .EQU    P_IO_Ctrl_Base+0x13     ;$0x3093
   227                      <       P_IO_PortB_SMT_En:				.EQU    P_IO_Ctrl_Base+0x14     ;$0x3094
   228                      <       	
   229                      <       P_IO_PortC_Dir:                 .EQU    P_IO_Ctrl_Base+0x18     ;$0x3098
   230                      <       P_IO_PortC_Attrib:              .EQU    P_IO_Ctrl_Base+0x19     ;$0x3099
   231                      <       P_IO_PortC_Data:                .EQU    P_IO_Ctrl_Base+0x1A     ;$0x309A
   232                      <       P_IO_PortC_Buffer:              .EQU    P_IO_Ctrl_Base+0x1B     ;$0x309B
   233                      <       P_IO_PortC_SMT_En:				.EQU    P_IO_Ctrl_Base+0x1C     ;$0x309C
   234                      <       
   235                      <       P_IO_PortD_Dir:                 .EQU    P_IO_Ctrl_Base+0x20     ;$0x30A0
   236                      <       P_IO_PortD_Attrib:              .EQU    P_IO_Ctrl_Base+0x21     ;$0x30A1
   237                      <       P_IO_PortD_Data:                .EQU    P_IO_Ctrl_Base+0x22     ;$0x30A2
   238                      <       P_IO_PortD_Buffer:              .EQU    P_IO_Ctrl_Base+0x23     ;$0x30A3
   239                      <       P_IO_PortD_SMT_En:				.EQU    P_IO_Ctrl_Base+0x24     ;$0x30A4
   240                      <       
   241                      <       P_IO_PortE_Dir:                 .EQU    P_IO_Ctrl_Base+0x28     ;$0x30A8
   242                      <       P_IO_PortE_Attrib:              .EQU    P_IO_Ctrl_Base+0x29     ;$0x30A9
   243                      <       P_IO_PortE_Data:                .EQU    P_IO_Ctrl_Base+0x2A     ;$0x30AA
   244                      <       P_IO_PortE_Buffer:              .EQU    P_IO_Ctrl_Base+0x2B     ;$0x30AB
   245                      <       P_IO_PortE_SMT_En:				.EQU    P_IO_Ctrl_Base+0x2C     ;$0x30AC
   246                      <       	
   247                      <       
   248                      <       P_IO_Ctrl3:                     .EQU    P_IO_Ctrl_Base+0x30     ;$0x30B0
   249                      <       	D_PFEn:							.EQU	00000001B
   250                      <       	D_PGEn:							.EQU	00000010B
   251                      <       
   252                      <       P_IO_PortF_Buffer:				.EQU    P_IO_Ctrl_Base+0x31     ;$0x30B1
   253                      <       P_IO_PortG_Buffer:				.EQU    P_IO_Ctrl_Base+0x32     ;$0x30B2	
   254                      <       ;===============================================================
   255                      <       ;               Interrupt base Control Registers
   256                      <       ;               Base Address Start from 0x30C0 
   257                      <       ;=============================================================== 
   258                      <       ;============  INT/NMI Register  ============
   259                      <       P_NMI_Ctrl:                     .EQU    P_INT_Ctrl_Base+0x00    ;$0x30C0 
   260                      <       	D_LVDNMIEn:						.EQU	00000001B
   261                      <       	D_TM1NMIEn:						.EQU	00000010B
   262                      <       	D_TM0NMIEn:						.EQU	00000100B	
   263                      <       	D_ILLADRNMIEn:					.EQU	00010000B
   264                      <       	
   265                      <       P_NMI_Status:                   .EQU    P_INT_Ctrl_Base+0x01    ;$0x30C1
   266                      <       	D_LVDNMIFlag:						.EQU	00000001B
   267                      <       	D_TM1NMIFlag:						.EQU	00000010B
   268                      <       	D_TM0NMIFlag:						.EQU	00000100B	
   269                      <       	D_ILLADRNMIFlag:					.EQU	00010000B	
   270                      <       	
   271                      <       P_INT_Ctrl1:                    .EQU    P_INT_Ctrl_Base+0x02    ;$0x30C2
   272                      <       	D_FPIntEn:						.EQU	00000001B
   273                      <       	D_SPIInt_En:					.EQU	00000010B
   274                      <       	D_TM0IntEn:						.EQU	10000000B	
   275                      <       	
   276                      <       P_INT_Ctrl2:                    .EQU    P_INT_Ctrl_Base+0x03    ;$0x30C3   
   277                      <       	D_ExtI1IntEn:					.EQU	00000001B	
   278                      <       	D_ExtI2IntEn:					.EQU	00000010B
   279                      <       	D_TBLIntEn:						.EQU	00000100B
   280                      <       	D_TBHIntEn:						.EQU	00001000B	
   281                      <       	D_KeyIntEn:						.EQU	00010000B		
   282                      <       	D_TM1IntEn:						.EQU	00100000B
   283                      <       	D_RFCTM0IntEn:					.EQU	01000000B
   284                      <       	D_RFCTM1IntEn:					.EQU	10000000B
   285                      <       		
   286                      <       P_INT_Ctrl3:                    .EQU    P_INT_Ctrl_Base+0x04    ;$0x30C4 
   287                      <       	D_LVDIntEn:						.EQU	00000001B	
   288                      <       	D_ADCIntEn:						.EQU	00000010B
   289                      <       	D_UARTIntEn:					.EQU	00000100B
   290                      <       	D_SWTIntEn:						.EQU	00001000B
   291                      <       	D_I2CIntEn:						.EQU	00010000B
   292                      <       	D_PWMTMIntEn:					.EQU	00100000B
   293                      <       	D_CaptureIntEn:					.EQU	01000000B	
   294                      <       	
   295                      <       P_INT_Status1:            		.EQU    P_INT_Ctrl_Base+0x0A    ;$0x30CA 
   296                      <       	D_FP_Flag:						.EQU	00000001B
   297                      <       	D_SPI_Flag:						.EQU	00000010B
   298                      <       	D_TM0_Flag:						.EQU	10000000B	
   299                      <       	
   300                      <       P_INT_Status2:            		.EQU    P_INT_Ctrl_Base+0x0B    ;$0x30CB
   301                      <       	D_EXT1_Flag:					.EQU	00000001B
   302                      <       	D_EXT2_Flag:					.EQU	00000010B
   303                      <       	D_TBL_Flag:						.EQU	00000100B
   304                      <       	D_TBH_Flag:						.EQU	00001000B
   305                      <       	D_Key_Flag:						.EQU	00010000B
   306                      <       	D_TM1_Flag:						.EQU	00100000B
   307                      <       	D_RFCTM0_Flag:					.EQU	01000000B	
   308                      <       	D_RFCTM1_Flag:					.EQU	10000000B
   309                      <       	
   310                      <       P_INT_Status3:            		.EQU    P_INT_Ctrl_Base+0x0C    ;$0x30CC
   311                      <       	D_LVD_Flag:						.EQU	00000001B	
   312                      <       	D_ADC_Flag:						.EQU	00000010B
   313                      <       	D_UART_Flag:					.EQU	00000100B
   314                      <       	D_SWT_Flag:						.EQU	00001000B
   315                      <       	D_I2C_Flag:						.EQU	00010000B
   316                      <       	D_PWMTM_Flag:					.EQU	00100000B
   317                      <       	D_Capture_Flag:					.EQU	01000000B
   318                      <       	
   319                      <       P_INT_FP_Clear:					.EQU    P_INT_Ctrl_Base+0x10    ;$0x30D0 
   320                      <       P_INT_SPI_Clear:				.EQU    P_INT_Ctrl_Base+0x11    ;$0x30D1
   321                      <       P_INT_TM0_Clear:				.EQU    P_INT_Ctrl_Base+0x17    ;$0x30D7
   322                      <       P_INT_EXT1_Clear:				.EQU    P_INT_Ctrl_Base+0x18    ;$0x30D8
   323                      <       P_INT_EXT2_Clear:				.EQU    P_INT_Ctrl_Base+0x19    ;$0x30D9
   324                      <       P_INT_TBL_Clear:				.EQU    P_INT_Ctrl_Base+0x1A    ;$0x30DA 
   325                      <       P_INT_TBH_Clear:				.EQU    P_INT_Ctrl_Base+0x1B    ;$0x30DB 
   326                      <       P_INT_KEY_Clear:				.EQU    P_INT_Ctrl_Base+0x1C    ;$0x30DC
   327                      <       P_INT_TM1_Clear:				.EQU    P_INT_Ctrl_Base+0x1D    ;$0x30DD
   328                      <       P_INT_RFCTM0_Clear:				.EQU	P_INT_Ctrl_Base+0x1E    ;$0x30DE
   329                      <       P_INT_RFCTM1_Clear:				.EQU	P_INT_Ctrl_Base+0x1F    ;$0x30DF	
   330                      <       P_INT_LVD_Clear:				.EQU    P_INT_Ctrl_Base+0x20    ;$0x30E0
   331                      <       P_INT_ADC_Clear:				.EQU    P_INT_Ctrl_Base+0x21    ;$0x30E1
   332                      <       P_INT_UART_Clear:				.EQU    P_INT_Ctrl_Base+0x22    ;$0x30E2
   333                      <       P_INT_SWT_Clear:				.EQU    P_INT_Ctrl_Base+0x23    ;$0x30E3
   334                      <       P_INT_I2C_Clear:				.EQU    P_INT_Ctrl_Base+0x24    ;$0x30E4
   335                      <       P_INT_PWMTM_Clear:				.EQU    P_INT_Ctrl_Base+0x25    ;$0x30E5
   336                      <       P_INT_Capture_Clear:			.EQU    P_INT_Ctrl_Base+0x26    ;$0x30E6
   337                      <       P_NMI_LVD_Clear:				.EQU    P_INT_Ctrl_Base+0x30    ;$0x30F0
   338                      <       P_NMI_TM1_Clear:				.EQU    P_INT_Ctrl_Base+0x31    ;$0x30F1
   339                      <       P_NMI_TM0_Clear:				.EQU    P_INT_Ctrl_Base+0x32    ;$0x30F2
   340                      <       P_NMI_ILLADDR_Clear:			.EQU    P_INT_Ctrl_Base+0x34    ;$0x30F4
   341                      <       
   342                      <       
   343                      <       ;===============================================================
   344                      <       ;               TIME base Control Registers
   345                      <       ;               Base Address Start from 0x3110 
   346                      <       ;=============================================================== 
   347                      <       ;=============  Timer Register  =============
   348                      <       P_TIMER_TimeBase_Ctrl1:         .EQU    P_TIMER_Ctrl_Base+0x00  ;$0x3110
   349                      <       	D_TBRUN:						.EQU	00000001B
   350                      <       	D_TBRST:						.EQU	00010000B
   351                      <       	
   352                      <       P_TIMER_TimeBase_CNT:           .EQU    P_TIMER_Ctrl_Base+0x01  ;$0x3111
   353                      <       
   354                      <       P_TIMER_TimeBase_Ctrl2:		    .EQU    P_TIMER_Ctrl_Base+0x02  ;$0x3112
   355                      <       	D_1KHzEn:						.EQU	00000001B	
   356                      <       	D_512HzEn:						.EQU	00000010B	
   357                      <       	D_256HzEn:						.EQU	00000100B
   358                      <       	D_128HzEn:						.EQU	00001000B	
   359                      <       	D_32HzEn:						.EQU	00010000B	
   360                      <       	D_8HzEn:						.EQU	00100000B
   361                      <       	D_2HzEn:						.EQU	01000000B	
   362                      <       	D_1HzEn:						.EQU	10000000B	
   363                      <       	
   364                      <       P_TIMER_TimeBase_Status:            .EQU    P_TIMER_Ctrl_Base+0x03  ;$0x3113
   365                      <       	D_1KHz_Flag:					.EQU	00000001B	
   366                      <       	D_512Hz_Flag:					.EQU	00000010B	
   367                      <       	D_256Hz_Flag:					.EQU	00000100B
   368                      <       	D_128Hz_Flag:					.EQU	00001000B	
   369                      <       	D_32Hz_Flag:					.EQU	00010000B	
   370                      <       	D_8Hz_Flag:						.EQU	00100000B
   371                      <       	D_2Hz_Flag:						.EQU	01000000B	
   372                      <       	D_1Hz_Flag:						.EQU	10000000B
   373                      <       		
   374                      <       P_TIMER_EN:						.EQU	P_TIMER_Ctrl_Base+0x04  ;$0x3114
   375                      <       	D_TM0En:						.EQU	00000001B
   376                      <       	D_TM1En:						.EQU	00000010B
   377                      <       	
   378                      <       P_TIMER_Timer_Ctrl:         	.EQU    P_TIMER_Ctrl_Base+0x05  ;$0x3115	
   379                      <       	D_TM1stop:						.EQU	00000000B
   380                      <       	D_TM1ClkSysClk:					.EQU	00000001B
   381                      <       	D_TM1Clk32K:					.EQU	00000010B
   382                      <       	D_TM1ClkTM0:					.EQU	00000011B
   383                      <       	
   384                      <       	D_TM0Stop:						.EQU	00000000B
   385                      <       	D_TM0AClkSysClk:				.EQU	00100000B
   386                      <       	D_TM0AClk32K:					.EQU	01000000B
   387                      <       	D_TM0AClkEXT1:					.EQU	01100000B	
   388                      <       	D_TM0AClkEXT2:					.EQU	10000000B
   389                      <       	
   390                      <       	D_TM0BClkVDD:					.EQU	00000000B
   391                      <       	D_TM0BClkEXT1:					.EQU	00001000B
   392                      <       	D_TM0BClkEXT2:					.EQU	00001100B
   393                      <       	D_TM0BClk2Hz:					.EQU	00010000B	
   394                      <       	D_TM0BClk8Hz:					.EQU	00010100B
   395                      <       	D_TM0BClk32Hz:					.EQU	00011000B
   396                      <       	D_TM0BClk64Hz:					.EQU	00011100B	
   397                      <       
   398                      <       
   399                      <       P_TIMER_TM0Data_LB:             .EQU    P_TIMER_Ctrl_Base+0x08  ;$0x3118
   400                      <       P_TIMER_TM0Data_HB:             .EQU    P_TIMER_Ctrl_Base+0x09  ;$0x3119
   401                      <       P_TIMER_TM0CntData_LB:          .EQU    P_TIMER_Ctrl_Base+0x0A  ;$0x311A
   402                      <       P_TIMER_TM0CntData_HB:          .EQU    P_TIMER_Ctrl_Base+0x0B  ;$0x311B
   403                      <       
   404                      <       P_TIMER_TM1Data_LB:             .EQU    P_TIMER_Ctrl_Base+0x0C  ;$0x311C
   405                      <       P_TIMER_TM1Data_HB:             .EQU    P_TIMER_Ctrl_Base+0x0D  ;$0x311D
   406                      <       P_TIMER_TM1CntData_LB:          .EQU    P_TIMER_Ctrl_Base+0x0E  ;$0x311E
   407                      <       P_TIMER_TM1CntData_HB:          .EQU    P_TIMER_Ctrl_Base+0x0F  ;$0x311F
   408                      <       
   409                      <       
   410                      <       ;===============================================================
   411                      <       ;               SWT base Control Registers
   412                      <       ;               Base Address Start from 0x3200 
   413                      <       ;=============================================================== 
   414                      <       P_SWT_CTRL1:					.EQU    P_SWT_Ctrl_Base+0x00	;$0x3200
   415                      <       	D_SWTRun:						.EQU	00000001B
   416                      <       	D_SWTRst:						.EQU	00010000B	
   417                      <       
   418                      <       P_SWT_BCD_CNT:					.EQU    P_SWT_Ctrl_Base+0x01	;$0x3201
   419                      <       
   420                      <       P_SWT_1K_BCD:					.EQU    P_SWT_Ctrl_Base+0x02	;$0x3202
   421                      <       
   422                      <       P_SWT_Ctrl2:					.EQU    P_SWT_Ctrl_Base+0x03	;$0x3203
   423                      <       	D_T1HzEn:						.EQU	00000001B
   424                      <       	D_T10HzEn:						.EQU	00000010B
   425                      <       	D_T100HzEn:						.EQU	00000100B
   426                      <       	D_T1KHzEn:						.EQU	00001000B	
   427                      <       	
   428                      <       P_SWT_Status:					.EQU    P_SWT_Ctrl_Base+0x04	;$0x3204
   429                      <       	D_T1Hz_Flag:					.EQU	00000001B
   430                      <       	D_T10Hz_Flag:					.EQU	00000010B
   431                      <       	D_T100Hz_Flag:					.EQU	00000100B
   432                      <       	D_T1KHz_Flag:					.EQU	00001000B	
   433                      <       	
   434                      <       
   435                      <       ;===============================================================
   436                      <       ;               UART base Control Registers
   437                      <       ;               Base Address Start from 0x3150 
   438                      <       ;===============================================================
   439                      <       P_UART_Data:           			.EQU    P_UART_Ctrl_Base+0x00  ;$0x3150
   440                      <       
   441                      <       P_UART_RX_Status:           	.EQU    P_UART_Ctrl_Base+0x01  ;$0x3151
   442                      <       	D_FrameErrorFlag:				.EQU		00000001B
   443                      <       	D_ParityErrorFlag:				.EQU		00000010B
   444                      <       	D_BreakErrorFlag:				.EQU		00000100B
   445                      <       	D_OverrunErrorFlag:				.EQU		00001000B
   446                      <       	
   447                      <       	
   448                      <       P_UART_Ctrl1:           		.EQU    P_UART_Ctrl_Base+0x02  ;$0x3152	
   449                      <       	D_UARTReset:					.EQU		00001000B
   450                      <       	D_UARTEn:						.EQU		00010000B
   451                      <       	D_UARTRxTimeoutIntEn:			.EQU		00100000B
   452                      <       	D_UARTTxIntEn:					.EQU		01000000B
   453                      <       	D_UARTRxIntEn:					.EQU		10000000B
   454                      <       	
   455                      <       P_UART_Ctrl2:           		.EQU    P_UART_Ctrl_Base+0x03  ;$0x3153
   456                      <       	D_UARTSendBreak:				.EQU		00000001B
   457                      <       	D_UARTParityEn:					.EQU		00000010B
   458                      <       	D_UARTParityOdd:				.EQU		00000000B
   459                      <       	D_UARTParityEven:				.EQU		00000100B	
   460                      <       	D_UARTStopBit1:					.EQU		00000000B
   461                      <       	D_UARTStopBit2:					.EQU		00001000B	
   462                      <       	D_UARTFIFOEn:					.EQU		00010000B
   463                      <       	D_UARTDataBit5:					.EQU		00000000B
   464                      <       	D_UARTDataBit6:					.EQU		00100000B
   465                      <       	D_UARTDataBit7:					.EQU		01000000B
   466                      <       	D_UARTDataBit8:					.EQU		01100000B
   467                      <       	
   468                      <       P_UART_BaudRate_HB:           	.EQU    P_UART_Ctrl_Base+0x04  ;$0x3154
   469                      <       P_UART_BaudRate_LB:           	.EQU    P_UART_Ctrl_Base+0x05  ;$0x3155
   470                      <       
   471                      <       P_UART_Status1:           		.EQU    P_UART_Ctrl_Base+0x06  ;$0x3156
   472                      <       	D_RxTimeOutFlag:				.EQU		00100000B
   473                      <       	D_TxIntFlag:					.EQU 		01000000B
   474                      <       	D_RxIntFlag:					.EQU		10000000B
   475                      <       	
   476                      <       P_UART_Status2:           		.EQU    P_UART_Ctrl_Base+0x07  ;$0x3157
   477                      <       	D_UARTBusy:						.EQU		00001000B
   478                      <       	D_UARTRxFIFOEmpty:				.EQU		00010000B
   479                      <       	D_UARTTxFIFOFull:				.EQU		00100000B
   480                      <       	D_UARTRxFIFOFull:				.EQU		01000000B
   481                      <       	D_UARTTxFIFOEmpty:				.EQU		10000000B	
   482                      <       	
   483                      <       P_UART_FMD:           			.EQU    P_UART_Ctrl_Base+0x0A  ;$0x315A
   484                      <       
   485                      <       ;===============================================================
   486                      <       ;               SPI base Control Registers
   487                      <       ;               Base Address Start from 0x3180 
   488                      <       ;=============================================================== 
   489                      <       ;==============  SPI Register  ==============
   490                      <       .IF (GPL815P04Ax+GPL815P04Ax_16KB+GPL815P04Bx+GPL815P04Bx_15KB+GPL815P03Ax+GPL815P03Bx)
   491                      <       P_SPI_Ctrl:                    .EQU    P_SPI_Ctrl_Base+0x00    ;$0x3180
   492                      <       	D_SPICpuClkDiv2:				.EQU		00000000B
   493                      <       	D_SPICpuClkDiv4:				.EQU		00000001B
   494                      <       	D_SPICpuClkDiv8:				.EQU		00000010B
   495                      <       	D_SPICpuClkDiv16:				.EQU		00000011B
   496                      <       	D_SPICpuClkDiv32:				.EQU		00000100B
   497                      <       	D_SPICpuClkDiv64:				.EQU		00000101B
   498                      <       	D_SPICpuClkDiv128:				.EQU		00000110B
   499                      <       	D_SPIPolarity:					.EQU		00001000B
   500                      <       	D_SPIPhase:						.EQU		00010000B
   501                      <       	D_SPIMaster:					.EQU		00000000B
   502                      <       	D_SPISlaver:					.EQU		00100000B
   503                      <       	D_SPISelfLoopEn:				.EQU		01000000B
   504                      <       	D_SPIEn:						.EQU		10000000B
   505                      <       	
   506                      <       P_SPI_TX_Status:               .EQU    P_SPI_Ctrl_Base+0x01    ;$0x3181
   507                      <       	D_SPITxEmptyFlag:				.EQU		00000010B	
   508                      <       	D_SPITxIntEn:					.EQU		01000000B
   509                      <       	D_SPITxIntFlag:					.EQU		10000000B
   510                      <       	
   511                      <       P_SPI_TX_Ctrl:                 .EQU    P_SPI_Ctrl_Base+0x02    ;$0x3182
   512                      <       	D_SPITxFIFODataLvMask:			.EQU		00000111B
   513                      <       	D_SPITxFIFOIntLvMask:			.EQU		01110000B
   514                      <       
   515                      <       P_SPI_TX_Data:                 .EQU    P_SPI_Ctrl_Base+0x03    ;$0x3183
   516                      <       
   517                      <       P_SPI_RX_Status:               .EQU    P_SPI_Ctrl_Base+0x04    ;$0x3184
   518                      <       	D_SPIRxFIFOOverRun:				.EQU		00000001B	
   519                      <       	D_SPIRxStatusFIFOFull:			.EQU		00000010B
   520                      <       	D_SPIRxIntEn:					.EQU		01000000B
   521                      <       	D_SPIRxIntFlag:					.EQU		10000000B
   522                      <       	
   523                      <       P_SPI_RX_Ctrl:                 .EQU    P_SPI_Ctrl_Base+0x05    ;$0x3185
   524                      <       	D_SPIRxFIFODataLvMask:			.EQU		00000111B
   525                      <       	D_SPIRxFIFOIntLvMask:			.EQU		01110000B
   526                      <       
   527                      <       P_SPI_RX_Data:                 .EQU    P_SPI_Ctrl_Base+0x06    ;$0x3186
   528                      <       
   529                      <       P_SPI_Misc_Ctrl:               .EQU    P_SPI_Ctrl_Base+0x07    ;$0x3187
   530                      <       	D_SPITxFIFOEmpty:				.EQU		00000001B	
   531                      <       	D_SPITxFIFONotFull:				.EQU		00000010B
   532                      <       	D_SPIRxFIFONotEmpty:			.EQU		00000100B
   533                      <       	D_SPIMiscRxFIFOFull:			.EQU		00001000B
   534                      <       	D_SPIBusy:						.EQU		00010000B
   535                      <       	D_SPISmartEn:					.EQU		00100000B
   536                      <       	D_SPIOverWriteEn:				.EQU		01000000B
   537                      <       	D_SPIFIFOReset:					.EQU		10000000B
   538                      <       	
   539                      <       P_SPI_Port_Ctrl:               .EQU    P_SPI_Ctrl_Base+0x08    ;$0x3188
   540                      <       	D_SPIAutoRead:					.EQU		00000001B
   541                      <       	D_SPIIO:						.EQU		00000000B
   542                      <       	D_SPIPB:						.EQU		00000000B
   543                      <       	D_SPIPD:						.EQU		00001000B	
   544                      <       	D_SPICSDisable:					.EQU		00010000B
   545                      <       .ENDIF	
   546                      <       	
   547                      <       ;===============================================================
   548                      <       ;               ADC base Control Registers
   549                      <       ;               Base Address Start from 0x3340 
   550                      <       ;===============================================================
   551                      <       P_ADC_Ctrl1:					.EQU    P_ADC_Ctrl_Base+0x00    ;$0x3340
   552                      <       	D_ADCClkDiv2:					.EQU		00000000B
   553                      <       	D_ADCClkDiv4:					.EQU		00000001B
   554                      <       	D_ADCClkDiv8:					.EQU		00000010B
   555                      <       	D_ADCClkDiv12:					.EQU		00000011B
   556                      <       	D_ADCClkDiv16:					.EQU		00000100B	
   557                      <       	D_ADCClkDiv20:					.EQU		00000101B	
   558                      <       	D_ADCClkDiv24:					.EQU		00000110B	
   559                      <       	D_ADCClkDiv28:					.EQU		00000111B	
   560                      <       	
   561                      <       	D_ADCSHCycle2:					.EQU		00000000B
   562                      <       	D_ADCSHCycle4:					.EQU		00001000B
   563                      <       	D_ADCSHCycle8:					.EQU		00010000B	
   564                      <       	D_ADCSHCycle16:					.EQU		00011000B
   565                      <       	
   566                      <       	D_ADCTrigManual:				.EQU		00000000B	
   567                      <       	D_ADCTrigTM0:					.EQU		00100000B	
   568                      <       	D_ADCTrigTM1:					.EQU		01000000B
   569                      <       	
   570                      <       	D_ADCStart:						.EQU		10000000B
   571                      <       	
   572                      <       P_ADC_Ctrl2:					.EQU    P_ADC_Ctrl_Base+0x01    ;$0x3341
   573                      <       	D_ADCPB0:						.EQU		00000000B
   574                      <       	D_ADCPB1:						.EQU		00000001B	
   575                      <       	D_ADCPB2:						.EQU		00000010B	
   576                      <       	D_ADCPB3:						.EQU		00000011B	
   577                      <       	D_ADCPB4:						.EQU		00000100B	
   578                      <       	D_ADCPB5:						.EQU		00000101B	
   579                      <       	D_ADCPB6:						.EQU		00000110B	
   580                      <       	D_ADCPB7:						.EQU		00000111B
   581                      <       	D_ADCVREG:						.EQU		00001000B
   582                      <       	D_ADCVBAT:						.EQU		00001001B	
   583                      <       	D_ADCDiv5VDD:					.EQU		00001010B	
   584                      <       	D_ADCVSS:						.EQU		00001011B	
   585                      <       	
   586                      <       	D_ADCEn:						.EQU		00010000B		
   587                      <       	D_BatteryDetectEn:				.EQU		00100000B	
   588                      <       	D_ADCIntEnable:					.EQU		01000000B
   589                      <       	D_ADCStatus:					.EQU		10000000B	
   590                      <       	
   591                      <       P_ADC_Data_LB:					.EQU    P_ADC_Ctrl_Base+0x02    ;$0x3342
   592                      <       P_ADC_Data_HB:					.EQU    P_ADC_Ctrl_Base+0x03    ;$0x3343
   593                      <       P_ADC_VREF_Ctrl:				.EQU    P_ADC_Ctrl_Base+0x04    ;$0x3344
   594                      <       	D_ADCVregEn:					.EQU		00000001B
   595                      <       	D_ADCVreg1P8V:					.EQU		00000000B	
   596                      <       	D_ADCVreg2V:					.EQU		00000010B	
   597                      <       	D_ADCVreg2P4V:					.EQU		00000100B	
   598                      <       	D_ADCVreg2P6V:					.EQU		00000110B	
   599                      <       	D_ADCVreg3V:					.EQU		00001000B	
   600                      <       	D_ADCVreg3P2V:					.EQU		00001010B
   601                      <       	D_ADCVreg3P4V:					.EQU		00001100B
   602                      <       	D_ADCVregVDD:					.EQU		00001110B	
   603                      <       
   604                      <       	
   605                      <       ;===============================================================
   606                      <       ;               I2C base Control Registers
   607                      <       ;               Base Address Start from 0x3360 
   608                      <       ;===============================================================
   609                      <       .IF (GPL815P04Ax+GPL815P04Ax_16KB+GPL815P04Bx+GPL815P04Bx_15KB+GPL815P03Ax+GPL815P03Bx)
   610                      <       P_I2C_Ctrl:						.EQU    P_I2C_Ctrl_Base+0x00    ;$0x3360
   611                      <       	D_I2C_En:						.EQU		00000001B	
   612                      <       	D_I2C_TriggerEn:				.EQU		00000010B		
   613                      <       	D_I2C_ClockDiv128:				.EQU		00000000B	
   614                      <       	D_I2C_ClockDiv256:				.EQU		00000100B
   615                      <       	D_I2C_ClockDiv768:				.EQU		00001000B	
   616                      <       	D_I2C_ClockDiv1024:				.EQU		00001100B	
   617                      <       	D_I2C_Slaver:					.EQU		00010000B		
   618                      <       	D_I2C_Master:					.EQU		00000000B	
   619                      <       	D_Master_Nack:					.EQU		00100000B	
   620                      <       	D_Master_Ack:					.EQU		00000000B	
   621                      <       	D_Master_StopEn:				.EQU		01000000B	
   622                      <       	D_Master_StartEn:				.EQU		10000000B
   623                      <       	
   624                      <       P_I2C_Status:						.EQU    P_I2C_Ctrl_Base+0x01    ;$0x3361
   625                      <       	D_I2C_TrsDone:					.EQU		00000001B
   626                      <       	D_I2C_Ack:						.EQU		00000000B
   627                      <       	D_I2C_Nack:						.EQU		00000010B	
   628                      <       	D_I2C_IntEn:					.EQU		00000100B
   629                      <       	D_I2C_DIDErrIntEn:				.EQU		00010000B
   630                      <       	D_I2C_StopOK:					.EQU		00100000B	
   631                      <       	D_I2C_DataOK:					.EQU		01000000B	
   632                      <       	D_I2C_DIDOK:					.EQU		10000000B		
   633                      <       	
   634                      <       P_I2C_ID:						.EQU    P_I2C_Ctrl_Base+0x02    ;$0x3362
   635                      <       	D_I2C_Write:					.EQU		00000000B
   636                      <       	D_I2C_Read:						.EQU		00000001B	
   637                      <       P_I2C_Data:						.EQU    P_I2C_Ctrl_Base+0x03    ;$0x3363
   638                      <       P_I2C_Debounce:					.EQU    P_I2C_Ctrl_Base+0x04    ;$0x3364
   639                      <       .ENDIF
   640                      <       
   641                      <       ;===============================================================
   642                      <       ;               Buzzer base Control Registers
   643                      <       ;               Base Address Start from 0x3371 
   644                      <       ;===============================================================	
   645                      <       P_AUDIO_BZ_Ctrl:						.EQU    P_Buzzer_Ctrl_Base+0x00    ;$0x3371
   646                      <       	D_BZSrc:						.EQU		00000001B
   647                      <       	D_BZOn:							.EQU		10000000B	
   648                      <       
   649                      <       
   650                      <       ;===============================================================
   651                      <       ;               AUX base Registers
   652                      <       ;               Base Address Start from 0x33D0 
   653                      <       ;=============================================================== 
   654                      <       ;=========  Bit Operation Register  ========= 
   655                      <       P_AUX_DataX:                    .EQU    P_AUX_Ctrl_Base+0x00    ;$0x33D0
   656                      <       P_AUX_DataY:                    .EQU    P_AUX_Ctrl_Base+0x01    ;$0x33D1
   657                      <       P_AUX_BPPExtend_IN:             .EQU    P_AUX_Ctrl_Base+0X02    ;$0x33D2
   658                      <       P_AUX_DataX_0H:                 .EQU    P_AUX_Ctrl_Base+0x06    ;$0x33D6
   659                      <       P_AUX_DataX_0L:                 .EQU    P_AUX_Ctrl_Base+0x07    ;$0x33D7
   660                      <       P_AUX_DataY_0H:                 .EQU    P_AUX_Ctrl_Base+0x08    ;$0x33D8
   661                      <       P_AUX_DataY_0L:                 .EQU    P_AUX_Ctrl_Base+0x09    ;$0x33D9
   662                      <       P_AUX_DataX_H0:                 .EQU    P_AUX_Ctrl_Base+0x0A    ;$0x33DA
   663                      <       P_AUX_DataX_L0:                 .EQU    P_AUX_Ctrl_Base+0x0B    ;$0x33DB
   664                      <       P_AUX_DataY_H0:                 .EQU    P_AUX_Ctrl_Base+0x0C    ;$0x33DC
   665                      <       P_AUX_DataY_L0:                 .EQU    P_AUX_Ctrl_Base+0x0D    ;$0x33DD
   666                      <       P_AUX_DataX_LH:                 .EQU    P_AUX_Ctrl_Base+0x0E    ;$0x33DE
   667                      <       P_AUX_DataY_LH:                 .EQU    P_AUX_Ctrl_Base+0x0F    ;$0x33DF
   668                      <       P_AUX_DataXY_XLYH:              .EQU    P_AUX_Ctrl_Base+0x10    ;$0x33E0
   669                      <       P_AUX_DataXY_YLXH:              .EQU    P_AUX_Ctrl_Base+0x11    ;$0x33E1
   670                      <       P_AUX_DataX_Mirror:             .EQU    P_AUX_Ctrl_Base+0x12    ;$0x33E2
   671                      <       P_AUX_DataY_Mirror:             .EQU    P_AUX_Ctrl_Base+0x13    ;$0x33E3
   672                      <       P_AUX_BPPExtendOut_LB:          .EQU    P_AUX_Ctrl_Base+0x14    ;$0x33E4
   673                      <       P_AUX_BPPExtendOut_HB:          .EQU    P_AUX_Ctrl_Base+0x15    ;$0x33E5
   674                      <       
   675                      <       
   676                      <       ;===============================================================
   677                      <       ;               LCD base Registers
   678                      <       ;               Base Address Start from 0x3450 
   679                      <       ;=============================================================== 
   680                      <       ;==============  LCD Register  ==============
   681                      <       P_LCD_Ctrl1:                    .EQU    P_LCD_Ctrl_Base+0x00    ;$0x3450
   682                      <       	D_DisplayOn:					.EQU	00001000B
   683                      <       	D_LCDEn:						.EQU	10000000B
   684                      <       
   685                      <       P_LCD_Ctrl2:                    .EQU    P_LCD_Ctrl_Base+0x01    ;$0x3451
   686                      <       	D_LCDStrobeTimeMask:			.EQU	00001111B
   687                      <       	D_LCDStrobeEn:					.EQU	00010000B
   688                      <       	D_LCDAllOff:					.EQU	00100000B
   689                      <       	D_LCDAllOn:						.EQU	01000000B
   690                      <       	
   691                      <       P_LCD_Clock:                    .EQU    P_LCD_Ctrl_Base+0x02    ;$0x3452
   692                      <       	D_LCDclk32K:					.EQU	00000000B
   693                      <       	D_LCDclk16K:					.EQU	00010000B
   694                      <       	D_LCDclk8K:						.EQU	00100000B	
   695                      <       	D_LCDclk4K:						.EQU	00110000B	
   696                      <       
   697                      <       P_LCD_SEG_Num:					.EQU    P_LCD_Ctrl_Base+0x03    ;$0x3453
   698                      <       	D_32SEG:						.EQU	00000011B	
   699                      <       	D_48SEG:						.EQU	00000101B
   700                      <       	
   701                      <       P_LCD_COM_Num:					.EQU    P_LCD_Ctrl_Base+0x04    ;$0x3454	
   702                      <       	D_5COM:							.EQU	00000100B	
   703                      <       	D_9COM:							.EQU	00001000B
   704                      <       	
   705                      <       P_LCD_FM_Ctrl:					.EQU    P_LCD_Ctrl_Base+0x05    ;$0x3455
   706                      <       	D_LCDBType:						.EQU	00000000B
   707                      <       	D_LCDCType:						.EQU	10000000B	
   708                      <       	
   709                      <       P_LCD_VLCD_Ctrl:                .EQU    P_LCD_Ctrl_Base+0x06    ;$0x3456
   710                      <       
   711                      <       P_LCD_PUMP_Ctrl:                .EQU    P_LCD_Ctrl_Base+0x07    ;$0x3457
   712                      <       	D_PumpClk2K:					.EQU	00000000B
   713                      <       	D_PumpClk4K:					.EQU	00000001B
   714                      <       	D_PumpClk8K:					.EQU	00000010B
   715                      <       	D_PumpClk16K:					.EQU	00000011B	
   716                      <       	D_PumpEn:						.EQU	10000000B
   717                      <       	
   718                      <       P_LCD_BIAS_Ctrl:                .EQU    P_LCD_Ctrl_Base+0x08    ;$0x3458
   719                      <       	D_LCDBias4:						.EQU	00000001B
   720                      <       	D_LCDBias3:						.EQU	00000010B
   721                      <       	D_LCDBias2:						.EQU	00000011B
   722                      <       	
   723                      <       P_LCD_StartAddr_LB:             .EQU    P_LCD_Ctrl_Base+0x09    ;$0x3459	
   724                      <       
   725                      <       
   726                      <       ;===============================================================
   727                      <       ;               PWMIO base Registers
   728                      <       ;               Base Address Start from 0x3490 
   729                      <       ;===============================================================
   730                      <       P_PWMIO_Ctrl:                   .EQU    P_PWMIO_Ctrl_Base+0x00  ;$0x3490
   731                      <       	D_PWMIO0En:						.EQU	00000001B
   732                      <       	D_PWMIO1En:						.EQU	00000010B
   733                      <       	D_PWMIO2En:						.EQU	00000100B	
   734                      <       	D_PWMIO3En:						.EQU	00001000B	
   735                      <       	D_PWMClkSysClk:					.EQU	00000000B
   736                      <       	D_PWMClkSysClk8:				.EQU	00010000B	
   737                      <       	D_PWMClkSysClk64:				.EQU	00100000B	
   738                      <       	D_PWMClk32K:					.EQU	00110000B
   739                      <       	D_PWMClkTM0:					.EQU	01000000B
   740                      <       	D_PWMClkTM1:					.EQU	01010000B	
   741                      <       	D_PWMClkRFCTM0:					.EQU	01100000B		
   742                      <       	D_PWMClkRFCTM1:					.EQU	01110000B	
   743                      <       
   744                      <       P_PWMIO_Sel:                    .EQU    P_PWMIO_Ctrl_Base+0x01  ;$0x3491
   745                      <       P_PWMIO_Timer_Data:				.EQU    P_PWMIO_Ctrl_Base+0x02  ;$0x3492
   746                      <       P_PWMIO_Timer_Cnt:				.EQU    P_PWMIO_Ctrl_Base+0x03  ;$0x3493
   747                      <       			
   748                      <       P_PWMIO_IO0_DUTY:               .EQU    P_PWMIO_Ctrl_Base+0x04  ;$0x3494
   749                      <       P_PWMIO_IO1_DUTY:               .EQU    P_PWMIO_Ctrl_Base+0x05  ;$0x3495
   750                      <       P_PWMIO_IO2_DUTY:               .EQU    P_PWMIO_Ctrl_Base+0x06  ;$0x3496
   751                      <       P_PWMIO_IO3_DUTY:               .EQU    P_PWMIO_Ctrl_Base+0x07  ;$0x3497
   752                      <       
   753                      <       
   754                      <       ;===============================================================
   755                      <       ;               RFC base Registers
   756                      <       ;               Base Address Start from 0x34C0 
   757                      <       ;===============================================================
   758                      <       P_RFC_Ctrl1:       				.EQU    P_RFC_Ctrl_Base+0x01  ;$0x34C1
   759                      <       	D_AutoStop:						.EQU	01000000B
   760                      <       	D_RFCEn:						.EQU	00010000B	
   761                      <       	D_RFCStart:						.EQU	00000001B	
   762                      <       
   763                      <       P_RFC_Timer_Ctrl:       		.EQU    P_RFC_Ctrl_Base+0x03  ;$0x34C3
   764                      <       	D_RFCTM0En:						.EQU	00000001B
   765                      <       	D_RFCTM1En:						.EQU	00000010B
   766                      <       	D_RFCTM0ClkMask:				.EQU	00011100B
   767                      <       	D_RFCTM0ClkStop:				.EQU	00000000B
   768                      <       	D_RFCTM0ClkIO:					.EQU	00000100B
   769                      <       	D_RFCTM0ClkSysClk:				.EQU	00001100B
   770                      <       	D_RFCTM0ClkSysClk2:				.EQU	00010000B
   771                      <       	D_RFCTM0ClkRFC1:				.EQU	00010100B
   772                      <       	D_RFCTM0ClkRFC2:				.EQU	00011000B
   773                      <       	D_RFCTM0Clk32K:					.EQU	00011100B
   774                      <       	
   775                      <       	D_RFCTM1ClkMask:				.EQU	11100000B
   776                      <       	D_RFCTM1ClkStop:				.EQU	00000000B
   777                      <       	D_RFCTM1ClkSysClk:				.EQU	00100000B
   778                      <       	D_RFCTM1ClkSysClk2:				.EQU	01000000B
   779                      <       	D_RFCTM1ClkSysClk4:				.EQU	01100000B
   780                      <       	D_RFCTM1ClkSysClk8:				.EQU	10000000B
   781                      <       	D_RFCTM1ClkSysClk16:			.EQU	10100000B
   782                      <       	D_RFCTM1ClkSysClk32:			.EQU	11000000B
   783                      <       	D_RFCTM1Clk32K:					.EQU	11100000B
   784                      <       	
   785                      <       P_RFC_Ctrl2:       				.EQU    P_RFC_Ctrl_Base+0x04  ;$0x34C4
   786                      <       	D_RFCCaptureEdgeRising:			.EQU	00000000B
   787                      <       	D_RFCCaptureEdgeFalling:		.EQU	00000100B		
   788                      <       	D_RFCCaptureTrigDis:			.EQU	00000000B	
   789                      <       	D_RFCCaptureTrigTM0:			.EQU	00000001B	
   790                      <       	
   791                      <       P_RFC_TM0Data_LB:       		.EQU    P_RFC_Ctrl_Base+0x06  ;$0x34C6
   792                      <       P_RFC_TM0Data_HB:       		.EQU    P_RFC_Ctrl_Base+0x07  ;$0x34C7
   793                      <       P_RFC_TM0Cnt_LB:       			.EQU    P_RFC_Ctrl_Base+0x08  ;$0x34C8
   794                      <       P_RFC_TM0Cnt_HB:       			.EQU    P_RFC_Ctrl_Base+0x09  ;$0x34C9
   795                      <       
   796                      <       P_RFC_TM1Data_LB:       		.EQU    P_RFC_Ctrl_Base+0x0A  ;$0x34CA
   797                      <       P_RFC_TM1Data_HB:       		.EQU    P_RFC_Ctrl_Base+0x0B  ;$0x34CB
   798                      <       P_RFC_TM1Cnt_LB:				.EQU    P_RFC_Ctrl_Base+0x0C  ;$0x34CC
   799                      <       P_RFC_TM1Cnt_HB:       			.EQU    P_RFC_Ctrl_Base+0x0D  ;$0x34CD
   800                      <       
   801                      <       P_RFC_TM1CapData_LB:       		.EQU    P_RFC_Ctrl_Base+0x0E  ;$0x34CE
   802                      <       P_RFC_TM1CapData_HB:		  	.EQU    P_RFC_Ctrl_Base+0x0F  ;$0x34CF
   803                      <       	
   804                      <       
   805                      <       ;**********************************************************************
   806                      <       ;ROM Checksum
   807                      <       ;**********************************************************************
   808                      <       .IF (GPL815P04Ax)
   809                      <       ;	ROM Checksum : Bank0 address :		  0x4000 ~ 0x7FE5, 0x8000 ~ 0xBFFF
   810                      <       ;				   NMI and Reset Vector : 0xFFFA ~ 0xFFFD
   811                      <       ;				   
   812                      <       	D_Bank0UserRomStartAddr:		.EQU	0x4000		;0x4000 ~ 0x7FE5:User ROM Code
   813                      <       	D_Bank0UserRomEndAddr:			.EQU	0x7FE5
   814                      <       	D_Bank0HUserRomStartAddr:		.EQU	0x8000		;0x8000 ~ 0xBFFF:User ROM Code
   815                      <       	D_Bank0HUserRomEndAddr:			.EQU	0xBFFF	
   816                      <       	D_NMIandResetVectorStartAddr:	.EQU	0x7FFA
   817                      <       	D_NMIandResetVectorEndAddr:		.EQU	0x7FFD	
   818                      <       .ENDIF
   819                      <       
   820                      <       .IF (GPL815P04Ax_16KB)
   821                      <       ;	ROM Checksum : Bank0 address :		  0x4000 ~ 0x7FE5
   822                      <       ;				   NMI and Reset Vector : 0xFFFA ~ 0xFFFD
   823                      <       ;				   
   824                      <       	D_Bank0UserRomStartAddr:		.EQU	0x4000		;0x4000 ~ 0x7FE5:User ROM Code
   825                      <       	D_Bank0UserRomEndAddr:			.EQU	0x7FE5
   826                      <       	D_NMIandResetVectorStartAddr:	.EQU	0x7FFA
   827                      <       	D_NMIandResetVectorEndAddr:		.EQU	0x7FFD	
   828                      <       .ENDIF	
   829                      <       
   830                      <       .IF (GPL815P04Bx)
   831                      <       ;	ROM Checksum : Bank0 address :		  0x4400 ~ 0x7FE5, 0x8000 ~ 0xBFFF (0x4000 ~ 0x43FF for GP Test Code : 1K Bytes)
   832                      <       ;				   NMI and Reset Vector : 0xFFFA ~ 0xFFFD
   833                      <       ;				   
   834                      <       	D_Bank0UserRomStartAddr:		.EQU	0x4400		;0x4400 ~ 0x7FE5:User ROM Code
   835                      <       	D_Bank0UserRomEndAddr:			.EQU	0x7FE5
   836                      <       	D_Bank0HUserRomStartAddr:		.EQU	0x8000		;0x8000 ~ 0xBFFF:User ROM Code
   837                      <       	D_Bank0HUserRomEndAddr:			.EQU	0xBFFF	
   838                      <       	D_NMIandResetVectorStartAddr:	.EQU	0x7FFA
   839                      <       	D_NMIandResetVectorEndAddr:		.EQU	0x7FFD	
   840                      <       .ENDIF	
   841                      <       
   842                      <       .IF (GPL815P04Bx_15KB)
   843                      <       ;	ROM Checksum : Bank0 address :		  0x4400 ~ 0x7FE5 (0x4000 ~ 0x43FF for GP Test Code : 1K Bytes)
   844                      <       ;				   NMI and Reset Vector : 0xFFFA ~ 0xFFFD
   845                      <       ;				   
   846                      <       	D_Bank0UserRomStartAddr:		.EQU	0x4400		;0x4400 ~ 0x7FE5:User ROM Code
   847                      <       	D_Bank0UserRomEndAddr:			.EQU	0x7FE5
   848                      <       	D_NMIandResetVectorStartAddr:	.EQU	0x7FFA
   849                      <       	D_NMIandResetVectorEndAddr:		.EQU	0x7FFD	
   850                      <       .ENDIF
   851                      <       
   852                      <       .IF (GPL815P03Ax)
   853                      <       ;	ROM Checksum : Bank0 address :		  0x4000 ~ 0x7FE5, 0x8000 ~ 0x9FFF
   854                      <       ;				   NMI and Reset Vector : 0xFFFA ~ 0xFFFD
   855                      <       ;				   
   856                      <       	D_Bank0UserRomStartAddr:		.EQU	0x4000		;0x4000 ~ 0x7FE5:User ROM Code
   857                      <       	D_Bank0UserRomEndAddr:			.EQU	0x7FE5
   858                      <       	D_Bank0HUserRomStartAddr:		.EQU	0x8000		;0x8000 ~ 0x9FFF:User ROM Code
   859                      <       	D_Bank0HUserRomEndAddr:			.EQU	0x9FFF	
   860                      <       	D_NMIandResetVectorStartAddr:	.EQU	0x7FFA
   861                      <       	D_NMIandResetVectorEndAddr:		.EQU	0x7FFD
   862                      <       .ENDIF
   863                      <       
   864                      <       .IF (GPL815P03Bx)
   865                      <       ;	ROM Checksum : Bank0 address :		  0x4400 ~ 0x7FE5, 0x8000 ~ 0x9FFF (0x4000 ~ 0x43FF for GP Test Code : 1K Bytes)
   866                      <       ;				   NMI and Reset Vector : 0xFFFA ~ 0xFFFD
   867                      <       ;				   
   868                      <       	D_Bank0UserRomStartAddr:		.EQU	0x4400		;0x4400 ~ 0x7FE5:User ROM Code
   869                      <       	D_Bank0UserRomEndAddr:			.EQU	0x7FE5
   870                      <       	D_Bank0HUserRomStartAddr:		.EQU	0x8000		;0x8000 ~ 0x9FFF:User ROM Code
   871                      <       	D_Bank0HUserRomEndAddr:			.EQU	0x9FFF	
   872                      <       	D_NMIandResetVectorStartAddr:	.EQU	0x7FFA
   873                      <       	D_NMIandResetVectorEndAddr:		.EQU	0x7FFD
   874                      <       .ENDIF	
   875                      <       
   876                      <       .IF (GPL815P02Ax)
   877                      <       ;	ROM Checksum : Bank0 address :		  0x4000 ~ 0x7FE5
   878                      <       ;				   NMI and Reset Vector : 0xFFFA ~ 0xFFFD
   879                      <       ;				   
   880                      <       	D_Bank0UserRomStartAddr:		.EQU	0x4000		;0x4000 ~ 0x7FE5:User ROM Code
   881                      <       	D_Bank0UserRomEndAddr:			.EQU	0x7FE5
   882                      <       	D_NMIandResetVectorStartAddr:	.EQU	0x7FFA
   883                      <       	D_NMIandResetVectorEndAddr:		.EQU	0x7FFD	
   884                      <       .ENDIF	
   885                      <       ; ========================================================================================
   886                      <       ; Macro Name	: M_UserRomChecksum
   887                      <       ; Parameters	: None
   888                      <       ; Return Value	: R_ChecksumResult: bit[7:0]
   889                      <       ;				: R_ChecksumResult + 1: bit[15:8]
   890                      <       ;				: R_ChecksumResult + 2: bit[23:16]
   891                      <       ;				: R_ChecksumResult + 3: bit[31:24]
   892                      <       ; Description	: Calculate user ROM area code checksum
   893                      <       ; Destroy		: A, X
   894                      <       ; Example		: %M_UserRomChecksum	R_ChecksumAddrPtr, R_ChecksumResult
   895                      <       ; ========================================================================================	
   896                      <       %M_UserRomChecksum:	.MACRO	R_ChecksumAddrPtr, R_ChecksumResult
   897                      <       	LDA		#0
   898                      <       	STA		R_ChecksumResult					;Result Byte0
   899                      <       	STA		R_ChecksumResult + 1				;Result Byte1
   900                      <       	STA		R_ChecksumResult + 2				;Result Byte2
   901                      <       	STA		R_ChecksumResult + 3				;Result Byte3
   902                      <       ;=================== Bank 0 ==================================================	
   903                      <       	LDA		#.HIGH.D_Bank0UserRomStartAddr
   904                      <       	STA		R_ChecksumAddrPtr + 1				;Start High Byte
   905                      <       	LDA		#.LOW.D_Bank0UserRomStartAddr
   906                      <       	STA		R_ChecksumAddrPtr					;Start Low Byte
   907                      <       		
   908                      <       	LDY		#0	
   909                      <       
   910                      <       L_ChecksumLoop1?
   911                      <       	STA	   P_WDT_Clear	
   912                      <       	CLC
   913                      <       	LDA		(R_ChecksumAddrPtr),Y
   914                      <       	ADC		R_ChecksumResult					;Result Low Byte
   915                      <       	STA		R_ChecksumResult					;Result Low Byte
   916                      <       	BCC		L_CheckAddress1?
   917                      <       	INC		R_ChecksumResult + 1				;Result Byte1
   918                      <       	BNE		L_CheckAddress1?
   919                      <       	INC		R_ChecksumResult + 2				;Result Byte3
   920                      <       	BNE		L_CheckAddress1?
   921                      <       	INC		R_ChecksumResult + 3				;Result Byte4
   922                      <       		
   923                      <       L_CheckAddress1?:
   924                      <       	LDA		R_ChecksumAddrPtr + 1				;Address Pointer HB
   925                      <       	CMP		#.HIGH.D_Bank0UserRomEndAddr		;End High Byte
   926                      <       	BNE		L_IncreaseAdd1?
   927                      <       	
   928                      <       	LDA		R_ChecksumAddrPtr					;Address Pointer LB
   929                      <       	CMP		#.LOW.D_Bank0UserRomEndAddr			;End Low Byte
   930                      <       	BEQ		L_ExitRomSum1?
   931                      <       	
   932                      <       L_IncreaseAdd1?:
   933                      <       	INC		R_ChecksumAddrPtr					;Address Pointer LB
   934                      <       	BNE		L_ChecksumLoop1?
   935                      <       	INC		R_ChecksumAddrPtr + 1				;Address Pointer HB
   936                      <       	JMP		L_ChecksumLoop1?	
   937                      <       		
   938                      <       L_ExitRomSum1?:		
   939                      <       .IF (GPL815P04Ax+GPL815P04Bx+GPL815P03Ax+GPL815P03Bx)	
   940                      <       ;===================================Bank0H==============================================
   941                      <       	LDA		#.HIGH.D_Bank0HUserRomStartAddr
   942                      <       	STA		R_ChecksumAddrPtr + 1				;Start High Byte
   943                      <       	LDA		#.LOW.D_Bank0HUserRomStartAddr
   944                      <       	STA		R_ChecksumAddrPtr
   945                      <       	
   946                      <       L_ChecksumLoop1H?
   947                      <       	STA	   P_WDT_Clear	
   948                      <       	CLC
   949                      <       	LDA		(R_ChecksumAddrPtr),Y
   950                      <       	ADC		R_ChecksumResult					;Result Low Byte
   951                      <       	STA		R_ChecksumResult					;Result Low Byte
   952                      <       	BCC		L_CheckAddress1H?
   953                      <       	INC		R_ChecksumResult + 1				;Result Byte1
   954                      <       	BNE		L_CheckAddress1H?
   955                      <       	INC		R_ChecksumResult + 2				;Result Byte3
   956                      <       	BNE		L_CheckAddress1H?
   957                      <       	INC		R_ChecksumResult + 3				;Result Byte4
   958                      <       		
   959                      <       L_CheckAddress1H?:
   960                      <       	LDA		R_ChecksumAddrPtr + 1				;Address Pointer HB
   961                      <       	CMP		#.HIGH.D_Bank0HUserRomEndAddr		;End High Byte
   962                      <       	BNE		L_IncreaseAdd1H?
   963                      <       	
   964                      <       	LDA		R_ChecksumAddrPtr					;Address Pointer LB
   965                      <       	CMP		#.LOW.D_Bank0HUserRomEndAddr			;End Low Byte
   966                      <       	BEQ		L_ExitRomSum1H?
   967                      <       	
   968                      <       L_IncreaseAdd1H?:
   969                      <       	INC		R_ChecksumAddrPtr					;Address Pointer LB
   970                      <       	BNE		L_ChecksumLoop1H?
   971                      <       	INC		R_ChecksumAddrPtr + 1				;Address Pointer HB
   972                      <       	JMP		L_ChecksumLoop1H?	
   973                      <       		
   974                      <       L_ExitRomSum1H?:	
   975                      <       .ENDIF	
   976                      <       ;===================NMI & Reset Vector==================================================		
   977                      <       	LDA		#.HIGH.D_NMIandResetVectorStartAddr
   978                      <       	STA		R_ChecksumAddrPtr + 1				; Start High Byte
   979                      <       	LDA		#.LOW.D_NMIandResetVectorStartAddr
   980                      <       	STA		R_ChecksumAddrPtr					;Start Low Byte
   981                      <       		
   982                      <       L_ChecksumLoop2?
   983                      <       	STA	   P_WDT_Clear		
   984                      <       	CLC
   985                      <       	LDA		(R_ChecksumAddrPtr),Y
   986                      <       	ADC		R_ChecksumResult					;Result Low Byte
   987                      <       	STA		R_ChecksumResult					;Result Low Byte
   988                      <       	BCC		L_CheckAddress2?
   989                      <       	INC		R_ChecksumResult + 1				;Result Byte2
   990                      <       	BNE		L_CheckAddress2?
   991                      <       	INC		R_ChecksumResult + 2				;Result Byte3
   992                      <       	BNE		L_CheckAddress2?
   993                      <       	INC		R_ChecksumResult + 3				;Result Byte4
   994                      <       		
   995                      <       L_CheckAddress2?:
   996                      <       	LDA		R_ChecksumAddrPtr + 1				;Address Pointer HB
   997                      <       	CMP		#.HIGH.D_NMIandResetVectorEndAddr	;End High Byte
   998                      <       	BNE		L_IncreaseAdd2?
   999                      <       	
  1000                      <       	LDA		R_ChecksumAddrPtr					;Address Pointer LB
  1001                      <       	CMP		#.LOW.D_NMIandResetVectorEndAddr	;End Low Byte
  1002                      <       	BEQ		L_ExitRomSum2?
  1003                      <       	
  1004                      <       L_IncreaseAdd2?:
  1005                      <       	INC		R_ChecksumAddrPtr					;Address Pointer LB
  1006                      <       	BNE		L_ChecksumLoop2?
  1007                      <       	INC		R_ChecksumAddrPtr + 1				;Address Pointer HB
  1008                      <       	JMP		L_ChecksumLoop2?	
  1009                      <       		
  1010                      <       L_ExitRomSum2?:	
  1011                      <       	.ENDM
  1012                      <       
  1013                      <       	.ENDIF
  1014                      <       .endif
  1015                      <       	.ENDIF	
  1016                      <       
  1017                              .INCLUDE    	lcd\lcd.tab
  1018 0000F21F             <       lcdtab:		.section
  1019                      <       ;==============================
  1020                      <       C_Com0MinByteNum:	.EQU	0			;com0
  1021                      <       C_Com1MinByteNum:	.EQU	6			;com1
  1022                      <       C_Com2MinByteNum:	.EQU	12			;com2
  1023                      <       C_Com3MinByteNum:	.EQU	18			;com3
  1024                      <       C_Com4MinByteNum:	.EQU	24			;com4
  1025                      <       C_Com5MinByteNum:	.EQU	30			;com5
  1026                      <       lcd				equ	0   ;1为调试，0为实际的seg
  1027                      <       .IF	lcd
  1028                      <       ;$2000-------------------------------------
  1029                      <       C_Seg00:		.EQU	10000000B			;seg0
  1030                      <       C_Seg01:		.EQU	01000000B			;seg1
  1031                      <       C_Seg02:		.EQU	00100000B			;seg2
  1032                      <       C_Seg03:		.EQU	00010000B			;seg3
  1033                      <       C_Seg04:		.EQU	00001000B			;seg4
  1034                      <       C_Seg05:		.EQU	00000100B			;seg5
  1035                      <       C_Seg06:		.EQU	00000010B			;seg6
  1036                      <       C_Seg07:		.EQU	00000001B			;seg7
  1037                      <       ;$2001---------------------------------------
  1038                      <       C_Seg08:		.EQU	10000000B		;seg8
  1039                      <       C_Seg09:		.EQU	01000000B		;seg9
  1040                      <       C_Seg10:		.EQU	00100000B		;seg10
  1041                      <       C_Seg11:		.EQU	00010000B		;seg11
  1042                      <       C_Seg12:		.EQU	00001000B		;seg12
  1043                      <       C_Seg13:		.EQU	00000100B		;seg13
  1044                      <       C_Seg14:		.EQU	00000010B		;seg14
  1045                      <       C_Seg15:		.EQU	00000001B		;seg15
  1046                      <       ;2002---------------------------------------
  1047                      <       C_Seg16:		.EQU	10000000B		;seg16
  1048                      <       C_Seg17:		.EQU	01000000B		;seg17
  1049                      <       C_Seg18:		.EQU	00100000B		;seg18
  1050                      <       C_Seg19:		.EQU	00010000B		;seg19
  1051                      <       C_Seg20:		.EQU	00001000B		;seg20
  1052                      <       C_Seg21:		.EQU	00000100B		;seg21
  1053                      <       C_Seg22:		.EQU	00000010B		;seg22
  1054                      <       C_Seg23:		.EQU	00000001B		;seg23
  1055                      <       ;$2003----------------------------------------
  1056                      <       C_Seg24:		.EQU	10000000B		;seg24
  1057                      <       C_Seg25:		.EQU	01000000B		;seg25
  1058                      <       C_Seg26:		.EQU	00100000B		;seg26
  1059                      <       C_Seg27:		.EQU	00010000B		;seg27
  1060                      <       C_Seg28:		.EQU	00001000B		;seg28
  1061                      <       C_Seg29:		.EQU	00000100B		;seg29
  1062                      <       C_Seg30:		.EQU	00000010B		;seg30
  1063                      <       C_Seg31:		.EQU	00000001B		;seg31
  1064                      <       ;$2004----------------------------------------
  1065                      <       C_Seg32:		.EQU	10000000B		;seg32
  1066                      <       C_Seg33:		.EQU	01000000B		;seg33
  1067                      <       C_Seg34:		.EQU	00100000B		;seg34
  1068                      <       C_Seg35:		.EQU	00010000B		;seg35
  1069                      <       C_Seg36:		.EQU	00001000B		;seg36
  1070                      <       C_Seg37:		.EQU	00000100B		;seg37
  1071                      <       C_Seg38:		.EQU	00000010B		;seg38
  1072                      <       C_Seg39:		.EQU	00000001B		;seg39
  1073                      <       ;$2005----------------------------------------
  1074                      <       C_Seg40:		.EQU	10000000B		;seg40
  1075                      <       ;C_Seg41:		.EQU	01000000B		;seg41
  1076                      <       ;C_Seg42:		.EQU	00100000B		;seg42
  1077                      <       ;C_Seg43:		.EQU	00010000B		;seg43
  1078                      <       ;C_Seg44:		.EQU	00001000B		;seg44
  1079                      <       ;C_Seg45:		.EQU	00000100B		;seg45
  1080                      <       ;C_Seg46:		.EQU	00000010B		;seg46
  1081                      <       ;C_Seg47:		.EQU	00000001B		;seg47
  1082                      <       .ELSE
  1083                      <       C_Seg00:		.EQU	10000000B			;seg0
  1084                      <       C_Seg01:		.EQU	01000000B			;seg1
  1085                      <       C_Seg02:		.EQU	00100000B			;seg2
  1086                      <       C_Seg03:		.EQU	00010000B			;seg3
  1087                      <       C_Seg04:		.EQU	00001000B			;seg4
  1088                      <       C_Seg05:		.EQU	00000100B			;seg5
  1089                      <       C_Seg06:		.EQU	00000010B			;seg6
  1090                      <       C_Seg07:		.EQU	00000001B			;seg7
  1091                      <       ;$2001---------------------------------------
  1092                      <       C_Seg08:		.EQU	10000000B		;seg8
  1093                      <       C_Seg09:		.EQU	01000000B		;seg9
  1094                      <       C_Seg10:		.EQU	00100000B		;seg10
  1095                      <       C_Seg11:		.EQU	00010000B		;seg11
  1096                      <       C_Seg12:		.EQU	00001000B		;seg12
  1097                      <       C_Seg13:		.EQU	00000100B		;seg13
  1098                      <       C_Seg14:		.EQU	00000010B		;seg14
  1099                      <       C_Seg15:		.EQU	00000001B		;seg15
  1100                      <       ;2002---------------------------------------
  1101                      <       C_Seg16:		.EQU	00001000B		;seg20
  1102                      <       C_Seg17:		.EQU	00000100B		;seg21
  1103                      <       C_Seg18:		.EQU	00000010B		;seg22
  1104                      <       C_Seg19:		.EQU	00000001B		;seg23
  1105                      <       ;$2003----------------------------------------
  1106                      <       C_Seg20:		.EQU	10000000B		;seg24
  1107                      <       C_Seg21:		.EQU	01000000B		;seg25
  1108                      <       C_Seg22:		.EQU	00100000B		;seg26
  1109                      <       C_Seg23:		.EQU	00010000B		;seg27
  1110                      <       C_Seg24:		.EQU	00001000B		;seg28
  1111                      <       C_Seg25:		.EQU	00000100B		;seg29
  1112                      <       C_Seg26:		.EQU	00000010B		;seg30
  1113                      <       C_Seg27:		.EQU	00000001B		;seg31
  1114                      <       ;$2004----------------------------------------
  1115                      <       C_Seg28:		.EQU	10000000B		;seg32
  1116                      <       C_Seg29:		.EQU	01000000B		;seg33
  1117                      <       C_Seg30:		.EQU	00100000B		;seg34
  1118                      <       C_Seg31:		.EQU	00010000B		;seg35
  1119                      <       C_Seg32:		.EQU	00001000B		;seg36
  1120                      <       C_Seg33:		.EQU	00000100B		;seg37
  1121                      <       C_Seg34:		.EQU	00000010B		;seg38
  1122                      <       C_Seg35:		.EQU	00000001B		;seg39
  1123                      <       ;$2005----------------------------------------
  1124                      <       C_Seg36:		.EQU	10000000B		;seg40
  1125                      <       C_Seg37:		.EQU	01000000B		;seg41
  1126                      <       C_Seg38:		.EQU	00100000B		;seg42
  1127                      <       C_Seg39:		.EQU	00010000B		;seg43
  1128                      <       C_Seg40:		.EQU	00001000B		;seg44
  1129                      <       
  1130                      <       .ENDIF
  1131                      <       
  1132                      <       com0            EQU	0
  1133                      <       com1            EQU	6
  1134                      <       com2            EQU	12
  1135                      <       com3            EQU	18
  1136                      <       com4            EQU	24
  1137                      <       com5            EQU	30
  1138                      <       	;LCD1  ---------------------------------------
  1139                      <       .IF	lcd
  1140                      <       seg00				EQU 0
  1141                      <       seg01				EQU 1
  1142                      <       seg02				EQU 2
  1143                      <       seg03				EQU 3
  1144                      <       seg04				EQU 4
  1145                      <       seg05				EQU 5
  1146                      <       seg06				EQU 6
  1147                      <       seg07				EQU 7
  1148                      <       seg08				EQU 8
  1149                      <       seg09				EQU 9
  1150                      <       seg10				EQU 10
  1151                      <       seg11				EQU 11
  1152                      <       seg12				EQU 12
  1153                      <       seg13				EQU 13
  1154                      <       seg14				EQU 14
  1155                      <       seg15				EQU 15
  1156                      <       seg16				EQU 16
  1157                      <       seg17				EQU 17
  1158                      <       seg18				EQU 18
  1159                      <       seg19				EQU 19
  1160                      <       seg20				EQU 20
  1161                      <       seg21				EQU 21
  1162                      <       seg22				EQU 22
  1163                      <       seg23				EQU 23
  1164                      <       seg24				EQU 24
  1165                      <       seg25				EQU 25
  1166                      <       seg26				EQU 26
  1167                      <       seg27				EQU 27
  1168                      <       seg28				EQU 28
  1169                      <       seg29				EQU 29
  1170                      <       seg30				EQU 30
  1171                      <       seg31				EQU 31
  1172                      <       seg32				EQU 32
  1173                      <       seg33				EQU 33
  1174                      <       seg34				EQU 34
  1175                      <       seg35				EQU 35
  1176                      <       seg36				EQU 36
  1177                      <       seg37				EQU 37
  1178                      <       seg38				EQU 38
  1179                      <       seg39				EQU 39
  1180                      <       seg40				EQU 40
  1181                      <       ;seg41				EQU 41
  1182                      <       ;seg42				EQU 42
  1183                      <       ;seg43				EQU 43
  1184                      <       ;seg44				EQU 44
  1185                      <       ;seg45				EQU 45
  1186                      <       .ELSE
  1187                      <       seg00				EQU 0
  1188                      <       seg01				EQU 1
  1189                      <       seg02				EQU 2
  1190                      <       seg03				EQU 3
  1191                      <       seg04				EQU 4
  1192                      <       seg05				EQU 5
  1193                      <       seg06				EQU 6
  1194                      <       seg07				EQU 7
  1195                      <       seg08				EQU 8
  1196                      <       seg09				EQU 9
  1197                      <       seg10				EQU 10
  1198                      <       seg11				EQU 11
  1199                      <       seg12				EQU 12
  1200                      <       seg13				EQU 13
  1201                      <       seg14				EQU 14
  1202                      <       seg15				EQU 15
  1203                      <       seg16				EQU 20
  1204                      <       seg17				EQU 21
  1205                      <       seg18				EQU 22
  1206                      <       seg19				EQU 23
  1207                      <       seg20				EQU 24
  1208                      <       seg21				EQU 25
  1209                      <       seg22				EQU 26
  1210                      <       seg23				EQU 27
  1211                      <       seg24				EQU 28
  1212                      <       seg25				EQU 29
  1213                      <       seg26				EQU 30
  1214                      <       seg27				EQU 31
  1215                      <       seg28				EQU 32
  1216                      <       seg29				EQU 33
  1217                      <       seg30				EQU 34
  1218                      <       seg31				EQU 35
  1219                      <       seg32				EQU 36
  1220                      <       seg33				EQU 37
  1221                      <       seg34				EQU 38
  1222                      <       seg35				EQU 39
  1223                      <       seg36				EQU 40
  1224                      <       seg37				EQU 41
  1225                      <       seg38				EQU 42
  1226                      <       seg39				EQU 43
  1227                      <       seg40				EQU 44
  1228                      <       .ENDIF
  1229                      <       ;------------------------------
  1230                      <       C_NotDispThisDigital:	.EQU	0AH
  1231                      <       
  1232 0000F21F             <       T_SevenSegCharBitMapTab:
  1233                      <       ;Dp,G,F,E,D,C,B,A	-->>
  1234                      <       ;	0,1,2,3,4
  1235 0000F21F 3F 06 5B 4F <       	DB	00111111B,00000110B,01011011B,01001111B,01100110B
                66         
  1236                      <       ;	5,6,7,8,9
  1237 0000F224 6D 7D 07 7F <       	DB	01101101B,01111101B,00000111B,01111111B,01101111B
                6F         
  1238                      <       ;	No display,'-','r','L','H'
  1239                      <       ;	a b c d e
  1240 0000F229 00 40 50 38 <       	DB	00000000B,01000000B,01010000B,00111000B,01110110B
                76         
  1241                      <       	
  1242                      <       ;;	No display,'O','N','r','h'
  1243                      <       ;;	a b c d e
  1244                      <       ;	DB	00000000B,00111111B,00110111B,01010000B,01110100B
  1245                      <       ;;   'F','A','-','L','P'
  1246                      <       ;;	f 10 11 12 13
  1247                      <       ;	DB	01110001B,01110111B,01000000B,00111000B,01110011B
  1248                      <       ;of bf
  1249                      <       ;on bc
  1250                      <       ;---
  1251                      <       ;DotNum:A,B,C,D,E,F,G,Dp
  1252                      <       ;format:byte index;mask bit、				
  1253 0000F22E             <       T_Digital0DispTab:							;hour  high 主
  1254 0000F22E 07          <       	DB	07h
  1255 0000F22F 0A 02       <       	DB	C_Com1MinByteNum+seg34/8, C_Seg34 ;adg
  1256 0000F231 16 01       <       	DB	C_Com3MinByteNum+seg35/8, C_Seg35 ;b
  1257 0000F233 22 01       <       	DB	C_Com5MinByteNum+seg35/8, C_Seg35 ;c
  1258 0000F235 22 02       <       	DB	C_Com5MinByteNum+seg34/8, C_Seg34 ;adg
  1259 0000F237 1C 02       <       	DB	C_Com4MinByteNum+seg34/8, C_Seg34 ;e
  1260 0000F239 10 02       <       	DB	C_Com2MinByteNum+seg34/8, C_Seg34 ;adg
  1261 0000F23B 16 02       <       	DB	C_Com3MinByteNum+seg34/8, C_Seg34 ;adg
  1262 0000F23D             <       T_Digital0DispTabEnd:
  1263                      <       ;---
  1264 0000F23D             <       T_Digital1DispTab:							;hour low 主
  1265 0000F23D 07          <       	DB	07h
  1266 0000F23E 0B 80       <       	DB	C_Com1MinByteNum+seg36/8, C_Seg36 ;a
  1267 0000F240 11 80       <       	DB	C_Com2MinByteNum+seg36/8, C_Seg36 ;b
  1268 0000F242 1D 80       <       	DB	C_Com4MinByteNum+seg36/8, C_Seg36 ;c
  1269 0000F244 23 80       <       	DB	C_Com5MinByteNum+seg36/8, C_Seg36 ;d
  1270 0000F246 1C 01       <       	DB	C_Com4MinByteNum+seg35/8, C_Seg35 ;e
  1271 0000F248 10 01       <       	DB	C_Com2MinByteNum+seg35/8, C_Seg35 ;f
  1272 0000F24A 17 80       <       	DB	C_Com3MinByteNum+seg36/8, C_Seg36 ;g
  1273 0000F24C             <       T_Digital1DispTabEnd:
  1274                      <       ;---
  1275 0000F24C             <       T_Digital2DispTab:							;min high 主
  1276 0000F24C 07          <       	DB	07h
  1277 0000F24D 11 20       <       	DB	C_Com2MinByteNum+seg38/8, C_Seg38 ;a
  1278 0000F24F 17 20       <       	DB	C_Com3MinByteNum+seg38/8, C_Seg38 ;b
  1279 0000F251 1D 20       <       	DB	C_Com4MinByteNum+seg38/8, C_Seg38 ;c
  1280 0000F253 23 20       <       	DB	C_Com5MinByteNum+seg38/8, C_Seg38 ;d
  1281 0000F255 23 40       <       	DB	C_Com5MinByteNum+seg37/8, C_Seg37 ;e
  1282 0000F257 17 40       <       	DB	C_Com3MinByteNum+seg37/8, C_Seg37 ;f
  1283 0000F259 1D 40       <       	DB	C_Com4MinByteNum+seg37/8, C_Seg37 ;g
  1284 0000F25B             <       T_Digital2DispTabEnd:
  1285                      <       ;---
  1286 0000F25B             <       T_Digital3DispTab:							;min low 主
  1287 0000F25B 07          <       	DB	07h
  1288 0000F25C 11 08       <       	DB	C_Com2MinByteNum+seg40/8, C_Seg40 ;a
  1289 0000F25E 17 08       <       	DB	C_Com3MinByteNum+seg40/8, C_Seg40 ;b
  1290 0000F260 1D 08       <       	DB	C_Com4MinByteNum+seg40/8, C_Seg40 ;c
  1291 0000F262 23 08       <       	DB	C_Com5MinByteNum+seg40/8, C_Seg40 ;d
  1292 0000F264 23 10       <       	DB	C_Com5MinByteNum+seg39/8, C_Seg39 ;e
  1293 0000F266 17 10       <       	DB	C_Com3MinByteNum+seg39/8, C_Seg39 ;f
  1294 0000F268 1D 10       <       	DB	C_Com4MinByteNum+seg39/8, C_Seg39 ;g
  1295 0000F26A             <       T_Digital3DispTabEnd:
  1296                      <       ; ================================
  1297                      <       ;
  1298                      <       ; ================================
  1299 0000F26A             <       T_Digital4DispTab:						;alarm hour high
  1300 0000F26A 07          <       	DB	07h
  1301 0000F26B 08 02       <       	DB	C_Com1MinByteNum+seg18/8, C_Seg18 ;adg
  1302 0000F26D 14 01       <       	DB	C_Com3MinByteNum+seg19/8, C_Seg19 ;b
  1303 0000F26F 20 01       <       	DB	C_Com5MinByteNum+seg19/8, C_Seg19 ;c
  1304 0000F271 20 02       <       	DB	C_Com5MinByteNum+seg18/8, C_Seg18 ;adg
  1305 0000F273 1A 02       <       	DB	C_Com4MinByteNum+seg18/8, C_Seg18 ;e
  1306 0000F275 0E 02       <       	DB	C_Com2MinByteNum+seg18/8, C_Seg18 ;f adg
  1307 0000F277 14 02       <       	DB	C_Com3MinByteNum+seg18/8, C_Seg18 ;g adg
  1308 0000F279             <       T_Digital4DispTabEnd:
  1309                      <       ;---
  1310 0000F279             <       T_Digital5DispTab:						;alarm hour low
  1311 0000F279 07          <       	DB	07h
  1312 0000F27A 09 80       <       	DB	C_Com1MinByteNum+seg20/8, C_Seg20 ;a
  1313 0000F27C 0F 80       <       	DB	C_Com2MinByteNum+seg20/8, C_Seg20 ;b
  1314 0000F27E 1B 80       <       	DB	C_Com4MinByteNum+seg20/8, C_Seg20 ;c
  1315 0000F280 21 80       <       	DB	C_Com5MinByteNum+seg20/8, C_Seg20 ;d
  1316 0000F282 1A 01       <       	DB	C_Com4MinByteNum+seg19/8, C_Seg19 ;e
  1317 0000F284 0E 01       <       	DB	C_Com2MinByteNum+seg19/8, C_Seg19 ;f
  1318 0000F286 15 80       <       	DB	C_Com3MinByteNum+seg20/8, C_Seg20 ;g
  1319 0000F288             <       T_Digital5DispTabEnd:
  1320                      <       ; ================================
  1321                      <       
  1322                      <       ; ================================
  1323 0000F288             <       T_Digital6DispTab:						;alarm minu high  
  1324 0000F288 07          <       	DB	07h
  1325 0000F289 09 40       <       	DB	C_Com1MinByteNum+seg21/8, C_Seg21 ;a
  1326 0000F28B 15 20       <       	DB	C_Com3MinByteNum+seg22/8, C_Seg22 ;b
  1327 0000F28D 21 20       <       	DB	C_Com5MinByteNum+seg22/8, C_Seg22 ;c
  1328 0000F28F 21 40       <       	DB	C_Com5MinByteNum+seg21/8, C_Seg21 ;d
  1329 0000F291 1B 40       <       	DB	C_Com4MinByteNum+seg21/8, C_Seg21 ;e
  1330 0000F293 0F 40       <       	DB	C_Com2MinByteNum+seg21/8, C_Seg21 ;f
  1331 0000F295 15 40       <       	DB	C_Com3MinByteNum+seg21/8, C_Seg21 ;g
  1332 0000F297             <       T_Digital6DispTabEnd:
  1333                      <       ;---
  1334 0000F297             <       T_Digital7DispTab:						;alarm minu low  
  1335 0000F297 07          <       	DB	07h
  1336 0000F298 09 10       <       	DB	C_Com1MinByteNum+seg23/8, C_Seg23 ;a
  1337 0000F29A 0F 10       <       	DB	C_Com2MinByteNum+seg23/8, C_Seg23 ;b
  1338 0000F29C 1B 10       <       	DB	C_Com4MinByteNum+seg23/8, C_Seg23 ;c
  1339 0000F29E 21 10       <       	DB	C_Com5MinByteNum+seg23/8, C_Seg23 ;d
  1340 0000F2A0 1B 20       <       	DB	C_Com4MinByteNum+seg22/8, C_Seg22 ;e
  1341 0000F2A2 0F 20       <       	DB	C_Com2MinByteNum+seg22/8, C_Seg22 ;f
  1342 0000F2A4 15 10       <       	DB	C_Com3MinByteNum+seg23/8, C_Seg23 ;g
  1343 0000F2A6             <       T_Digital7DispTabEnd:
  1344                      <       	
  1345                      <       ; ================================
  1346                      <       
  1347                      <       ; ================================
  1348 0000F2A6             <       T_Digital8DispTab:						;timer hour high  
  1349 0000F2A6 07          <       	DB	07h
  1350 0000F2A7 06 10       <       	DB	C_Com1MinByteNum+seg03/8, C_Seg03 ;a
  1351 0000F2A9 00 10       <       	DB	C_Com0MinByteNum+seg03/8, C_Seg03 ;b
  1352 0000F2AB 00 04       <       	DB	C_Com0MinByteNum+seg05/8, C_Seg05 ;c
  1353 0000F2AD 06 02       <       	DB	C_Com1MinByteNum+seg06/8, C_Seg06 ;d
  1354 0000F2AF 06 04       <       	DB	C_Com1MinByteNum+seg05/8, C_Seg05 ;e
  1355 0000F2B1 06 08       <       	DB	C_Com1MinByteNum+seg04/8, C_Seg04 ;f
  1356 0000F2B3 00 08       <       	DB	C_Com0MinByteNum+seg04/8, C_Seg04 ;g
  1357 0000F2B5             <       T_Digital8DispTabEnd:
  1358                      <       ;---
  1359 0000F2B5             <       T_Digital9DispTab:						;timer hour low 
  1360 0000F2B5 07          <       	DB	07h
  1361 0000F2B6 06 40       <       	DB	C_Com1MinByteNum+seg01/8, C_Seg01 ;a
  1362 0000F2B8 00 40       <       	DB	C_Com0MinByteNum+seg01/8, C_Seg01 ;b
  1363 0000F2BA 00 01       <       	DB  C_Com0MinByteNum+seg07/8, C_Seg07 ;c
  1364 0000F2BC 06 01       <       	DB	C_Com1MinByteNum+seg07/8, C_Seg07 ;d
  1365 0000F2BE 00 02       <       	DB	C_Com0MinByteNum+seg06/8, C_Seg06 ;e
  1366 0000F2C0 06 20       <       	DB	C_Com1MinByteNum+seg02/8, C_Seg02 ;f
  1367 0000F2C2 00 20       <       	DB	C_Com0MinByteNum+seg02/8, C_Seg02 ;g
  1368 0000F2C4             <       T_Digital9DispTabEnd:
  1369                      <       ; ================================
  1370                      <       
  1371                      <       ; ================================
  1372 0000F2C4             <       T_Digital10DispTab:						;timer min high    
  1373 0000F2C4 07          <       	DB	07h
  1374 0000F2C5 00 80       <       	DB	C_Com0MinByteNum+seg00/8, C_Seg00 ;a
  1375 0000F2C7 03 01       <       	DB	C_Com0MinByteNum+seg27/8, C_Seg27 ;b
  1376 0000F2C9 07 10       <       	DB	C_Com1MinByteNum+seg11/8, C_Seg11 ;c
  1377 0000F2CB 07 20       <       	DB	C_Com1MinByteNum+seg10/8, C_Seg10 ;d
  1378 0000F2CD 01 20       <       	DB	C_Com0MinByteNum+seg10/8, C_Seg10 ;e
  1379 0000F2CF 06 80       <       	DB	C_Com1MinByteNum+seg00/8, C_Seg00 ;f
  1380 0000F2D1 01 10       <       	DB	C_Com0MinByteNum+seg11/8, C_Seg11 ;g
  1381 0000F2D3             <       T_Digital10DispTabEnd:
  1382                      <       ;;---
  1383 0000F2D3             <       T_Digital11DispTab:						;timer min low  
  1384 0000F2D3 07          <       	DB	07h
  1385 0000F2D4 07 01       <       	DB	C_Com1MinByteNum+seg15/8, C_Seg15 ;a
  1386 0000F2D6 01 01       <       	DB	C_Com0MinByteNum+seg15/8, C_Seg15 ;b
  1387 0000F2D8 01 02       <       	DB	C_Com0MinByteNum+seg14/8, C_Seg14 ;c
  1388 0000F2DA 01 04       <       	DB	C_Com0MinByteNum+seg13/8, C_Seg13 ;d
  1389 0000F2DC 01 08       <       	DB	C_Com0MinByteNum+seg12/8, C_Seg12 ;e
  1390 0000F2DE 08 08       <       	DB	C_Com1MinByteNum+seg16/8, C_Seg16 ;f
  1391 0000F2E0 02 08       <       	DB	C_Com0MinByteNum+seg16/8, C_Seg16 ;g
  1392 0000F2E2             <       T_Digital11DispTabEnd:
  1393                      <       ; ================================
  1394                      <       
  1395                      <       ; ================================
  1396 0000F2E2             <       T_Digital12DispTab:						;day high  
  1397 0000F2E2 07          <       	DB	07h
  1398 0000F2E3 0A 10       <       	DB	C_Com1MinByteNum+seg31/8, C_Seg31 ;a adg
  1399 0000F2E5 16 08       <       	DB	C_Com3MinByteNum+seg32/8, C_Seg32 ;b
  1400 0000F2E7 22 08       <       	DB	C_Com5MinByteNum+seg32/8, C_Seg32 ;c
  1401 0000F2E9 22 10       <       	DB	C_Com5MinByteNum+seg31/8, C_Seg31 ;d adg
  1402 0000F2EB 1C 10       <       	DB	C_Com4MinByteNum+seg31/8, C_Seg31 ;e
  1403 0000F2ED 10 10       <       	DB	C_Com2MinByteNum+seg31/8, C_Seg31 ;f
  1404 0000F2EF 16 10       <       	DB	C_Com3MinByteNum+seg31/8, C_Seg31 ;d adg
  1405 0000F2F1             <       T_Digital12DispTabEnd:
  1406                      <       ;---
  1407 0000F2F1             <       T_Digital13DispTab:						;day low 
  1408 0000F2F1 07          <       	DB	07h
  1409 0000F2F2 0A 04       <       	DB	C_Com1MinByteNum+seg33/8, C_Seg33 ;a
  1410 0000F2F4 10 04       <       	DB	C_Com2MinByteNum+seg33/8, C_Seg33 ;b
  1411 0000F2F6 1C 04       <       	DB	C_Com4MinByteNum+seg33/8, C_Seg33 ;c
  1412 0000F2F8 22 04       <       	DB	C_Com5MinByteNum+seg33/8, C_Seg33 ;d
  1413 0000F2FA 1C 08       <       	DB	C_Com4MinByteNum+seg32/8, C_Seg32 ;e
  1414 0000F2FC 10 08       <       	DB	C_Com2MinByteNum+seg32/8, C_Seg32 ;f
  1415 0000F2FE 16 04       <       	DB	C_Com3MinByteNum+seg33/8, C_Seg33 ;g
  1416 0000F300             <       T_Digital13DispTabEnd:
  1417                      <       ; ================================
  1418                      <       ;
  1419                      <       ; ================================
  1420 0000F300             <       T_Digital14DispTab:							;month high
  1421 0000F300 07          <       	DB	07h
  1422 0000F301 0A 80       <       	DB	C_Com1MinByteNum+seg28/8, C_Seg28 ;a
  1423 0000F303 16 40       <       	DB	C_Com3MinByteNum+seg29/8, C_Seg29 ;b
  1424 0000F305 22 40       <       	DB	C_Com5MinByteNum+seg29/8, C_Seg29 ;c
  1425 0000F307 22 80       <       	DB	C_Com5MinByteNum+seg28/8, C_Seg28 ;d
  1426 0000F309 1C 80       <       	DB	C_Com4MinByteNum+seg28/8, C_Seg28 ;e
  1427 0000F30B 10 80       <       	DB	C_Com2MinByteNum+seg28/8, C_Seg28 ;f
  1428 0000F30D 16 80       <       	DB	C_Com3MinByteNum+seg28/8, C_Seg28 ;g
  1429 0000F30F             <       T_Digital14DispTabEnd:
  1430                      <       ;---
  1431 0000F30F             <       T_Digital15DispTab:							;month low
  1432 0000F30F 07          <       	DB	07h
  1433 0000F310 0A 20       <       	DB	C_Com1MinByteNum+seg30/8, C_Seg30 ;a
  1434 0000F312 10 20       <       	DB	C_Com2MinByteNum+seg30/8, C_Seg30 ;b
  1435 0000F314 1C 20       <       	DB	C_Com4MinByteNum+seg30/8, C_Seg30 ;c
  1436 0000F316 22 20       <       	DB	C_Com5MinByteNum+seg30/8, C_Seg30 ;d
  1437 0000F318 1C 40       <       	DB	C_Com4MinByteNum+seg29/8, C_Seg29 ;e
  1438 0000F31A 10 40       <       	DB	C_Com2MinByteNum+seg29/8, C_Seg29 ;f
  1439 0000F31C 16 20       <       	DB	C_Com3MinByteNum+seg30/8, C_Seg30 ;g
  1440 0000F31E             <       T_Digital15DispTabEnd:
  1441                      <       ; ================================
  1442                      <       ;
  1443                      <       ; ================================
  1444 0000F31E             <       T_Digital16DispTab:						;Year high  
  1445 0000F31E 07          <       	DB	07h
  1446 0000F31F 09 08       <       	DB	C_Com1MinByteNum+seg24/8, C_Seg24 ;a
  1447 0000F321 15 04       <       	DB	C_Com3MinByteNum+seg25/8, C_Seg25 ;b
  1448 0000F323 21 04       <       	DB	C_Com5MinByteNum+seg25/8, C_Seg25 ;c
  1449 0000F325 21 08       <       	DB	C_Com5MinByteNum+seg24/8, C_Seg24 ;d
  1450 0000F327 1B 08       <       	DB	C_Com4MinByteNum+seg24/8, C_Seg24 ;e
  1451 0000F329 0F 08       <       	DB	C_Com2MinByteNum+seg24/8, C_Seg24 ;f
  1452 0000F32B 15 08       <       	DB	C_Com3MinByteNum+seg24/8, C_Seg24 ;g
  1453 0000F32D             <       T_Digital16DispTabEnd:
  1454                      <       ;---
  1455 0000F32D             <       T_Digital17DispTab:						;year low  
  1456 0000F32D 07          <       	DB	07h
  1457 0000F32E 09 02       <       	DB	C_Com1MinByteNum+seg26/8, C_Seg26 ;a
  1458 0000F330 0F 02       <       	DB	C_Com2MinByteNum+seg26/8, C_Seg26 ;b
  1459 0000F332 1B 02       <       	DB	C_Com4MinByteNum+seg26/8, C_Seg26 ;c
  1460 0000F334 21 02       <       	DB	C_Com5MinByteNum+seg26/8, C_Seg26 ;d
  1461 0000F336 1B 04       <       	DB	C_Com4MinByteNum+seg25/8, C_Seg25 ;e
  1462 0000F338 0F 04       <       	DB	C_Com2MinByteNum+seg25/8, C_Seg25 ;f
  1463 0000F33A 15 02       <       	DB	C_Com3MinByteNum+seg26/8, C_Seg26 ;g
  1464 0000F33C             <       T_Digital17DispTabEnd:
  1465                      <       ;	
  1466                      <       ;;========================================
  1467                      <       ;T_Digital18DispTab:						;13 8字->YeH
  1468                      <       ;	DB	07h
  1469                      <       ;	DB	C_Com0MinByteNum+seg20/8, C_Seg20 ;a
  1470                      <       ;	DB	C_Com2MinByteNum+seg21/8, C_Seg21 ;b
  1471                      <       ;	DB	C_Com4MinByteNum+seg21/8, C_Seg21 ;c
  1472                      <       ;	DB	C_Com4MinByteNum+seg20/8, C_Seg20 ;d
  1473                      <       ;	DB	C_Com3MinByteNum+seg20/8, C_Seg20 ;e
  1474                      <       ;	DB	C_Com1MinByteNum+seg20/8, C_Seg20 ;f
  1475                      <       ;	DB	C_Com2MinByteNum+seg20/8, C_Seg20 ;g
  1476                      <       ;T_Digital18DispTabEnd:
  1477                      <       ;;==============================
  1478                      <       ;;========================================
  1479                      <       ;T_Digital19DispTab:						;alarm NO 残缺8字->YeL
  1480                      <       ;	DB	07h
  1481                      <       ;	DB	C_Com0MinByteNum+seg22/8, C_Seg22 ;a 
  1482                      <       ;	DB	C_Com1MinByteNum+seg22/8, C_Seg22 ;b
  1483                      <       ;	DB	C_Com3MinByteNum+seg22/8, C_Seg22 ;c
  1484                      <       ;	DB	C_Com4MinByteNum+seg22/8, C_Seg22 ;d 
  1485                      <       ;	DB	C_Com3MinByteNum+seg21/8, C_Seg21 ;e
  1486                      <       ;	DB	C_Com1MinByteNum+seg21/8, C_Seg21 ;f 
  1487                      <       ;	DB	C_Com2MinByteNum+seg22/8, C_Seg22 ;g 
  1488                      <       ;T_Digital19DispTabEnd:
  1489                      <       ;	
  1490                      <       ;;========================================
  1491                      <       ;T_Digital20DispTab:						;TEMP DIGIT->HumH
  1492                      <       ;	DB	07h
  1493                      <       ;	DB	C_Com4MinByteNum+seg17/8, C_Seg17 ;a 
  1494                      <       ;	DB	C_Com2MinByteNum+seg18/8, C_Seg18 ;b
  1495                      <       ;	DB	C_Com0MinByteNum+seg18/8, C_Seg18 ;c
  1496                      <       ;	DB	C_Com0MinByteNum+seg17/8, C_Seg17 ;d 
  1497                      <       ;	DB	C_Com1MinByteNum+seg17/8, C_Seg17 ;e
  1498                      <       ;	DB	C_Com3MinByteNum+seg17/8, C_Seg17 ;f 
  1499                      <       ;	DB	C_Com2MinByteNum+seg17/8, C_Seg17 ;g 
  1500                      <       ;T_Digital20DispTabEnd:
  1501                      <       ;
  1502                      <       ;T_Digital21DispTab:						;TEMP DIGIT->HumL
  1503                      <       ;	DB	07h
  1504                      <       ;	DB	C_Com4MinByteNum+seg19/8, C_Seg19 ;a 
  1505                      <       ;	DB	C_Com3MinByteNum+seg19/8, C_Seg19 ;b
  1506                      <       ;	DB	C_Com1MinByteNum+seg19/8, C_Seg19 ;c
  1507                      <       ;	DB	C_Com0MinByteNum+seg19/8, C_Seg19 ;d 
  1508                      <       ;	DB	C_Com1MinByteNum+seg18/8, C_Seg18 ;e
  1509                      <       ;	DB	C_Com3MinByteNum+seg18/8, C_Seg18 ;f 
  1510                      <       ;	DB	C_Com2MinByteNum+seg19/8, C_Seg19 ;g 
  1511                      <       ;T_Digital21DispTabEnd:
  1512                      <       ;;==============================	
  1513                      <       ;;========================================
  1514                      <       ;T_Digital22DispTab:						;ADate
  1515                      <       ;	DB	07h
  1516                      <       ;	DB	C_Com4MinByteNum+seg13/8, C_Seg13 ;a 
  1517                      <       ;	DB	C_Com3MinByteNum+seg13/8, C_Seg13 ;b
  1518                      <       ;	DB	C_Com1MinByteNum+seg13/8, C_Seg13 ;c
  1519                      <       ;	DB	C_Com0MinByteNum+seg13/8, C_Seg13 ;d 
  1520                      <       ;	DB	C_Com2MinByteNum+seg13/8, C_Seg13 ;e
  1521                      <       ;	DB	C_Com4MinByteNum+seg12/8, C_Seg12 ;f 
  1522                      <       ;	DB	C_Com2MinByteNum+seg13/8, C_Seg13 ;g 
  1523                      <       ;T_Digital22DispTabEnd:
  1524                      <       ;;========================================
  1525                      <       ;T_Digital23DispTab:						;T_ANumber
  1526                      <       ;	DB	07h
  1527                      <       ;	DB	C_Com4MinByteNum+seg06/8, C_Seg6 ;a 
  1528                      <       ;	DB	C_Com3MinByteNum+seg06/8, C_Seg6 ;b
  1529                      <       ;	DB	C_Com1MinByteNum+seg06/8, C_Seg6 ;c
  1530                      <       ;	DB	C_Com0MinByteNum+seg06/8, C_Seg6 ;d 
  1531                      <       ;	DB	C_Com2MinByteNum+seg05/8, C_Seg5 ;e
  1532                      <       ;	DB	C_Com0MinByteNum+seg29/8, C_Seg29 ;f 
  1533                      <       ;	DB	C_Com2MinByteNum+seg06/8, C_Seg6 ;g 
  1534                      <       ;T_Digital23DispTabEnd:
  1535                      <       ;	
  1536 0000F33C             <       T_DigitalnoneDispTab:						;补位
  1537 0000F33C 80          <       	DB	80h
  1538 0000F33D             <       T_DigitalnoneDispTabEnd:
  1539                      <       ;==============================	
  1540                      <       ;-------------------秒----------------------------
  1541 0000F33D             <       T_60Icon:
  1542                      <       	T_POINT1:	EQU	$-T_60Icon				;					
  1543 0000F33D 09 01       <       		DB	C_Com1MinByteNum+seg27/8,C_Seg27		;1		;1
  1544                      <       	T_POINT2:	EQU	$-T_60Icon	
  1545 0000F33F 0E 08       <       		DB	C_Com2MinByteNum+seg16/8,C_Seg16		;2		;2
  1546                      <       	T_POINT3:	EQU	$-T_60Icon	
  1547 0000F341 1A 08       <       		DB	C_Com4MinByteNum+seg16/8,C_Seg16		;3		;3
  1548                      <       	T_POINT4:	EQU	$-T_60Icon	
  1549 0000F343 20 08       <       		DB	C_Com5MinByteNum+seg16/8,C_Seg16		;4		;4	
  1550                      <       	T_POINT5:	EQU	$-T_60Icon	
  1551 0000F345 13 01       <       		DB	C_Com3MinByteNum+seg15/8,C_Seg15		;5		;5
  1552                      <       	T_POINT6:	EQU	$-T_60Icon		
  1553 0000F347 19 01       <       		DB	C_Com4MinByteNum+seg15/8,C_Seg15		;6		;6
  1554                      <       	T_POINT7:	EQU	$-T_60Icon	
  1555 0000F349 1F 01       <       		DB	C_Com5MinByteNum+seg15/8,C_Seg15		;7		;7
  1556                      <       	T_POINT8:	EQU	$-T_60Icon	
  1557 0000F34B 1F 02       <       		DB	C_Com5MinByteNum+seg14/8,C_Seg14		;8		;8
  1558                      <       	T_POINT9:	EQU	$-T_60Icon	
  1559 0000F34D 19 02       <       		DB	C_Com4MinByteNum+seg14/8,C_Seg14		;9		;9	
  1560                      <       	T_POINT10:	EQU	$-T_60Icon	
  1561 0000F34F 13 02       <       		DB	C_Com3MinByteNum+seg14/8,C_Seg14		;10		;a
  1562                      <       	T_POINT11:	EQU	$-T_60Icon		
  1563 0000F351 0D 02       <       		DB	C_Com2MinByteNum+seg14/8,C_Seg14		;11		;b
  1564                      <       	T_POINT12:	EQU	$-T_60Icon	
  1565 0000F353 0D 04       <       		DB	C_Com2MinByteNum+seg13/8,C_Seg13		;12		;c
  1566                      <       	T_POINT13:	EQU	$-T_60Icon	
  1567 0000F355 13 04       <       		DB	C_Com3MinByteNum+seg13/8,C_Seg13		;13		;d
  1568                      <       	T_POINT14:	EQU	$-T_60Icon	
  1569 0000F357 19 04       <       		DB	C_Com4MinByteNum+seg13/8,C_Seg13		;14		;e
  1570                      <       	T_POINT15:	EQU	$-T_60Icon	
  1571 0000F359 1F 04       <       		DB	C_Com5MinByteNum+seg13/8,C_Seg13		;15		;f
  1572                      <       	T_POINT16:	EQU	$-T_60Icon		
  1573 0000F35B 1F 08       <       		DB	C_Com5MinByteNum+seg12/8,C_Seg12		;16		;10
  1574                      <       	T_POINT17:	EQU	$-T_60Icon	
  1575 0000F35D 19 08       <       		DB	C_Com4MinByteNum+seg12/8,C_Seg12		;17		;11
  1576                      <       	T_POINT18:	EQU	$-T_60Icon		
  1577 0000F35F 13 08       <       		DB	C_Com3MinByteNum+seg12/8,C_Seg12		;18		;12
  1578                      <       	T_POINT19:	EQU	$-T_60Icon	
  1579 0000F361 0D 08       <       		DB	C_Com2MinByteNum+seg12/8,C_Seg12		;19		;13
  1580                      <       	T_POINT20:	EQU	$-T_60Icon		
  1581 0000F363 13 10       <       		DB	C_Com3MinByteNum+seg11/8,C_Seg11		;20		;14
  1582                      <       	T_POINT21:	EQU	$-T_60Icon			
  1583 0000F365 19 10       <       		DB	C_Com4MinByteNum+seg11/8,C_Seg11		;21		;15
  1584                      <       	T_POINT22:	EQU	$-T_60Icon		
  1585 0000F367 1F 10       <       		DB	C_Com5MinByteNum+seg11/8,C_Seg11		;22		;16
  1586                      <       	T_POINT23:	EQU	$-T_60Icon	
  1587 0000F369 1F 20       <       		DB	C_Com5MinByteNum+seg10/8,C_Seg10		;23		;17
  1588                      <       	T_POINT24:	EQU	$-T_60Icon	
  1589 0000F36B 19 20       <       		DB	C_Com4MinByteNum+seg10/8,C_Seg10		;24		;18
  1590                      <       	T_POINT25:	EQU	$-T_60Icon	
  1591 0000F36D 13 20       <       		DB	C_Com3MinByteNum+seg10/8,C_Seg10		;25		;19
  1592                      <       	T_POINT26:	EQU	$-T_60Icon
  1593 0000F36F 0D 20       <       		DB	C_Com2MinByteNum+seg10/8,C_Seg10		;26		;1a
  1594                      <       	T_POINT27:	EQU	$-T_60Icon	
  1595 0000F371 0D 40       <       		DB	C_Com2MinByteNum+seg09/8,C_Seg09		 ;27
  1596                      <       	T_POINT28:	EQU	$-T_60Icon	
  1597 0000F373 13 40       <       		DB	C_Com3MinByteNum+seg09/8,C_Seg09		;28		;1c
  1598                      <       	T_POINT29:	EQU	$-T_60Icon	
  1599 0000F375 19 40       <       		DB	C_Com4MinByteNum+seg09/8,C_Seg09		;29		;1d
  1600                      <       	T_POINT30:	EQU	$-T_60Icon	
  1601 0000F377 1F 40       <       		DB	C_Com5MinByteNum+seg09/8,C_Seg09		;30		;1e	
  1602                      <       	T_POINT31:	EQU	$-T_60Icon	
  1603 0000F379 1F 80       <       		DB	C_Com5MinByteNum+seg08/8,C_Seg08		;31		;1f
  1604                      <       	T_POINT32:	EQU	$-T_60Icon	
  1605 0000F37B 19 80       <       		DB	C_Com4MinByteNum+seg08/8,C_Seg08		;32		;20
  1606                      <       	T_POINT33:	EQU	$-T_60Icon	
  1607 0000F37D 13 80       <       		DB	C_Com3MinByteNum+seg08/8,C_Seg08		;33		;8
  1608                      <       	T_POINT34:	EQU	$-T_60Icon	
  1609 0000F37F 0D 80       <       		DB	C_Com2MinByteNum+seg08/8,C_Seg08		;34		;9	
  1610                      <       	T_POINT35:	EQU	$-T_60Icon	
  1611 0000F381 12 01       <       		DB	C_Com3MinByteNum+seg07/8,C_Seg07		;10		;a
  1612                      <       	T_POINT36:	EQU	$-T_60Icon		
  1613 0000F383 18 01       <       		DB	C_Com4MinByteNum+seg07/8,C_Seg07		;11		;b
  1614                      <       	T_POINT37:	EQU	$-T_60Icon	
  1615 0000F385 1E 01       <       		DB	C_Com5MinByteNum+seg07/8,C_Seg07		;12		;c
  1616                      <       	T_POINT38:	EQU	$-T_60Icon	
  1617 0000F387 1E 02       <       		DB	C_Com5MinByteNum+seg06/8,C_Seg06		;13		;d
  1618                      <       	T_POINT39:	EQU	$-T_60Icon	
  1619 0000F389 18 02       <       		DB	C_Com4MinByteNum+seg06/8,C_Seg06		;14		;e
  1620                      <       	T_POINT40:	EQU	$-T_60Icon	
  1621 0000F38B 0C 02       <       		DB	C_Com2MinByteNum+seg06/8,C_Seg06		;15		;f
  1622                      <       	T_POINT41:	EQU	$-T_60Icon		
  1623 0000F38D 1E 02       <       		DB	C_Com5MinByteNum+seg06/8,C_Seg06		;16		;10
  1624                      <       	T_POINT42:	EQU	$-T_60Icon	
  1625 0000F38F 12 04       <       		DB	C_Com3MinByteNum+seg05/8,C_Seg05		;17		;11
  1626                      <       	T_POINT43:	EQU	$-T_60Icon		
  1627 0000F391 18 04       <       		DB	C_Com4MinByteNum+seg05/8,C_Seg05		;18		;12
  1628                      <       	T_POINT44:	EQU	$-T_60Icon	
  1629 0000F393 1E 04       <       		DB	C_Com5MinByteNum+seg05/8,C_Seg05		;19		;13
  1630                      <       	T_POINT45:	EQU	$-T_60Icon		
  1631 0000F395 1E 08       <       		DB	C_Com5MinByteNum+seg04/8,C_Seg04		;20		;14
  1632                      <       	T_POINT46:	EQU	$-T_60Icon			
  1633 0000F397 18 08       <       		DB	C_Com4MinByteNum+seg04/8,C_Seg04		;21		;15
  1634                      <       	T_POINT47:	EQU	$-T_60Icon		
  1635 0000F399 12 08       <       		DB	C_Com3MinByteNum+seg04/8,C_Seg04		;22		;16
  1636                      <       	T_POINT48:	EQU	$-T_60Icon	
  1637 0000F39B 0C 08       <       		DB	C_Com2MinByteNum+seg04/8,C_Seg04		;23		;17
  1638                      <       	T_POINT49:	EQU	$-T_60Icon	
  1639 0000F39D 12 10       <       		DB	C_Com3MinByteNum+seg03/8,C_Seg03		;24		;18
  1640                      <       	T_POINT50:	EQU	$-T_60Icon	
  1641 0000F39F 18 10       <       		DB	C_Com4MinByteNum+seg03/8,C_Seg03		;25		;19
  1642                      <       	T_POINT51:	EQU	$-T_60Icon
  1643 0000F3A1 1E 10       <       		DB	C_Com5MinByteNum+seg03/8,C_Seg03		;26		;1a
  1644                      <       	T_POINT52:	EQU	$-T_60Icon	
  1645 0000F3A3 1E 20       <       		DB	C_Com5MinByteNum+seg02/8,C_Seg02		 ;27
  1646                      <       	T_POINT53:	EQU	$-T_60Icon	
  1647 0000F3A5 18 20       <       		DB	C_Com4MinByteNum+seg02/8,C_Seg02		;28		;1c
  1648                      <       	T_POINT54:	EQU	$-T_60Icon	
  1649 0000F3A7 12 20       <       		DB	C_Com3MinByteNum+seg02/8,C_Seg02		;29		;1d
  1650                      <       	T_POINT55:	EQU	$-T_60Icon	
  1651 0000F3A9 12 40       <       		DB	C_Com3MinByteNum+seg01/8,C_Seg01		;30		;1e	
  1652                      <       	T_POINT56:	EQU	$-T_60Icon	
  1653 0000F3AB 18 40       <       		DB	C_Com4MinByteNum+seg01/8,C_Seg01		;31		;1f
  1654                      <       	T_POINT57:	EQU	$-T_60Icon	
  1655 0000F3AD 1E 40       <       		DB	C_Com5MinByteNum+seg01/8,C_Seg01		;32		;20	
  1656                      <       	T_POINT58:	EQU	$-T_60Icon	
  1657 0000F3AF 1E 80       <       		DB	C_Com5MinByteNum+seg00/8,C_Seg00		;30		;1e	
  1658                      <       	T_POINT59:	EQU	$-T_60Icon	
  1659 0000F3B1 18 80       <       		DB	C_Com4MinByteNum+seg00/8,C_Seg00		;31		;1f
  1660                      <       	T_POINT60:	EQU	$-T_60Icon	
  1661 0000F3B3 12 80       <       		DB	C_Com3MinByteNum+seg00/8,C_Seg00		;32		;20	
  1662                      <       
  1663 0000F3B5             <       T_60IconEnd:	
  1664 0000F3B5             <       T_12Icon:
  1665                      <       	T_0_5:		equ	$-T_12Icon			
  1666 0000F3B5 0D 01       <       		DB	com2+seg15/8,C_Seg15
  1667                      <       	T_5_10:		equ	$-T_12Icon			
  1668 0000F3B7 07 02       <       		DB	com1+seg14/8,C_Seg14
  1669                      <       	T_10_15:	equ	$-T_12Icon			
  1670 0000F3B9 07 04       <       		DB	com1+seg13/8,C_Seg13
  1671                      <       	T_15_20:	equ	$-T_12Icon			
  1672 0000F3BB 07 08       <       		DB	com1+seg12/8,C_Seg12
  1673                      <       	T_20_25:	equ	$-T_12Icon			
  1674 0000F3BD 0D 10       <       		DB	com2+seg11/8,C_Seg11
  1675                      <       	T_25_30:	equ	$-T_12Icon			
  1676 0000F3BF 07 40       <       		DB	com1+seg09/8,C_Seg09
  1677                      <       	T_30_35:	equ	$-T_12Icon			
  1678 0000F3C1 07 80       <       		DB	com1+seg08/8,C_Seg08
  1679                      <       	T_35_40:	equ	$-T_12Icon			
  1680 0000F3C3 0C 01       <       		DB	com2+seg07/8,C_Seg07
  1681                      <       	T_40_45:	equ	$-T_12Icon			
  1682 0000F3C5 0C 04       <       		DB	com2+seg05/8,C_Seg05				
  1683                      <       	T_45_50:	equ	$-T_12Icon			
  1684 0000F3C7 0C 10       <       		DB	com2+seg03/8,C_Seg03
  1685                      <       	T_50_55:	equ	$-T_12Icon			
  1686 0000F3C9 0C 20       <       		DB	com2+seg02/8,C_Seg02
  1687                      <       	T_55_60:	equ	$-T_12Icon			
  1688 0000F3CB 0C 80       <       		DB	com2+seg00/8,C_Seg00
  1689                      <       
  1690 0000F3CD             <       T_12IconEnd:	
  1691 0000F3CD             <       T_Icon:	
  1692                      <       	T_Col: 	equ	$-T_Icon            ;Colon icon          
  1693 0000F3CD 11 40       <       		DB	com2+seg37/8,C_Seg37  	  
  1694                      <       	T_ACol:	equ	$-T_Icon            ;Colon Aicon          
  1695 0000F3CF 03 80       <       		DB	com0+seg20/8,C_Seg20  	  		
  1696                      <       	T_TCol:	equ	$-T_Icon			;Colon Ticon  
  1697 0000F3D1 01 80       <       		DB	com0+seg08/8,C_Seg08		
  1698                      <       		
  1699                      <       	T_Timer:	equ	$-T_Icon
  1700 0000F3D3 0C 40       <       		DB	com2+seg01/8,C_Seg01		
  1701                      <       	T_TimerUp:	equ	$-T_Icon
  1702 0000F3D5 01 40       <       		DB	com0+seg09/8,C_Seg09
  1703                      <       
  1704                      <       	T_Alarm1:	equ	$-T_Icon
  1705 0000F3D7 20 04       <       		DB	com5+seg17/8,C_Seg17
  1706                      <       	T_Alarm2:	equ	$-T_Icon		
  1707 0000F3D9 1A 04       <       		DB	com4+seg17/8,C_Seg17		
  1708                      <       	T_Alarm3:	equ	$-T_Icon		
  1709 0000F3DB 14 04       <       		DB	com3+seg17/8,C_Seg17	
  1710                      <       		
  1711                      <       	T_T4:	EQU	$-T_Icon			;电量框	
  1712 0000F3DD 0B 08       <       		DB	com1+seg40/8,C_Seg40
  1713                      <       	T_T1:	EQU	$-T_Icon			;第一格电池
  1714 0000F3DF 0B 10       <       		DB	com1+seg39/8,C_Seg39
  1715                      <       	T_T2:	EQU	$-T_Icon			;第二格电池
  1716 0000F3E1 05 10       <       		DB	com0+seg39/8,C_Seg39
  1717                      <       	T_T3:	EQU	$-T_Icon			;第三格电池
  1718 0000F3E3 05 08       <       		DB	com0+seg40/8,C_Seg40		
  1719                      <       	T_Speak:	EQU	$-T_Icon		
  1720 0000F3E5 0A 01       <       		DB	com1+seg35/8,C_Seg35
  1721                      <       	T_Mute:	EQU	$-T_Icon		
  1722 0000F3E7 04 01       <       		DB	com0+seg35/8,C_Seg35
  1723                      <       	T_VoiceL:	EQU	$-T_Icon		
  1724 0000F3E9 05 80       <       		DB	com0+seg36/8,C_Seg36
  1725                      <       	T_VoiceH:	EQU	$-T_Icon		
  1726 0000F3EB 05 40       <       		DB	com0+seg37/8,C_Seg37
  1727                      <       	T_Blue:	EQU	$-T_Icon		
  1728 0000F3ED 0B 40       <       		DB	com1+seg37/8,C_Seg37
  1729                      <       		
  1730                      <       	T_MD:	equ	$-T_Icon
  1731 0000F3EF 21 01       <       		DB	com5+seg27/8,C_Seg27		
  1732                      <       	T_YeH:	EQU	$-T_Icon		
  1733 0000F3F1 03 10       <       		DB	com0+seg23/8,C_Seg23
  1734                      <       		
  1735                      <       	T_MON:		equ	$-T_Icon			
  1736 0000F3F3 08 04       <       		DB	com1+seg17/8,C_Seg17
  1737                      <       	T_TUE:		equ	$-T_Icon			
  1738 0000F3F5 02 01       <       		DB	com0+seg19/8,C_Seg19
  1739                      <       	T_WED:		equ	$-T_Icon			
  1740 0000F3F7 03 20       <       		DB	com0+seg22/8,C_Seg22
  1741                      <       	T_THU:		equ	$-T_Icon			
  1742 0000F3F9 03 04       <       		DB	com0+seg25/8,C_Seg25
  1743                      <       	T_FRI:		equ	$-T_Icon			
  1744 0000F3FB 04 80       <       		DB	com0+seg28/8,C_Seg28
  1745                      <       	T_SAT:		equ	$-T_Icon			
  1746 0000F3FD 04 20       <       		DB	com0+seg30/8,C_Seg30	
  1747                      <       	T_SUN:		equ	$-T_Icon		
  1748 0000F3FF 0A 08       <       		DB	com1+seg32/8,C_Seg32
  1749                      <       		
  1750                      <       	T_MON1:		equ	$-T_Icon			
  1751 0000F401 02 04       <       		DB	com0+seg17/8,C_Seg17
  1752                      <       	T_TUE1:		equ	$-T_Icon			
  1753 0000F403 02 02       <       		DB	com0+seg18/8,C_Seg18
  1754                      <       	T_WED1:		equ	$-T_Icon			
  1755 0000F405 03 40       <       		DB	com0+seg21/8,C_Seg21
  1756                      <       	T_THU1:		equ	$-T_Icon			
  1757 0000F407 03 08       <       		DB	com0+seg24/8,C_Seg24
  1758                      <       	T_FRI1:		equ	$-T_Icon			
  1759 0000F409 03 02       <       		DB	com0+seg26/8,C_Seg26
  1760                      <       	T_SAT1:		equ	$-T_Icon			
  1761 0000F40B 04 40       <       		DB	com0+seg29/8,C_Seg29	
  1762                      <       	T_SUN1:		equ	$-T_Icon			
  1763 0000F40D 04 08       <       		DB	com0+seg32/8,C_Seg32
  1764                      <       		
  1765                      <       	T_MON2:		equ	$-T_Icon			
  1766 0000F40F 0E 04       <       		DB	com2+seg17/8,C_Seg17
  1767                      <       	T_TUE2:		equ	$-T_Icon			
  1768 0000F411 08 01       <       		DB	com1+seg19/8,C_Seg19
  1769                      <       	T_WED2:		equ	$-T_Icon			
  1770 0000F413 09 20       <       		DB	com1+seg22/8,C_Seg22
  1771                      <       	T_THU2:		equ	$-T_Icon			
  1772 0000F415 09 04       <       		DB	com1+seg25/8,C_Seg25
  1773                      <       	T_FRI2:		equ	$-T_Icon			
  1774 0000F417 0A 40       <       		DB	com1+seg29/8,C_Seg29
  1775                      <       	T_SAT2:		equ	$-T_Icon			
  1776 0000F419 04 10       <       		DB	com0+seg31/8,C_Seg31	
  1777                      <       	T_SUN2:		equ	$-T_Icon			
  1778 0000F41B 04 04       <       		DB	com0+seg33/8,C_Seg33
  1779 0000F41D             <       T_IconEnd:
  1780                      <       
  1781                      <       ;==============================
  1782 0000F41D             <       T_SevenSegCharPosIndexTab:
  1783 0000F41D 2E F2       <       	.DW	T_Digital0DispTab	;hour 主
  1784 0000F41F 3D F2       <       	.DW	T_Digital1DispTab	;1
  1785 0000F421 4C F2       <       	.DW	T_Digital2DispTab	;min 主
  1786 0000F423 5B F2       <       	.DW	T_Digital3DispTab	;3
  1787                      <       	
  1788 0000F425 6A F2       <       	.DW	T_Digital4DispTab	;alarm hour
  1789 0000F427 79 F2       <       	.DW	T_Digital5DispTab	;5
  1790 0000F429 88 F2       <       	.DW	T_Digital6DispTab	;alarm minu
  1791 0000F42B 97 F2       <       	.DW	T_Digital7DispTab	;7
  1792                      <       	
  1793 0000F42D A6 F2       <       	.DW	T_Digital8DispTab	;timer hour high  
  1794 0000F42F B5 F2       <       	.DW	T_Digital9DispTab	;timer hour low 	9		
  1795 0000F431 C4 F2       <       	.DW	T_Digital10DispTab	;timer min high    	
  1796 0000F433 D3 F2       <       	.DW	T_Digital11DispTab	;timer min low  b
  1797                      <       	
  1798 0000F435 E2 F2       <       	.DW	T_Digital12DispTab	;day high
  1799 0000F437 F1 F2       <       	.DW	T_Digital13DispTab	;day low  d
  1800                      <       	
  1801 0000F439 00 F3       <       	.DW	T_Digital14DispTab	;month high
  1802 0000F43B 0F F3       <       	.DW	T_Digital15DispTab	;month low	f
  1803 0000F43D 1E F3       <       	.DW	T_Digital16DispTab	;Year high  
  1804 0000F43F 2D F3       <       	.DW	T_Digital17DispTab	;year low	11
  1805                      <       	
  1806                      <       ;	.DW	T_Digital18DispTab	;13 8zi-->YeH14
  1807                      <       ;	.DW	T_Digital19DispTab	;YeL15
  1808                      <       ;	
  1809                      <       ;	.DW	T_Digital20DispTab			;HumH16
  1810                      <       ;	.DW	T_Digital21DispTab			;17
  1811                      <       ;	
  1812                      <       ;	.DW	T_DigitalnoneDispTab		;18
  1813                      <       ;	.DW	T_Digital22DispTab	;alarm ADate19
  1814                      <       	
  1815                      <       ;	.DW	T_DigitalnoneDispTab		;1a
  1816                      <       ;	.DW	T_Digital23DispTab			;alarm T_ANumber1b
  1817 0000F441             <       T_SevenSegCharPosIndexTabEnd:	
  1818                      <       ;=======================
  1819 0000F441             <       T_To32Table:
  1820 0000F441 00 02 04 06 <       		DB 00H,02H,04H,06H,08H,0AH,0CH,0EH,10H,12H,14H,16H,18H,1AH,1CH,1EH
                08 0A 0C 0E
                10 12 14 16
                18 1A 1C 1E
                           
  1821 0000F451 20 22 24 26 <       		DB 20H,22H,24H,26H,28H,2AH,2CH,2EH,30H,32H,34H,36H,38H,3AH,3CH,3EH,40H
                28 2A 2C 2E
                30 32 34 36
                38 3A 3C 3E
                40         
  1822                      <        
  1823                      <       
  1824                      <       .ENDS
  1825                      <       
  1826                      <       	
  1827                      <       
  1828                              .INCLUDE		calendar\calendar_user.inc
  1829                      <       ;============================================================================
  1830                      <       ;File Name:	lcd_user.inc
  1831                      <       ;Applied body:	GPL811p0x
  1832                      <       ;Descriptions:	AT24C01D/02D I2C function for user Call
  1833                      <       ;Programmer:	GPL815PX
  1834                      <       ;Created Date:	2014-03-19
  1835                      <       ;Version:		1.0
  1836                      <       ;============================================================================
  1837                      <       ;==========================================
  1838                      <       ; external define area
  1839                      <       ;==========================================
  1840                      <       
  1841                      <       ; ==============================================
  1842                      <       ; Macro name	: F_CountDataAndTime 
  1843                      <       ; Purpose	    : count time with one second 
  1844                      <       ; Parameter		: 
  1845                      <       ; Return    	: 
  1846                      <       ; Destroy	    : 
  1847                      <       ; Stack depth	: 
  1848                      <       ; =============================================
  1849                      <       .EXTERNAL			F_24HourClock
  1850                      <       
  1851                      <       ; ==============================================
  1852                      <       ; Function	name: F_Flash_Dot 
  1853                      <       ; Purpose	    : Make a dot flash 
  1854                      <       ; Parameter		: X
  1855                      <       ; Return    	: 
  1856                      <       ; Destroy	    : 
  1857                      <       ; Stack depth	: 2
  1858                      <       ; =============================================		
  1859                      <       
  1860                      <       ;.EXTERNAL			F_GetNsLiCalendar
  1861                      <       ; ==============================================
  1862                      <       ; Function	name: F_DispFlag 
  1863                      <       ; Purpose	    : show DOT
  1864                      <       ; Parameter		: A,X
  1865                      <       ; Return    	: 
  1866                      <       ; Destroy	    : 
  1867                      <       ; Stack depth	: 2
  1868                      <       ; ==============================================
  1869                      <       .EXTERNAL			F_JudegLeapYear
  1870                      <       .EXTERNAL			F_24TO12Change
  1871                      <       .EXTERNAL			F_Check_Alarming
  1872                      <       .EXTERNAL			F_JudgeWeek
  1873                      <       ; ==============================================
  1874                      <       ; Function	name: F_NotDispFlag 
  1875                      <       ; Purpose	    : show DOT
  1876                      <       ; Parameter		: A,X
  1877                      <       ; Return    	: 
  1878                      <       ; Destroy	    : 
  1879                      <       ; Stack depth	: 2
  1880                      <       ; ==============================================
  1881                      <       .EXTERNAL		F_CheckAlarmDayType	
  1882                      <       
  1883                      <       .EXTERNAL	.PAGE0		R_Week
  1884                      <       .EXTERNAL	.PAGE0		R_Month
  1885                      <       .EXTERNAL	.PAGE0		R_Month_temp
  1886                      <       .EXTERNAL	.PAGE0		R_Day
  1887                      <       .EXTERNAL	.PAGE0		R_Day_temp
  1888                      <       .EXTERNAL	.PAGE0		R_Year
  1889                      <       .EXTERNAL	.PAGE0		R_Year_temp
  1890                      <       .EXTERNAL	.PAGE0		R_Hejira_LeapYear_CalendarFlag
  1891                      <       .EXTERNAL	.PAGE0		R_LCDHourBuff
  1892                      <       .EXTERNAL	.PAGE0		R_LCDMinuBuff
  1893                      <       .EXTERNAL	.PAGE0		R_LCDSecBuff
  1894                      <       .EXTERNAL	.PAGE0		R_DateHour
  1895                      <       .EXTERNAL	.PAGE0		R_DateMinute
  1896                      <       .EXTERNAL	.PAGE0		R_DateSecond
  1897                      <       .EXTERNAL	.PAGE0		R_AlarmMinute
  1898                      <       .EXTERNAL	.PAGE0		R_AlarmHour
  1899                      <       .EXTERNAL	.PAGE0		R_CurrentGroup
  1900                      <       .EXTERNAL	.PAGE0		R_DispAlmDay
  1901                      <       .EXTERNAL	.PAGE0		R_AlarmOnOff
  1902                      <       .EXTERNAL	.PAGE0		R_Alarm_ENDIS_Flag
  1903                      <       .EXTERNAL	.PAGE0		R_TimerMinute
  1904                      <       .EXTERNAL	.PAGE0		R_TimerSecond	
  1905                      <       
  1906                      <       	D_Alarm_EN:		.EQU	0X80
  1907                      <       .EXTERNAL	.PAGE0		RB_12_24_Status
  1908                      <       	D_24H:		.EQU	00H
  1909                      <       	D_12H:		.EQU	80H
  1910                      <       	
  1911                      <       D_LeapYear:			.EQU	%10000000B
  1912                              .INCLUDE		KEYSCAN\keyscan_user.inc
  1913                      <       .EXTERN		F_InitialKeyBorad
  1914                      <       .EXTERN		F_KeyScan
  1915                      <       ;.EXTERN		F_InputProc
  1916                      <       ;.EXTERN		F_LongKeyService
  1917                      <       ;.EXTERN     PAGE0 R_KeyState
  1918                      <       ;	D_HasKey:			.EQU	01H
  1919                      <       ;	D_NewKey:			.EQU	02H
  1920                      <       ;	D_Debounce:			.EQU	04H
  1921                      <       ;	D_Long_Key:			.EQU	08H
  1922                      <       ;	D_Key_Release:		.EQU	10H	
  1923                      <       ;.EXTERN     PAGE0 R_KeyCode
  1924                      <       ;.EXTERN     PAGE0 R_DebounceCnt
  1925                      <       ;.EXTERN     PAGE0 R_Key_time
  1926                      <       ;.EXTERN     PAGE0			RB_Option_Count
  1927                      <       ;C_Option_Overtime:		.EQU		0X14
  1928                      <       ;; ==============================================
  1929                      <       ;; Function	name	: F_Operation_Count_Proc
  1930                      <       ;; Purpose			: EEPROM erea current data
  1931                      <       ;; Parameter			: none 
  1932                      <       ;; Return			: 
  1933                      <       ;; Destroy			: none 
  1934                      <       ;; Stack depth		: none
  1935                      <       ;; ==============================================						
  1936                      <       ;.EXTERNAL			F_Operation_Count_Proc
  1937                      <       .EXTERN		R_SleepTime
  1938                      <       .EXTERN		_R_SleepTime
  1939                      <       .EXTERN		R_SnoozeTime
  1940                      <       .EXTERN		_R_SnoozeTime
  1941                      <       C_SnoozeTime1min	EQU		60
  1942                      <       ;C_SnoozeTime5min	equ		5
  1943                      <       .EXTERN		R_OtherFlag
  1944                      <       ;D_12Mode			equ		0x01	;0默认为24H，1为12H	
  1945                      <       D_Urat_Open			equ		0x02
  1946                      <       D_EnableSnooze		equ		0x04
  1947                      <       D_ToneDIS			equ		0x08
  1948                      <       D_AlarmingStatus	equ		0x10
  1949                      <       ;D_SetVolumeFlag		equ		0x20
  1950                      <       D_Timering			equ		0x20
  1951                      <       D_Alarming			equ		0x40
  1952                      <       D_TimerStatus		equ		0x80
  1953                      <       .EXTERN		BitMaskTable
  1954                      <       .EXTERN		R_TimeFlashSet
  1955                      <       .EXTERN		R_AlmTimeFlashSet
  1956                      <       .EXTERN		R_TimerFlashSet
  1957                      <       AddOthers			equ		01H
  1958                      <       
  1959                      <       
  1960                      <       .EXTERN		R_TimeFlashSet
  1961                      <       D_SetYear			equ	0x01
  1962                      <       D_SetMonth			equ	0x02
  1963                      <       D_SetDate			equ	0x04		
  1964                      <       ;D_Set12_24			equ	0x08
  1965                      <       D_SetHour			equ	0x08
  1966                      <       D_SetMinute			equ	0x10 
  1967                      <       D_SetTimeMax		equ	0x20  
  1968                      <       .EXTERN		R_AlmTimeFlashSet	
  1969                      <       _R_AlmTimeFlashSet	equ		R_AlmTimeFlashSet
  1970                      <       D_SetAlm			equ	0x01	;闹钟开关
  1971                      <       D_SetAlmHour		equ	0x02	;闹时
  1972                      <       D_SetAlmMinute		equ	0x04	;闹分
  1973                      <       D_SetAlmDay			equ	0x08	;闹
  1974                      <       D_SetAlarmMax		equ	0x10   
  1975                      <       .EXTERN		R_TimerFlashSet	
  1976                      <       _R_TimerFlashSet	equ		R_TimerFlashSet
  1977                      <       D_TimerSet			equ	0x01	
  1978                      <       D_SetTimerMax		equ	0x02
  1979                      <       .EXTERN		R_CurrentVolume
  1980                      <       _R_CurrentVolume		equ	R_CurrentVolume
  1981                      <       .EXTERN		R_CurrentSong
  1982                      <       _R_CurrentSong		equ		R_CurrentSong
  1983                      <       
  1984                      <       .EXTERN		R_KeyFlag		
  1985                      <       _R_KeyFlag		equ		R_KeyFlag
  1986                      <       D_EnableFastAdd		equ	0x01
  1987                      <       D_LCDOFF			equ	0x02
  1988                      <       D_KeyTone			equ	0x04
  1989                      <       D_KeyRelDis			equ	0x08
  1990                      <       D_UpdateBAT			equ	0x10
  1991                      <       
  1992                      <       .EXTERN 	 	 R_Charge 
  1993                      <       D_LowPower 	 	 equ 0x01;低电 
  1994                      <       D_Charge 	 	 equ 0x02;充电中 
  1995                      <       D_Full 	 	 	 equ 0x04;充满 
  1996                      <       .EXTERN 	 	 R_LVDStatus 
  1997                      <       
  1998                      <       
  1999                      <       .EXTERN		R_TimerFlag
  2000                      <       _R_TimerFlag	equ		R_TimerFlag
  2001                      <       D_Timerstatus_just	equ		0x01
  2002                      <       D_Timerstatus		equ		0x02
  2003                      <       TIMER_START_FLAG	equ		0x04	
  2004                      <       D_TimerSetstatus	equ		0x08
  2005                      <       D_Timerstatus_justpause	equ	0x10
  2006                      <       D_TimerPausedCountDown	equ		0x20
  2007                      <       ;.EXTERN		F_OpenData
  2008                      <       
  2009                      <       .EXTERN		SetVolumeAndPlayAlarm1_flag
  2010                      <       
  2011                      <       .EXTERN		R_SetBack
  2012                      <       _R_SetBack	equ		R_SetBack
  2013                      <       
  2014                      <       
  2015                      <       
  2016                      <       .EXTERN	R_VoiceFlag	
  2017                      <       _R_VoiceFlag	equ		R_VoiceFlag
  2018                      <       D_OpenReady		equ		0x01
  2019                      <       D_WakePlay		equ		0x02	; 按键唤醒后请求播放应答（由主循环处理）
  2020                      <       .EXTERN	R_DelayOpen
  2021                      <       .EXTERN	R_VoiceReq
  2022                      <       
  2023                      <       ; R_VoiceReq 位定义（由汇编置位，主循环处理）
  2024                      <       D_VOICE_ALARM_CHECK	equ	0x01
  2025                      <       D_VOICE_ALARM_SET		equ	0x02
  2026                      <       D_VOICE_DATE_SET		equ	0x04
  2027                      <       D_VOICE_TIME_SET		equ	0x08
  2028                      <       D_VOICE_BEEP			equ	0x10
  2029                      <       D_VOICE_TIMER_START		equ	0x20
  2030                      <       D_VOICE_TIMER_PAUSE			equ	0x40
  2031                      <       D_VOICE_TIMER_CONTINUE		equ	0x80
  2032                      <       .EXTERN	Voice_PowerOn
  2033                      <       .EXTERN	Voice_PowerOn_Noxiaonao
  2034                      <       .EXTERN		R_Uart_OpenTime
  2035                      <       .EXTERN		_R_Uart_OpenTime
  2036                      <       
  2037                      <       D_BatLevel1 	 equ 	 01H 
  2038                      <       D_BatLevel2 	 equ 	 02H 
  2039                      <       D_BatLevel3 	 equ 	 04H 
  2040                      <       ; ==============================================
  2041                      <       ; MACRO name	: %DecDebounce
  2042                      <       ; Purpose		: DEBOUNCE 
  2043                      <       ; Parameter		: none 
  2044                      <       ; Return    	: none
  2045                      <       ; Destroy		: none 
  2046                      <       ; Stack depth	: none
  2047                      <       ; =============================================
  2048                      <       %DecDebounce	.MACRO	
  2049                      <       		    LDA	    R_DebounceCnt
  2050                      <       		    BEQ	    ?L_Exit#
  2051                      <       		    DEC	    R_DebounceCnt
  2052                      <       ?L_Exit#:	
  2053                      <           		.ENDM
  2054                      <       ;============================================
  2055                              ;.INCLUDE		RFC\rfc.inc
  2056                              ;.INCLUDE		adc\adc_user.inc
  2057                              ;==========================================
  2058                              ; External declare area
  2059                              ;==========================================
  2060                              .EXTERNAL R_IconCount
  2061                              .EXTERNAL CLOCK_FLAG_ASR
  2062                              ;==========================================
  2063                              ; Public declare area
  2064                              ;==========================================
  2065                              .PUBLIC		F_12DispFlag
  2066                              .PUBLIC		_F_12DispFlag
  2067                              .PUBLIC		F_DispFlag
  2068                              .PUBLIC		F_NotDispFlag
  2069                              .PUBLIC		_F_DispFlag
  2070                              .PUBLIC		_F_NotDispFlag
  2071                              ;.PUBLIC		F_Settup_Hour_LCD_Disp
  2072                              ;.PUBLIC		F_Settup_Minute_LCD_Disp
  2073                              ;.PUBLIC		F_Settup_alarmhour_LCD_Disp
  2074                              ;.PUBLIC		F_Settup_alarmminu_LCD_Disp
  2075                              ;.PUBLIC		F_Settup_day_LCD_Disp
  2076                              ;.PUBLIC		F_Settup_Year_LCD_Disp
  2077                              ;.PUBLIC		F_Settup_month_LCD_Disp
  2078                              
  2079                              ;.PUBLIC		F_Flash_Dot
  2080                              ;.PUBLIC		_F_Flash_Dot
  2081                              .PUBLIC		F_Disp_Digital
  2082                              .PUBLIC		_F_Disp_Digital
  2083                              ;.PUBLIC		F_Fill_ALL_LCDDPRAM
  2084                              ;.PUBLIC		_F_Fill_ALL_LCDDPRAM
  2085                              .PUBLIC		F_LCD_Initinal
  2086                              .PUBLIC		_F_LCD_Initinal
  2087                              
  2088                              .PUBLIC		F_LCDDisplay
  2089                              .PUBLIC		_F_LCDDisplay
  2090                              ;.PUBLIC		F_LCDDisplay_Proc
  2091                              ;.PUBLIC		_F_LCDDisplay_Proc
  2092                              .PUBLIC		F_SeetupDisplay_Proc
  2093                              .PUBLIC		_F_SeetupDisplay_Proc
  2094                              .PUBLIC		F_Flash_COL_Dot
  2095                              .PUBLIC		_F_Flash_COL_Dot
  2096                              
  2097                              ;.PUBLIC		F_Fill_LCDDPRAM
  2098                              ;.PUBLIC		_F_Fill_LCDDPRAM
  2099                              
  2100                              .PUBLIC		RB_Lcd_Updata_Flag
  2101                              .PUBLIC		_RB_Lcd_Updata_Flag
  2102                              .PUBLIC		R_LcdBuff
  2103                              .PUBLIC		_R_LcdBuff
  2104                              .PUBLIC		R_Temp0
  2105                              .PUBLIC		R_Temp1
  2106                              .PUBLIC		R_Temp2
  2107                              .PUBLIC		R_Temp3
  2108                              .PUBLIC		R_Temp4
  2109                              
  2110                              .PUBLIC		R_flash_Temp
  2111                              .PUBLIC		_R_flash_Temp
  2112                              .PUBLIC		RB_Mode_Disp_Status
  2113                              .PUBLIC		_RB_Mode_Disp_Status
  2114                              
  2115                              
  2116                              .PUBLIC		RB_LCD_Display_change
  2117                              .PUBLIC		_RB_LCD_Display_change
  2118                              ;.PUBLIC		RB_Temp_CF_Flag
  2119                              ;.PUBLIC		_RB_Temp_CF_Flag
  2120                              .PUBLIC		RB_Setup_LCD_Status
  2121                              .PUBLIC		_RB_Setup_LCD_Status
  2122                              .PUBLIC		RB_Setup_Status
  2123                              .PUBLIC		_RB_Setup_Status
  2124                              
  2125                              .PUBLIC		R_POINT
  2126                              .PUBLIC		_R_POINT
  2127                              
  2128                              .PUBLIC		R_Uart_UI
  2129                              .PUBLIC		_R_Uart_UI
  2130                              .PUBLIC		R_Electricity
  2131                              .PUBLIC		_R_Electricity
  2132                              
  2133                              ;.PUBLIC		R_DispTemper
  2134                              ;.PUBLIC		_R_DispTemper
  2135                              ;.PUBLIC		R_DispHum	
  2136                              ;.PUBLIC		_R_DispHum		
  2137                              ;.PUBLIC		R_SpecFlag	
  2138                              ;.PUBLIC		_R_SpecFlag			
  2139                              ;==========================================
  2140                              ;Variable RAM declare area
  2141                              ;==========================================
  2142 00000037                     lcdram:	.section	.PAGE0
  2143 00000037 FF FF FF FF         R_LcdBuff:		.DS		C_LCDBUFFER_LENGTH+1				; 5com   *48seg   5*6 30byte
                FF FF FF FF
                FF FF FF FF
                FF FF FF FF
                FF FF FF FF
                FF FF FF FF
                FF FF FF FF
                FF FF FF   
  2144                              _R_LcdBuff:		.equ	R_LcdBuff
  2145 00000056 FF                  R_Temp0:		.DS		1
  2146 00000057 FF                  R_Temp1:		.DS		1
  2147 00000058 FF                  R_Temp2:		.DS		1
  2148 00000059 FF                  R_Temp3:		.DS		1
  2149 0000005A FF                  R_Temp4:		.DS		1
  2150 0000005B FF                  R_Disp_Temp:	.DS		1
  2151 0000005C FF                  R_Disp_Index:	.DS		1
  2152 0000005D FF                  R_LCD32Temp:		.DS		1
  2153                              
  2154 0000005E FF                  RB_Lcd_Updata_Flag:		.DS		1
  2155                              _RB_Lcd_Updata_Flag:		.equ		RB_Lcd_Updata_Flag
  2156                               D_LcdtimesetUpdate:	.EQU		10000000B
  2157                               D_LcdUpdate:			.EQU		40H
  2158                               D_LcdChangeUpdate:		.EQU		20H
  2159                              
  2160 0000005F FF                   R_flash_Temp:		.ds		1
  2161                               _R_flash_Temp:		.equ	R_flash_Temp
  2162                               
  2163                               
  2164 00000060 FF                   R_MathTemp:		.ds		1
  2165 00000061 FF                  RB_Mode_Disp_Status:		.ds		1
  2166                              _RB_Mode_Disp_Status:		.equ	RB_Mode_Disp_Status
  2167                              D_Mode_DispStatMsk:			.equ	0x07
  2168                              
  2169 00000062 FF FF FF            RB_Temp_LCD_buffer:		.ds		3
  2170                              
  2171 00000065 FF                  RB_Setup_LCD_Status:		.ds		1
  2172                              _RB_Setup_LCD_Status:		.equ	RB_Setup_LCD_Status
  2173                              	D_Time_Minute_setup_lcd:		.equ	0
  2174                              	D_Time_Hour_setup_lcd:			.equ	1
  2175                              	D_Date_Year_setup_lcd:			.equ	2
  2176                              	D_Date_Month_setup_lcd:			.equ	3
  2177                              	D_Date_Day_setup_lcd:			.equ	4
  2178                              	D_Alarm_Minute_setup_lcd:		.equ	5
  2179                              	D_Alarm_Hour_setup_lcd:			.equ	6
  2180                              	
  2181 00000066 FF                  RB_Setup_Status:		.ds		1
  2182                              _RB_Setup_Status:		.equ	RB_Setup_Status
  2183                              	D_Setting_flag:			.equ	0x80
  2184                              
  2185 00000067 FF                  R_POINT			DS		1		
  2186                              _R_POINT	equ		R_POINT	
  2187                              
  2188                              .ENDS
  2189 000002C6                     LCD_NRAM:			.section
  2190                              
  2191 000002C6 FF                  RB_LCD_Display_change:		.ds		1
  2192                              _RB_LCD_Display_change:		.equ		RB_LCD_Display_change
  2193                              
  2194 000002C7 FF                  RB_Power_3cnt:		.ds		1
  2195 000002C8 FF                  RB_Power_2cnt:		.ds		1
  2196 000002C9 FF                  RB_Power_1cnt:		.ds		1
  2197 000002CA FF                  RB_Power_0cnt:		.ds		1
  2198                              
  2199                              
  2200                              ; RB_LCD_F_Temp_L:		.ds		1
  2201                              ; RB_LCD_F_Temp_M:		.ds		1
  2202                              ; RB_LCD_F_Temp_H:		.ds		1
  2203                              
  2204                              ; RB_Temp_CF_Flag:		.ds		1
  2205                              ; _RB_Temp_CF_Flag:		.equ	RB_Temp_CF_Flag
  2206                              ; 	D_F_Flag:			.equ	0x80
  2207                              	
  2208                              ; R_DispTemper	ds		1	
  2209                              ; _R_DispTemper	equ		R_DispTemper
  2210                              ; R_DispHum		ds		1
  2211                              ; _R_DispHum		equ		R_DispHum
  2212                              ; R_SpecFlag		ds	1
  2213                              ; _R_SpecFlag		equ		R_SpecFlag
  2214                              ; ;R_TempMin_Sign	ds	1
  2215                              ; ;R_TempMax_Sign	ds	1
  2216                              ; ;R_HumMin_Sign	ds	1
  2217                              ; ;R_HumMax_Sign	ds	1
  2218                              ; D_HumHH				equ	0x80
  2219                              ; D_HumLL				equ	0x40
  2220                              ; D_TempHH			equ	0x20
  2221                              ; D_TempLL			equ	0x10
  2222                              ; D_Neg				equ 0x08	;负温度
  2223                              ; D_TF				equ 0x04	;华氏度
  2224                              ; D_DelayReady		equ 0x02	
  2225                              
  2226 000002CB FF                  R_Uart_UI		ds		1
  2227                              _R_Uart_UI		equ		R_Uart_UI
  2228 000002CC FF FF FF FF         R_TempBuf		ds		6
                FF FF      
  2229                              
  2230 000002D2 FF                  R_Electricity	ds	1
  2231                              _R_Electricity	equ		R_Electricity
  2232                              D_null		equ		0x01	;0001
  2233                              D_one		equ		0x02	;0010
  2234                              D_two		equ     0x03	;0100
  2235                              D_three		equ     0x04	;1000
  2236 000002D3 FF                  R_ChargeTickDone	ds		1
  2237                              
  2238                              D_6COM		equ		05H
  2239                              .ENDS
  2240                              ;==========================================
  2241                              ; code starting 
  2242                              ;==========================================
  2243 0000F21F                     lcdasm:		.section		
  2244                              .INCLUDE		lcd\lcd_define.inc
  2245                      <       ; or disclosed in whole in part without prior written permission.
  2246                      <       ;       (C) COPYRIGHT 2009   Generalplus TECHNOLOGY CO.                            
  2247                      <       ;                   ALL RIGHTS RESERVED
  2248                      <       ; The entire notice above must be reproduced on all authorized copies.
  2249                      <       ;==================================================================================
  2250                      <       ;==================================================================================
  2251                      <       ; Name                  : lcd.inc
  2252                      <       ; Applied Body          : GPL815PX
  2253                      <       ; Programmer            : yanxiaodu
  2254                      <       ; Description           : lcd macro
  2255                      <       ; History version       : v1.0  2011/06/21 by yanxiaodu first modify
  2256                      <       ;==================================================================================
  2257                      <       
  2258                      <       ;==========================================
  2259                      <       ; Compiler parameter define
  2260                      <       ;==========================================
  2261                      <       .SYNTAX 6502
  2262                      <       .LINKLIST
  2263                      <       .SYMBOLS
  2264                      <       
  2265                      <       ;==========================================
  2266                      <       ; Constant define area
  2267                      <       ;==========================================
  2268                      <       
  2269                      <       
  2270                      <       
  2271                      <       ;==========================================
  2272                      <       ; Include file area
  2273                      <       ;==========================================
  2274                      <       
  2275                      <       
  2276                      <       
  2277                      <       ;==========================================
  2278                      <       ; External declare area
  2279                      <       ;==========================================
  2280                      <       
  2281                      <       ;==========================================
  2282                      <       ; Public declare area
  2283                      <       ;==========================================
  2284                      <       
  2285                      <       
  2286                      <       
  2287                      <       ;==========================================
  2288                      <       ;Variable RAM declare area
  2289                      <       ;==========================================
  2290                      <       
  2291                      <       
  2292                      <       ;==========================================
  2293                      <       ; code starting 
  2294                      <       ;==========================================
  2295 0000C94D             <       .CODE
  2296                      <       
  2297                      <       ;=============================
  2298                      <       ;X:byte index. A:mask bit
  2299                      <       ; ==============================================
  2300                      <       ; Macro name	: %F_SetByteBit 
  2301                      <       ; Purpose	    : set BYTE Bit
  2302                      <       ; Parameter		: A,X
  2303                      <       ; Return    	: 
  2304                      <       ; Destroy	    : 
  2305                      <       ; Stack depth	: 2
  2306                      <       ; ==============================================
  2307                      <       %F_SetByteBit: .MACRO
  2308                      <       		STA		R_Temp0
  2309                      <       		LDA		R_LcdBuff,X			; use buffer directly
  2310                      <       		ORA		R_Temp0
  2311                      <       		STA		R_LcdBuff,X
  2312                      <       		.ENDM
  2313                      <       ;======
  2314                      <       ;X:byte index. A:mask bit
  2315                      <       ; ==============================================
  2316                      <       ; Macro name	: %F_ClearByteBit 
  2317                      <       ; Purpose	    : Clear BYTE Bit
  2318                      <       ; Parameter		: A,X
  2319                      <       ; Return    	: 
  2320                      <       ; Destroy	    : 
  2321                      <       ; Stack depth	: 2
  2322                      <       ; ==============================================
  2323                      <       %F_ClearByteBit: .MACRO
  2324                      <       		STA		R_Temp0
  2325                      <       		LDA		R_LcdBuff,X			; use buffer directly
  2326                      <       		ORA		R_Temp0
  2327                      <       		EOR		R_Temp0
  2328                      <       		STA		R_LcdBuff,X
  2329                      <       		.ENDM
  2330                      <       
  2331                      <       ;
  2332                      <       ;LCDConvert		.MACRO  com,seg
  2333                      <       ;			DB	com*06H+(seg/8)+00H,1<<(seg.AND.07H)	
  2334                      <       ;			
  2335                      <       ;			.ENDM
  2336                      <       ;			
  2337                      <       ;%LCD7S        .MACRO   i1c,i1s,i2c,i2s,i3c,i3s,i4c,i4s,i5c,i5s,i6c,i6s,i7c,i7s
  2338                      <       ;               LCDConvert    i1c,i1s
  2339                      <       ;               LCDConvert    i2c,i2s
  2340                      <       ;               LCDConvert    i3c,i3s
  2341                      <       ;               LCDConvert    i4c,i4s
  2342                      <       ;               LCDConvert    i5c,i5s
  2343                      <       ;               LCDConvert    i6c,i6s
  2344                      <       ;               LCDConvert    i7c,i7s
  2345                      <       ;               .ENDM
  2346                      <       ;               
  2347                      <       ;%LCD8S:        .MACRO   i1c,i1s,i2c,i2s,i3c,i3s,i4c,i4s,i5c,i5s,i6c,i6s,i7c,i7s,i8c,i8s
  2348                      <       ;               LCDConvert    i1c,i1s
  2349                      <       ;               LCDConvert    i2c,i2s
  2350                      <       ;               LCDConvert    i3c,i3s
  2351                      <       ;               LCDConvert    i4c,i4s
  2352                      <       ;               LCDConvert    i5c,i5s
  2353                      <       ;               LCDConvert    i6c,i6s
  2354                      <       ;               LCDConvert    i7c,i7s
  2355                      <       ;		       LCDConvert    i8c,i8s
  2356                      <       ;               .ENDM  	
  2357                      <       ;;================================================================
  2358                      <       ;Kind   :Count Loop
  2359                      <       ;================================================================		                    
  2360                      <       %DJNZ:               .MACRO       Var,Lable    ;  !=0
  2361                      <                             DEC          Var
  2362                      <                             BNE          Lable
  2363                      <                            .ENDM
  2364                      <       		
  2365                      <       ;----------------------------------------------------------
  2366                      <       ;/***********************************************/
  2367                      <       ;         i.L=1 
  2368                      <       %bits:   .MACRO   i,L             ;BYTE i;  
  2369                      <                 lda     i               ;ex.  
  2370                      <                 ora     #L              ;  %bits 10H,_BIT0
  2371                      <       		                   ;  10H.0=1
  2372                      <                 sta     i               ;
  2373                      <                .ENDM    
  2374                      <       
  2375                      <       ;/***********************************************/
  2376                      <       ;         i.L=0
  2377                      <       %bitr:   .MACRO   i,L             ;BYTE i;  
  2378                      <                 lda     i               ;ex.  
  2379                      <                 and     #.NOT.L         ;  %bitr 10H,_BIT0;  10H.0=0
  2380                      <                 sta     i
  2381                      <                .ENDM    
  2382                      <       
  2383                      <       ;/***********************************************/
  2384                      <       ;         if(i.L==1) goto N
  2385                      <       %btst:   .MACRO   i,L,N           ;BYTE i;  
  2386                      <                 lda     i               ;ex.   
  2387                      <                 and     #L              ;  %btst 10H,_BIT0,N
  2388                      <                 bne     N               ;  if(10H.0=1) goto N 
  2389                      <                .ENDM    
  2390                      <                                         
  2391                      <       ;/***********************************************/
  2392                      <       ;         if(i.L==0) goto N
  2393                      <       %btsf:   .MACRO   i,L,N           ;BYTE i;    
  2394                      <                 lda     i               ;ex.   
  2395                      <                 and     #L              ;  %btsf 10H,_BIT0,N
  2396                      <                 beq     N               ;  if(10H.0=0) goto N 
  2397                      <                .ENDM    
  2398                      <         		                    
  2399                              
  2400                              
  2401                              ; ==============================================
  2402                              ; Function	name: F_Flash_COL_Dot 
  2403                              ; Purpose	    : Make a dot flash 
  2404                              ; Parameter		: X
  2405                              ; Return    	: 
  2406                              ; Destroy	    : 
  2407                              ; Stack depth	: 2
  2408                              ; =============================================		
  2409 0000C94D                     F_Flash_COL_Dot:		
  2410 0000C94D                     _F_Flash_COL_Dot:
  2411 0000C94D EA                  		NOP
  2412 0000C94E A9 01               		LDA		#01H
  2413 0000C950 24 5F               		BIT		R_flash_Temp
  2414 0000C952 D0 06               		BNE		?L_Not_show_col
  2415 0000C954                      ?L_Flash:		
  2416 0000C954 A2 00               		LDX		#T_Col
  2417 0000C956 20 CC D0            		JSR		F_DispFlag
  2418 0000C959 60                  		RTS
  2419 0000C95A                      ?L_Not_show_col:
  2420 0000C95A A2 00               		LDX		#T_Col
  2421 0000C95C 20 77 D1            		JSR		F_NotDispFlag		;col vu
  2422 0000C95F 60                  		RTS
  2423                              		
  2424                              ; ==============================================
  2425                              ; Function	name: F_LCD_Initinal 
  2426                              ; Purpose	    : Make a dot flash 
  2427                              ; Parameter		: X
  2428                              ; Return    	: 
  2429                              ; Destroy	    : 
  2430                              ; Stack depth	: 2
  2431                              ; =============================================		
  2432 0000C960                     F_LCD_Initinal:
  2433 0000C960                     _F_LCD_Initinal:
  2434 0000C960 A9 02                 LDA #D_LCDBias3
  2435 0000C962 8D 58 34              STA P_LCD_BIAS_Ctrl       ; 设置LCD偏置电压
  2436                                
  2437 0000C965 A9 82                 LDA #D_PumpEn+D_PumpClk8K
  2438 0000C967 8D 57 34              STA P_LCD_PUMP_Ctrl       ; 启用电荷泵(8KHz)
  2439                                
  2440 0000C96A A9 07                 LDA #(((8192/80))/(D_6COM+1))-D_48SEG-5
  2441 0000C96C 8D 52 34              STA P_LCD_Clock           ; 设置LCD时钟频率
  2442 0000C96F A9 00                 LDA		#00h
  2443 0000C971 8D 51 34              STA		P_LCD_Ctrl2
  2444                              	
  2445 0000C974 A9 05                 LDA #D_6COM
  2446 0000C976 8D 54 34              STA P_LCD_COM_Num         ; 5COM线配置
  2447 0000C979 A9 05                 LDA #D_48SEG
  2448 0000C97B 8D 53 34              STA P_LCD_SEG_Num         ; 48SEG线配置
  2449                                
  2450 0000C97E A9 0F                 LDA #0Fh
  2451 0000C980 8D 56 34              STA P_LCD_VLCD_Ctrl       ;，VLCD=4.5V
  2452                                
  2453                                ; 延时等待电荷泵稳定
  2454 0000C983 38                    SEC
  2455 0000C984 A9 FF                 LDA #0xff
  2456 0000C986                      L_Delay?:
  2457 0000C986 E9 01                 SBC #0x01
  2458 0000C988 EA                    NOP
  2459 0000C989 EA                    NOP
  2460 0000C98A D0 FA                 BNE L_Delay?
  2461                                
  2462 0000C98C A9 00                 LDA #00h
  2463 0000C98E 8D 59 34              STA P_LCD_StartAddr_LB    ; 设置起始地址
  2464 0000C991 A9 88                 LDA #D_LCDEn+D_DisplayOn
  2465 0000C993 8D 50 34              STA P_LCD_Ctrl1           ; 启用LCD显示
  2466 0000C996 60                    RTS
  2467                              
  2468                              ;;============================================================================
  2469                              ;Name:			F_SeetupDisplay_Proc
  2470                              ;Purpose:		LCD display service
  2471                              ;Parameters:	None
  2472                              ;Destroy:		A,X,Y
  2473                              ;Stack depth:	2 bytes
  2474                              ;============================================================================
  2475 0000C997                     F_SeetupDisplay_Proc:		;设置模式
  2476 0000C997                     _F_SeetupDisplay_Proc:
  2477                              			%btst	RB_Lcd_Updata_Flag,D_LcdUpdate,?Update_Time_All
  2478 0000C997 A5 5E             1           lda     RB_Lcd_Updata_Flag               ;ex.   
  2479 0000C999 29 40             1           and     #D_LcdUpdate              ;  %btst 10H,_BIT0,N
  2480 0000C99B D0 13             1           bne     ?Update_Time_All               ;  if(10H.0=1) goto N 
  2481                              			%btst	R_KeyFlag,D_EnableFastAdd,?Update_Time_All	;判断是否需要更新所有时间的显示
  2482 0000C99D AD 71 00          1           lda     R_KeyFlag               ;ex.   
  2483 0000C9A0 29 01             1           and     #D_EnableFastAdd              ;  %btst 10H,_BIT0,N
  2484 0000C9A2 D0 0C             1           bne     ?Update_Time_All               ;  if(10H.0=1) goto N 
  2485                              			%btst	R_flash_Temp,AddOthers,?NoDisp_SetValue
  2486 0000C9A4 A5 5F             1           lda     R_flash_Temp               ;ex.   
  2487 0000C9A6 29 01             1           and     #AddOthers              ;  %btst 10H,_BIT0,N
  2488 0000C9A8 D0 09             1           bne     ?NoDisp_SetValue               ;  if(10H.0=1) goto N 
  2489                              			%bits	RB_Lcd_Updata_Flag,D_LcdUpdate
  2490 0000C9AA A5 5E             1           lda     RB_Lcd_Updata_Flag               ;ex.  
  2491 0000C9AC 09 40             1           ora     #D_LcdUpdate              ;  %bits 10H,_BIT0
  2492                            1 		                   ;  10H.0=1
  2493 0000C9AE 85 5E             1           sta     RB_Lcd_Updata_Flag               ;
  2494 0000C9B0                     		?Update_Time_All:	
  2495 0000C9B0 4C 08 CA            			JMP	Update_Disp
  2496                              
  2497 0000C9B3                     	?NoDisp_SetValue:
  2498 0000C9B3                     	TimeFlashSet:	
  2499 0000C9B3 A2 00               		LDX		#T_Col
  2500 0000C9B5 20 77 D1            		JSR		F_NotDispFlag	
  2501                              		
  2502 0000C9B8 AD 74 00            		LDA		R_TimeFlashSet
  2503 0000C9BB C9 01               		CMP		#D_SetYear
  2504 0000C9BD D0 03               		BNE		$+5
  2505 0000C9BF 4C 59 CD            		JMP		L_NoDisplayYear	
  2506 0000C9C2 C9 02               		CMP		#D_SetMonth
  2507 0000C9C4 D0 03               		BNE		$+5
  2508 0000C9C6 4C 66 CD            		JMP		L_NoDisplayMonth
  2509 0000C9C9 C9 04               		CMP		#D_SetDate
  2510 0000C9CB D0 03               		BNE		$+5
  2511 0000C9CD 4C 6E CD            		JMP		L_NoDisplayDay	
  2512                              ;		CMP		#D_Set12_24
  2513                              ;		BNE		$+5
  2514                              ;		jmp		L_NoDisplay12_24
  2515 0000C9D0 C9 08               		CMP		#D_SetHour
  2516 0000C9D2 D0 03               		BNE		$+5
  2517 0000C9D4 4C 34 CC            		JMP		L_NoDisplayHour
  2518 0000C9D7 C9 10               		CMP		#D_SetMinute
  2519 0000C9D9 D0 03               		BNE		$+5
  2520 0000C9DB 4C 3C CC            		JMP		L_NoDisplayMinute	
  2521                              		
  2522 0000C9DE                     	AlmTimeFlashSet:	
  2523 0000C9DE AD 75 00            		LDA		R_AlmTimeFlashSet	
  2524 0000C9E1 C9 01               		CMP		#D_SetAlm
  2525 0000C9E3 D0 03               		BNE		$+5
  2526 0000C9E5 4C F4 CD            		JMP		F_NoDispAlarmGroup				
  2527 0000C9E8 C9 02               		CMP		#D_SetAlmHour
  2528 0000C9EA D0 03               		BNE		$+5
  2529 0000C9EC 4C 03 CE            		JMP		F_NoDisplayAlmHour				
  2530 0000C9EF C9 04               		CMP		#D_SetAlmMinute
  2531 0000C9F1 D0 03               		BNE		$+5
  2532 0000C9F3 4C 0B CE            		JMP		F_NoDisplayAlmMinute			
  2533 0000C9F6 C9 08               		CMP		#D_SetAlmDay
  2534 0000C9F8 D0 03               		BNE		$+5
  2535 0000C9FA 4C 51 CF            		JMP		F_NoDisplayAlarmDays
  2536                              		
  2537 0000C9FD                     	TimerFlashSet:		
  2538 0000C9FD AD 76 00            		LDA		R_TimerFlashSet	
  2539 0000CA00 C9 01               		CMP		#D_TimerSet
  2540 0000CA02 D0 03               		BNE		$+5
  2541 0000CA04 4C 0B CA            		JMP		L_NoDisplayTimer
  2542                              
  2543 0000CA07 60                  		RTS
  2544                              ;		
  2545 0000CA08                     	Update_Disp:
  2546                              ;		LDA		R_TimeFlashSet	
  2547                              ;		CMP		#D_Set12_24
  2548                              ;		BNE		$+5
  2549                              ;		JSR		L_Display12_24	
  2550                              		
  2551                              		; LDA		R_VolumeFlashSet	
  2552                              		; CMP		#D_VolumeSet
  2553                              		; BNE		$+5
  2554                              		; JSR		F_DisplayVolume
  2555                              		
  2556 0000CA08 4C 3C CA            		JMP		L_LCDDisplay
  2557 0000CA0B                     L_NoDisplayTimer:
  2558 0000CA0B A9 AA               		LDA		#aah
  2559 0000CA0D A0 09               		LDY		#09h
  2560 0000CA0F 20 3D D0            		JSR		F_Disp_Digital		
  2561 0000CA12 A9 AA               		LDA		#aah
  2562 0000CA14 A0 0B               		LDY		#0Bh
  2563 0000CA16 20 3D D0            		JSR		F_Disp_Digital
  2564 0000CA19 60                  		RTS
  2565                              
  2566                              
  2567                              ;============================================================================
  2568                              ;Name:			F_LCDDisplay_Proc
  2569                              ;Purpose:		LCD display service
  2570                              ;Parameters:	None
  2571                              ;Destroy:		A,X,Y
  2572                              ;Stack depth:	2 bytes
  2573                              ;============================================================================
  2574 0000CA1A                      F_LCDDisplay:
  2575 0000CA1A                      _F_LCDDisplay:	
  2576 0000CA1A 20 C1 CA            		JSR		F_Battery_Modu1	  ;电池
  2577 0000CA1D 20 4C CA            		JSR		L_SpeakDisp	
  2578 0000CA20 AD 74 00            		LDA		R_TimeFlashSet
  2579 0000CA23 0D 75 00            		ORA		R_AlmTimeFlashSet
  2580 0000CA26 0D 76 00            		ORA		R_TimerFlashSet
  2581 0000CA29 F0 04               		BEQ		F_LCDDisplay_Proc
  2582 0000CA2B 4C 97 C9            		JMP		F_SeetupDisplay_Proc	
  2583 0000CA2E 60                  		RTS 		
  2584                              		
  2585 0000CA2F                     F_LCDDisplay_Proc:			
  2586 0000CA2F 20 4D C9            		JSR		F_Flash_COL_Dot	
  2587 0000CA32 20 A8 CF            		JSR		F_SWatch_Modul 		
  2588                              		%btst	RB_Lcd_Updata_Flag,D_LcdUpdate,L_LCDDisplay
  2589 0000CA35 A5 5E             1           lda     RB_Lcd_Updata_Flag               ;ex.   
  2590 0000CA37 29 40             1           and     #D_LcdUpdate              ;  %btst 10H,_BIT0,N
  2591 0000CA39 D0 01             1           bne     L_LCDDisplay               ;  if(10H.0=1) goto N 
  2592 0000CA3B 60                  		RTS
  2593 0000CA3C                      L_LCDDisplay:				;1秒刷新
  2594 0000CA3C A5 5E               		LDA		RB_Lcd_Updata_Flag
  2595 0000CA3E 29 BF               		AND		#~D_LcdUpdate
  2596 0000CA40 29 7F               		AND		#~D_LcdtimesetUpdate
  2597 0000CA42 85 5E               		STA		RB_Lcd_Updata_Flag
  2598 0000CA44 A2 00               		LDX		#T_Col
  2599 0000CA46 20 CC D0            		JSR		F_DispFlag			
  2600 0000CA49 4C B1 CA            		JMP		F_DispTime
  2601                              		
  2602 0000CA4C                     L_SpeakDisp:
  2603                              	; 调用统一的语音图标显示子程序
  2604 0000CA4C 20 52 CA            	JSR	F_Disp_SpeakIcon
  2605 0000CA4F 4C 76 CA            	JMP	L_MuDisp
  2606                              
  2607                              ; ==============================================
  2608                              ; Function: F_Disp_SpeakIcon
  2609                              ; Purpose : 根据 R_OtherFlag 中的 D_Urat_Open 和 R_Uart_OpenTime 控制
  2610                              ;           T_Speak 图标：若 D_Urat_Open=1 则显示；当 R_Uart_OpenTime <=5 时闪烁
  2611                              ; Params  : none (uses globals)
  2612                              ; Return  : none
  2613                              ; Destroy : A, X
  2614                              ; ==============================================
  2615 0000CA52                     F_Disp_SpeakIcon:
  2616 0000CA52 AD 73 00            	LDA	R_OtherFlag
  2617 0000CA55 29 02               	AND	#D_Urat_Open
  2618 0000CA57 F0 17               	BEQ	?Speak_Hide		; 若没有打开语音则隐藏图标
  2619                              
  2620                              	; 若打开语音，检查剩余时间是否小于等于5，若是则闪烁
  2621 0000CA59 AD 8C 00            	LDA	R_Uart_OpenTime
  2622 0000CA5C C9 05               	CMP	#5
  2623 0000CA5E B0 0A               	BCS	?Speak_Show_Steady	; >=5 则常显
  2624                              
  2625                              	; 闪烁（受 R_flash_Temp 控制）
  2626 0000CA60 A5 5F               	LDA	R_flash_Temp
  2627 0000CA62 F0 0C               	BEQ	?Speak_Hide
  2628 0000CA64 A2 18               	LDX	#T_Speak
  2629 0000CA66 20 CC D0            	JSR	F_DispFlag
  2630 0000CA69 60                  	RTS
  2631                              
  2632 0000CA6A                     ?Speak_Show_Steady:
  2633 0000CA6A A2 18               	LDX	#T_Speak
  2634 0000CA6C 20 CC D0            	JSR	F_DispFlag
  2635 0000CA6F 60                  	RTS
  2636                              
  2637 0000CA70                     ?Speak_Hide:
  2638 0000CA70 A2 18               	LDX	#T_Speak
  2639 0000CA72 20 77 D1            	JSR	F_NotDispFlag
  2640 0000CA75 60                  	RTS
  2641 0000CA76                     L_MuDisp:		
  2642 0000CA76 AD 6A 00            		LDA		R_CurrentVolume	
  2643 0000CA79 F0 09               		BEQ		?Display_Mute
  2644 0000CA7B C9 01               		CMP		#1
  2645 0000CA7D F0 14               		BEQ		?Display_VoiceL
  2646 0000CA7F C9 02               		CMP		#2
  2647 0000CA81 F0 1F               		BEQ		?Display_VoiceH	
  2648 0000CA83 60                  		RTS
  2649 0000CA84                     		?Display_Mute:
  2650 0000CA84 A2 1A               		LDX		#T_Mute
  2651 0000CA86 20 CC D0            		JSR		F_DispFlag	
  2652 0000CA89 A2 1C               		LDX		#T_VoiceL
  2653 0000CA8B 20 77 D1            		JSR		F_NotDispFlag
  2654 0000CA8E A2 1E               		LDX		#T_VoiceH
  2655 0000CA90 4C 77 D1            		JMP		F_NotDispFlag	
  2656                              		
  2657 0000CA93                     		?Display_VoiceL:
  2658 0000CA93 A2 1A               		LDX		#T_Mute
  2659 0000CA95 20 77 D1            		JSR		F_NotDispFlag	
  2660 0000CA98 A2 1C               		LDX		#T_VoiceL
  2661 0000CA9A 20 CC D0            		JSR		F_DispFlag
  2662 0000CA9D A2 1E               		LDX		#T_VoiceH
  2663 0000CA9F 4C 77 D1            		JMP		F_NotDispFlag	
  2664                              				
  2665 0000CAA2                     		?Display_VoiceH:
  2666 0000CAA2 A2 1A               		LDX		#T_Mute
  2667 0000CAA4 20 77 D1            		JSR		F_NotDispFlag	
  2668 0000CAA7 A2 1C               		LDX		#T_VoiceL
  2669 0000CAA9 20 CC D0            		JSR		F_DispFlag
  2670 0000CAAC A2 1E               		LDX		#T_VoiceH
  2671 0000CAAE 4C CC D0            		JMP		F_DispFlag	
  2672                              				
  2673                              ;============================================================================
  2674                              ;Name:			F_DispTime
  2675                              ;Purpose:		clear key  1500ms  display after key
  2676                              ;Parameters:	None
  2677                              ;Destroy:		A
  2678                              ;Return:		
  2679                              ;Stack depth:	
  2680                              ;============================================================================	
  2681 0000CAB1                     F_DispTime:
  2682 0000CAB1 20 A8 CF                    JSR     F_SWatch_Modul   	
  2683                              ;		LDA		R_Uart_UI
  2684                              ;		BNE		?L_Display				
  2685                              ;		%btst	R_VolumeFlashSet,D_VolumeSet,?L_ExitDisplay	
  2686 0000CAB4                     	?L_Display:		
  2687 0000CAB4 20 12 CD            		JSR F_DATA_Modul      ; 日期显示模块
  2688 0000CAB7 20 44 CC            		JSR F_Week_Modul      ; 星期显示模块
  2689                              ;		LDA		R_Uart_UI
  2690                              ;		BNE		?L_HMDisplay	
  2691                              ;		%btst	R_TimeFlashSet,D_Set12_24,?L_HMNoDisplay
  2692 0000CABA                     	?L_HMDisplay:	
  2693 0000CABA 20 0D CC            		JSR F_Time_VU_Modul   ; 时间显示模块
  2694 0000CABD                     	?L_HMNoDisplay:		
  2695 0000CABD 20 76 CD            		JSR F_Alarm_Modul     ; 闹钟显示模块
  2696                              
  2697                              
  2698 0000CAC0                     	?L_ExitDisplay:    
  2699 0000CAC0 60                  		RTS
  2700                              		
  2701                              
  2702 0000CAC1                     F_Battery_Modu1:
  2703                              ;;=========================================================	
  2704 0000CAC1                     F_DispBattery:
  2705 0000CAC1 AD 85 00            		LDA		R_Charge
  2706 0000CAC4 29 06               		AND		#(D_Charge+D_Full)
  2707 0000CAC6 F0 0C               		BEQ		?DispNormal
  2708 0000CAC8 C9 06               		CMP		#(D_Charge+D_Full)
  2709 0000CACA F0 04               		BEQ		?DispFull
  2710 0000CACC                     ?DispCharging:					;充电中
  2711 0000CACC 20 10 CB            		JSR		F_Disp_Charge
  2712 0000CACF 60                  		RTS
  2713 0000CAD0                     ?DispFull:						;充满了
  2714 0000CAD0 20 98 CB            		JSR		F_Disp_FullFlashing
  2715 0000CAD3 60                  		RTS
  2716 0000CAD4                     ?DispNormal:					;未在充电,根据电量显示
  2717 0000CAD4 20 C8 CB            		JSR		F_Disp_CheckBattery
  2718 0000CAD7 60                  		RTS		
  2719                              		
  2720                              ;;=========================================================	
  2721 0000CAD8                     F_Disp_LowPower:;低电 
  2722                              
  2723                              	%btsf	R_Charge,D_LowPower,?Exit	;不低电退出
  2724 0000CAD8 AD 85 00          1           lda     R_Charge               ;ex.   
  2725 0000CADB 29 01             1           and     #D_LowPower              ;  %btsf 10H,_BIT0,N
  2726 0000CADD F0 30             1           beq     ?Exit               ;  if(10H.0=0) goto N 
  2727                              	
  2728                              ;	%btsf	R_TimeStatus,HalfSecToggle,?Disp_COL
  2729 0000CADF A9 01               	 	LDA		#01H
  2730 0000CAE1 24 5F               	 	BIT		R_flash_Temp
  2731 0000CAE3 D0 15               	 	BNE		?Disp_COL
  2732 0000CAE5 A2 10               		LDX		#T_T4
  2733 0000CAE7 20 77 D1            		JSR		F_NotDispFlag
  2734 0000CAEA A2 12               		LDX		#T_T1
  2735 0000CAEC 20 77 D1            		JSR		F_NotDispFlag
  2736 0000CAEF A2 14               		LDX		#T_T2
  2737 0000CAF1 20 77 D1            		JSR		F_NotDispFlag
  2738 0000CAF4 A2 16               		LDX		#T_T3
  2739 0000CAF6 20 77 D1            		JSR		F_NotDispFlag
  2740 0000CAF9 60                  		RTS
  2741 0000CAFA                     	?Disp_COL:	
  2742 0000CAFA A2 10               		LDX		#T_T4
  2743 0000CAFC 20 CC D0            		JSR		F_DispFlag
  2744 0000CAFF A2 12               		LDX		#T_T1
  2745 0000CB01 20 77 D1            		JSR		F_NotDispFlag
  2746 0000CB04 A2 14               		LDX		#T_T2
  2747 0000CB06 20 77 D1            		JSR		F_NotDispFlag
  2748 0000CB09 A2 16               		LDX		#T_T3
  2749 0000CB0B 20 77 D1            		JSR		F_NotDispFlag
  2750 0000CB0E 60                  		RTS
  2751                              		
  2752 0000CB0F                     	?Exit:	
  2753                              ;		JSR		F_Disp_CheckBattery	
  2754 0000CB0F                     	?Exit00:
  2755 0000CB0F 60                  		RTS
  2756                              ;;=========================================================	
  2757 0000CB10                     _F_Disp_Charge:
  2758 0000CB10                     F_Disp_Charge:;充电中动画
  2759                              	; 上升沿触发：仅在 R_flash_Temp 从 0 -> 1 时推进一帧
  2760 0000CB10 A5 5F               	LDA     R_flash_Temp
  2761 0000CB12 F0 7E               	BEQ     ?Clear_Tick        ; 若为0，清标志并返回
  2762                              
  2763 0000CB14 AD D3 02            	LDA     R_ChargeTickDone
  2764 0000CB17 C9 00               	CMP     #0
  2765 0000CB19 D0 76               	BNE     ?Exit_NoAdvance    ; 本周期已推进过，直接返回
  2766 0000CB1B A9 01               	LDA     #1
  2767 0000CB1D 8D D3 02            	STA     R_ChargeTickDone   ; 标记本周期已推进
  2768                              
  2769 0000CB20 A2 10               	LDX     #T_T4                ; 电量框
  2770 0000CB22 20 CC D0            	JSR     F_DispFlag
  2771                              
  2772 0000CB25 AD D2 02            	LDA     R_Electricity
  2773 0000CB28 C9 01               	CMP     #D_null
  2774 0000CB2A F0 0C               	BEQ     ?Disp_null
  2775 0000CB2C C9 02               	CMP     #D_one
  2776 0000CB2E F0 1F               	BEQ     ?Disp_one
  2777 0000CB30 C9 03               	CMP     #D_two
  2778 0000CB32 F0 32               	BEQ     ?Disp_two
  2779 0000CB34 C9 04               	CMP     #D_three
  2780 0000CB36 F0 45               	BEQ     ?Disp_three
  2781                              
  2782 0000CB38                     ?Disp_null:
  2783 0000CB38 A2 16               	LDX     #T_T3
  2784 0000CB3A 20 77 D1            	JSR     F_NotDispFlag
  2785 0000CB3D A2 14               	LDX     #T_T2
  2786 0000CB3F 20 77 D1            	JSR     F_NotDispFlag
  2787 0000CB42 A2 12               	LDX     #T_T1
  2788 0000CB44 20 77 D1            	JSR     F_NotDispFlag
  2789 0000CB47 A9 02               	LDA     #D_one
  2790 0000CB49 8D D2 02            	STA     R_Electricity
  2791 0000CB4C 4C 91 CB            	JMP     ?Exit
  2792                              
  2793 0000CB4F                     ?Disp_one:
  2794 0000CB4F A2 12               	LDX     #T_T1
  2795 0000CB51 20 CC D0            	JSR     F_DispFlag
  2796 0000CB54 A2 14               	LDX     #T_T2
  2797 0000CB56 20 77 D1            	JSR     F_NotDispFlag
  2798 0000CB59 A2 16               	LDX     #T_T3
  2799 0000CB5B 20 77 D1            	JSR     F_NotDispFlag
  2800 0000CB5E A9 03               	LDA     #D_two
  2801 0000CB60 8D D2 02            	STA     R_Electricity
  2802 0000CB63 4C 91 CB            	JMP     ?Exit
  2803                              
  2804 0000CB66                     ?Disp_two:
  2805 0000CB66 A2 12               	LDX     #T_T1
  2806 0000CB68 20 CC D0            	JSR     F_DispFlag
  2807 0000CB6B A2 14               	LDX     #T_T2
  2808 0000CB6D 20 CC D0            	JSR     F_DispFlag
  2809 0000CB70 A2 16               	LDX     #T_T3
  2810 0000CB72 20 77 D1            	JSR     F_NotDispFlag
  2811 0000CB75 A9 04               	LDA     #D_three
  2812 0000CB77 8D D2 02            	STA     R_Electricity
  2813 0000CB7A 4C 91 CB            	JMP     ?Exit
  2814                              
  2815 0000CB7D                     ?Disp_three:
  2816 0000CB7D A2 16               	LDX     #T_T3
  2817 0000CB7F 20 CC D0            	JSR     F_DispFlag
  2818 0000CB82 A2 14               	LDX     #T_T2
  2819 0000CB84 20 CC D0            	JSR     F_DispFlag
  2820 0000CB87 A2 12               	LDX     #T_T1
  2821 0000CB89 20 CC D0            	JSR     F_DispFlag
  2822 0000CB8C A9 01               	LDA     #D_null
  2823 0000CB8E 8D D2 02            	STA     R_Electricity
  2824                              
  2825 0000CB91                     ?Exit_NoAdvance:
  2826 0000CB91                     ?Exit:
  2827 0000CB91 60                  	RTS
  2828                              
  2829 0000CB92                     ?Clear_Tick:
  2830 0000CB92 A9 00               	LDA     #0
  2831 0000CB94 8D D3 02            	STA     R_ChargeTickDone
  2832 0000CB97 60                  	RTS
  2833                              	
  2834                              ;;=========================================================	
  2835 0000CB98                     F_Disp_FullFlashing:;充满显示	三条杠同时闪烁
  2836                              ;		%btsf	R_TimeStatus,HalfSecToggle,?Disp_COL;0
  2837 0000CB98 A9 01               	 	LDA		#01H
  2838 0000CB9A 24 5F               	 	BIT		R_flash_Temp
  2839 0000CB9C D0 15               	 	BNE		?Disp_COL		
  2840 0000CB9E A2 10               		LDX		#T_T4
  2841 0000CBA0 20 CC D0            		JSR		F_DispFlag
  2842 0000CBA3 A2 12               		LDX		#T_T1
  2843 0000CBA5 20 CC D0            		JSR		F_DispFlag
  2844 0000CBA8 A2 14               		LDX		#T_T2
  2845 0000CBAA 20 CC D0            		JSR		F_DispFlag
  2846 0000CBAD A2 16               		LDX		#T_T3
  2847 0000CBAF 20 CC D0            		JSR		F_DispFlag
  2848 0000CBB2 60                  		RTS
  2849 0000CBB3                     	?Disp_COL:	
  2850 0000CBB3 A2 10               		LDX		#T_T4
  2851 0000CBB5 20 CC D0            		JSR		F_DispFlag
  2852 0000CBB8 A2 12               		LDX		#T_T1
  2853 0000CBBA 20 77 D1            		JSR		F_NotDispFlag
  2854 0000CBBD A2 14               		LDX		#T_T2
  2855 0000CBBF 20 77 D1            		JSR		F_NotDispFlag
  2856 0000CBC2 A2 16               		LDX		#T_T3
  2857 0000CBC4 20 77 D1            		JSR		F_NotDispFlag
  2858 0000CBC7                     	?Exit:
  2859 0000CBC7 60                  		RTS
  2860                              ;==========================================================
  2861                              ;电量显示:根据电量变化3段，从左到右33%66%99%相同手机
  2862                              ;==========================================================
  2863 0000CBC8                     F_Disp_CheckBattery:
  2864                              ;		%btsf	R_KeyFlag,D_UpdateBAT,?Exit
  2865                              ;		%bitr	R_KeyFlag,D_UpdateBAT
  2866 0000CBC8 A2 10               		LDX		#T_T4		;电量框
  2867 0000CBCA 20 CC D0            		JSR		F_DispFlag
  2868                              		
  2869 0000CBCD AD 86 00            		LDA		R_LVDStatus
  2870 0000CBD0 C9 04               		CMP		#D_BatLevel3
  2871 0000CBD2 F0 09               		BEQ		?Battery_33percent
  2872 0000CBD4 C9 02               		CMP		#D_BatLevel2
  2873 0000CBD6 F0 15               		BEQ		?Battery_66percent
  2874 0000CBD8 C9 01               		CMP		#D_BatLevel1
  2875 0000CBDA F0 21               		BEQ		?Battery_99percent
  2876 0000CBDC 60                  		RTS
  2877                              
  2878 0000CBDD                     	?Battery_33percent:	;1节
  2879 0000CBDD A2 16               		LDX		#T_T3
  2880 0000CBDF 20 77 D1            		JSR		F_NotDispFlag
  2881 0000CBE2 A2 14               		LDX		#T_T2
  2882 0000CBE4 20 77 D1            		JSR		F_NotDispFlag
  2883 0000CBE7 A2 12               		LDX		#T_T1
  2884 0000CBE9 20 CC D0            		JSR		F_DispFlag
  2885 0000CBEC 60                  		RTS
  2886                              		
  2887 0000CBED                     	?Battery_66percent:	;2节
  2888 0000CBED A2 16               		LDX		#T_T3
  2889 0000CBEF 20 77 D1            		JSR		F_NotDispFlag
  2890 0000CBF2 A2 14               		LDX		#T_T2
  2891 0000CBF4 20 CC D0            		JSR		F_DispFlag
  2892 0000CBF7 A2 12               		LDX		#T_T1
  2893 0000CBF9 20 CC D0            		JSR		F_DispFlag
  2894 0000CBFC 60                  		RTS
  2895                              		
  2896 0000CBFD                     	?Battery_99percent:	;3节
  2897 0000CBFD A2 12               		LDX		#T_T1
  2898 0000CBFF 20 CC D0            		JSR		F_DispFlag
  2899 0000CC02 A2 14               		LDX		#T_T2
  2900 0000CC04 20 CC D0            		JSR		F_DispFlag
  2901 0000CC07 A2 16               		LDX		#T_T3
  2902 0000CC09 20 CC D0            		JSR		F_DispFlag
  2903 0000CC0C                     	?Exit:
  2904 0000CC0C 60                  		RTS
  2905                              
  2906                              ;====time==VU============
  2907 0000CC0D                     F_Time_VU_Modul:
  2908                              ;hour				
  2909                              ;		LDA		RB_12_24_Status
  2910                              ;		BMI		?L_12H
  2911                              ;		LDX		#T_AM
  2912                              ;		JSR		F_NotDispFlag
  2913                              ;		LDX		#T_PM
  2914                              ;		JSR		F_NotDispFlag		
  2915 0000CC0D A6 23               		LDX		R_DateHour
  2916 0000CC0F 20 14 D0            		JSR		F_Hex_To_BCD
  2917 0000CC12 4C 15 CC            		JMP		?L_24H
  2918                              ; ?L_12H:		
  2919                              ;		LDX		R_DateHour
  2920                              ;		JSR		F_Hex_To_BCD
  2921                              ;		CMP		#12h
  2922                              ;		BCC		?L_AM_VU
  2923                              ;		LDX		#T_AM
  2924                              ;		JSR		F_NotDispFlag		
  2925                              ;		LDX		#T_PM
  2926                              ;		BNE		?L_AP_Show
  2927                              ; ?L_AM_VU:
  2928                              ;		LDX		#T_PM
  2929                              ;		JSR		F_NotDispFlag 
  2930                              ;		LDX		#T_AM
  2931                              ; ?L_AP_Show:
  2932                              ;		JSR		F_DispFlag
  2933                              ;	
  2934                              ;		LDX		R_DateHour
  2935                              ;		JSR		F_Hex_To_BCD
  2936                              ;		JSR		F_24TO12Change
  2937 0000CC15                      ?L_24H:
  2938 0000CC15 20 99 CF             		JSR		F_DisplayHLValue
  2939 0000CC18 D0 02                		BNE		?L_DispHBit
  2940 0000CC1A A9 0A               		LDA		#0AH
  2941 0000CC1C                     	?L_DispHBit:	
  2942 0000CC1C A0 00               		LDY		#00h
  2943 0000CC1E 20 31 D0            		jsr		F_Disp_Digital_1	
  2944 0000CC21 AD CC 02            		lda		R_TempBuf				
  2945 0000CC24 A0 01               		LDY		#01h
  2946 0000CC26 20 31 D0            		jsr		F_Disp_Digital_1	
  2947                              ;		LDY		#01h
  2948                              ;		JSR		F_Disp_Digital
  2949                              		
  2950                              ;minu
  2951 0000CC29 A6 22               		LDX		R_DateMinute
  2952 0000CC2B 20 14 D0            		JSR		F_Hex_To_BCD
  2953 0000CC2E A0 03               		LDY		#03h
  2954 0000CC30 20 3D D0            		JSR		F_Disp_Digital
  2955 0000CC33 60                  		RTS
  2956 0000CC34                     L_NoDisplayHour:
  2957 0000CC34 A9 AA               		LDA		#aah	
  2958 0000CC36 A0 01               		LDY		#01h
  2959 0000CC38 20 3D D0            		JSR		F_Disp_Digital
  2960 0000CC3B 60                  		RTS	
  2961 0000CC3C                     L_NoDisplayMinute:	
  2962 0000CC3C A9 AA               		LDA		#aah
  2963 0000CC3E A0 03               		LDY		#03h
  2964 0000CC40 20 3D D0            		JSR		F_Disp_Digital
  2965 0000CC43 60                  		RTS	
  2966                              ;====================================================================
  2967                              ;			Display 12/24 Section
  2968                              ;===================================================================			
  2969                              ;L_Display12_24:
  2970                              ;	LDX		#T_AM
  2971                              ;	JSR		F_NotDispFlag
  2972                              ;	LDX		#T_PM
  2973                              ;	JSR		F_NotDispFlag
  2974                              ;	LDX		#T_Col
  2975                              ;	JSR		F_NotDispFlag
  2976                              ;	%btst	RB_12_24_Status,D_12H,?Display12Hr
  2977                              ;    LDA     #0x24                ;  强制显示24
  2978                              ;	LDY		#01h
  2979                              ;	JSR		F_Disp_Digital
  2980                              ;    LDA     #0xEc                 ; 'Hr'
  2981                              ;	LDY		#03h
  2982                              ;	JSR		F_Disp_Digital
  2983                              ;	RTS	
  2984                              ;    
  2985                              ;	?Display12Hr:	   
  2986                              ;    LDA     #0x12                 ;  强制显示12
  2987                              ;	LDY		#01h
  2988                              ;	JSR		F_Disp_Digital
  2989                              ;    LDA     #0xEc                 ; 'Hr'
  2990                              ;	LDY		#03h
  2991                              ;	JSR		F_Disp_Digital
  2992                              ;	RTS	
  2993                              ;
  2994                              ;L_NoDisplay12_24:
  2995                              ;	LDX		#T_AM
  2996                              ;	JSR		F_NotDispFlag
  2997                              ;	LDX		#T_PM
  2998                              ;	JSR		F_NotDispFlag		
  2999                              ;	JSR	L_NoDisplayHour
  3000                              ;	JSR	L_NoDisplayMinute
  3001                              ;	RTS				
  3002                              ;====Week==============
  3003 0000CC44                     F_Week_Modul:
  3004                              ;		LDA		R_Week
  3005                              ;		BEQ		?Disp_7
  3006                              ;		LDY		#0bh
  3007                              ;		JSR		F_Disp_Digital	
  3008                              ;		RTS	
  3009                              ;	?Disp_7:	
  3010                              ;		LDA		#07
  3011                              ;		LDY		#0bh
  3012                              ;		JSR		F_Disp_Digital	
  3013                              ;		RTS	
  3014 0000CC44 20 CB CC            		JSR	Display_Week
  3015                              		
  3016                              		; Check Sunday (0)
  3017 0000CC47 A5 04               		LDA R_Week
  3018 0000CC49 C9 00               		CMP #0
  3019 0000CC4B D0 08               		BNE ?Off_SUN
  3020 0000CC4D A2 40               		LDX #T_SUN1
  3021 0000CC4F 20 CC D0            		JSR F_DispFlag
  3022 0000CC52 4C 5A CC            		JMP ?Check_MON
  3023 0000CC55                     	?Off_SUN:
  3024 0000CC55 A2 40               		LDX #T_SUN1
  3025 0000CC57 20 77 D1            		JSR F_NotDispFlag
  3026                              		
  3027 0000CC5A                     	?Check_MON:
  3028 0000CC5A A5 04               		LDA R_Week
  3029 0000CC5C C9 01               		CMP #1
  3030 0000CC5E D0 08               		BNE ?Off_MON
  3031 0000CC60 A2 34               		LDX #T_MON1
  3032 0000CC62 20 CC D0            		JSR F_DispFlag
  3033 0000CC65 4C 6D CC            		JMP ?Check_TUE
  3034 0000CC68                     	?Off_MON:
  3035 0000CC68 A2 34               		LDX #T_MON1
  3036 0000CC6A 20 77 D1            		JSR F_NotDispFlag
  3037                              
  3038 0000CC6D                     	?Check_TUE:
  3039 0000CC6D A5 04               		LDA R_Week
  3040 0000CC6F C9 02               		CMP #2
  3041 0000CC71 D0 08               		BNE ?Off_TUE
  3042 0000CC73 A2 36               		LDX #T_TUE1
  3043 0000CC75 20 CC D0            		JSR F_DispFlag
  3044 0000CC78 4C 80 CC            		JMP ?Check_WED
  3045 0000CC7B                     	?Off_TUE:
  3046 0000CC7B A2 36               		LDX #T_TUE1
  3047 0000CC7D 20 77 D1            		JSR F_NotDispFlag
  3048                              
  3049 0000CC80                     	?Check_WED:
  3050 0000CC80 A5 04               		LDA R_Week
  3051 0000CC82 C9 03               		CMP #3
  3052 0000CC84 D0 08               		BNE ?Off_WED
  3053 0000CC86 A2 38               		LDX #T_WED1
  3054 0000CC88 20 CC D0            		JSR F_DispFlag
  3055 0000CC8B 4C 93 CC            		JMP ?Check_THU
  3056 0000CC8E                     	?Off_WED:
  3057 0000CC8E A2 38               		LDX #T_WED1
  3058 0000CC90 20 77 D1            		JSR F_NotDispFlag
  3059                              
  3060 0000CC93                     	?Check_THU:
  3061 0000CC93 A5 04               		LDA R_Week
  3062 0000CC95 C9 04               		CMP #4
  3063 0000CC97 D0 08               		BNE ?Off_THU
  3064 0000CC99 A2 3A               		LDX #T_THU1
  3065 0000CC9B 20 CC D0            		JSR F_DispFlag
  3066 0000CC9E 4C A6 CC            		JMP ?Check_FRI
  3067 0000CCA1                     	?Off_THU:
  3068 0000CCA1 A2 3A               		LDX #T_THU1
  3069 0000CCA3 20 77 D1            		JSR F_NotDispFlag
  3070                              
  3071 0000CCA6                     	?Check_FRI:
  3072 0000CCA6 A5 04               		LDA R_Week
  3073 0000CCA8 C9 05               		CMP #5
  3074 0000CCAA D0 08               		BNE ?Off_FRI
  3075 0000CCAC A2 3C               		LDX #T_FRI1
  3076 0000CCAE 20 CC D0            		JSR F_DispFlag
  3077 0000CCB1 4C B9 CC            		JMP ?Check_SAT
  3078 0000CCB4                     	?Off_FRI:
  3079 0000CCB4 A2 3C               		LDX #T_FRI1
  3080 0000CCB6 20 77 D1            		JSR F_NotDispFlag
  3081                              
  3082 0000CCB9                     	?Check_SAT:
  3083 0000CCB9 A5 04               		LDA R_Week
  3084 0000CCBB C9 06               		CMP #6
  3085 0000CCBD D0 06               		BNE ?Off_SAT
  3086 0000CCBF A2 3E               		LDX #T_SAT1
  3087 0000CCC1 20 CC D0            		JSR F_DispFlag
  3088 0000CCC4 60                  		RTS
  3089 0000CCC5                     	?Off_SAT:
  3090 0000CCC5 A2 3E               		LDX #T_SAT1
  3091 0000CCC7 20 77 D1            		JSR F_NotDispFlag
  3092 0000CCCA 60                  		RTS
  3093 0000CCCB                     Display_Week:	
  3094 0000CCCB A2 32               			LDX	#T_SUN
  3095 0000CCCD 20 CC D0            			JSR	F_DispFlag
  3096 0000CCD0 A2 26               			LDX	#T_MON
  3097 0000CCD2 20 CC D0            			JSR	F_DispFlag
  3098 0000CCD5 A2 28               			LDX	#T_TUE
  3099 0000CCD7 20 CC D0            			JSR	F_DispFlag
  3100 0000CCDA A2 2A               			LDX	#T_WED
  3101 0000CCDC 20 CC D0            			JSR	F_DispFlag
  3102 0000CCDF A2 2C               			LDX	#T_THU
  3103 0000CCE1 20 CC D0            			JSR	F_DispFlag
  3104 0000CCE4 A2 2E               			LDX	#T_FRI
  3105 0000CCE6 20 CC D0            			JSR	F_DispFlag
  3106 0000CCE9 A2 30               			LDX	#T_SAT
  3107 0000CCEB 20 CC D0            			JSR	F_DispFlag	
  3108 0000CCEE                     NoDisplay_Week:
  3109 0000CCEE A2 40               			LDX	#T_SUN1
  3110 0000CCF0 20 77 D1            			JSR	F_NotDispFlag
  3111 0000CCF3 A2 34               			LDX	#T_MON1
  3112 0000CCF5 20 77 D1            			JSR	F_NotDispFlag
  3113 0000CCF8 A2 36               			LDX	#T_TUE1
  3114 0000CCFA 20 77 D1            			JSR	F_NotDispFlag
  3115 0000CCFD A2 38               			LDX	#T_WED1
  3116 0000CCFF 20 77 D1            			JSR	F_NotDispFlag
  3117 0000CD02 A2 3A               			LDX	#T_THU1
  3118 0000CD04 20 77 D1            			JSR	F_NotDispFlag
  3119 0000CD07 A2 3C               			LDX	#T_FRI1
  3120 0000CD09 20 77 D1            			JSR	F_NotDispFlag
  3121 0000CD0C A2 3E               			LDX	#T_SAT1
  3122 0000CD0E 20 77 D1            			JSR	F_NotDispFlag			
  3123 0000CD11 60                  			rts	
  3124                              			
  3125                              ;====data==============
  3126 0000CD12                     F_DATA_Modul:
  3127                              ;Year
  3128 0000CD12 A2 24               	    LDX #T_YeH             ; "20"前缀
  3129 0000CD14 20 CC D0            		JSR	F_DispFlag	
  3130                              		
  3131 0000CD17 A6 09               	    LDX R_Year           ; 获取年份
  3132 0000CD19 20 14 D0            	    JSR F_Hex_To_BCD
  3133 0000CD1C A0 11               	    LDY #11h             ; 新位置
  3134 0000CD1E 20 3D D0            	    JSR F_Disp_Digital   ; 显示年份低两位	  
  3135                              		
  3136                              ;month
  3137 0000CD21 A6 05               		LDX		R_Month    
  3138 0000CD23 20 14 D0            		JSR		F_Hex_To_BCD
  3139 0000CD26 20 99 CF            		JSR		F_DisplayHLValue
  3140 0000CD29 D0 02               		BNE		?L_DispMonthHBit
  3141 0000CD2B A9 0A               		LDA		#0AH
  3142 0000CD2D                     	?L_DispMonthHBit:	
  3143 0000CD2D A0 0E               		LDY		#0eh
  3144 0000CD2F 20 31 D0            		jsr		F_Disp_Digital_1	
  3145 0000CD32 AD CC 02            		lda		R_TempBuf				
  3146 0000CD35 A0 0F               		LDY		#0fh
  3147 0000CD37 20 31 D0            		jsr		F_Disp_Digital_1
  3148                              		
  3149                              ;day
  3150 0000CD3A A6 07               		LDX		R_Day
  3151 0000CD3C 20 14 D0            		JSR		F_Hex_To_BCD
  3152 0000CD3F 20 99 CF            		JSR		F_DisplayHLValue
  3153 0000CD42 D0 02               		BNE		?L_DispHBit
  3154 0000CD44 A9 0A               		LDA		#0AH
  3155 0000CD46                     	?L_DispHBit:	
  3156 0000CD46 A0 0C               		LDY		#0ch
  3157 0000CD48 20 31 D0            		jsr		F_Disp_Digital_1	
  3158 0000CD4B AD CC 02            		lda		R_TempBuf				
  3159 0000CD4E A0 0D               		LDY		#0dh
  3160 0000CD50 20 31 D0            		jsr		F_Disp_Digital_1				
  3161 0000CD53 A2 22               		LDX		#T_MD		;M/D
  3162 0000CD55 20 CC D0            		JSR		F_DispFlag	
  3163 0000CD58 60                  		RTS
  3164                              		
  3165 0000CD59                     L_NoDisplayYear:
  3166 0000CD59 A2 24               	    LDX #T_YeH             ; "20"前缀
  3167 0000CD5B 20 77 D1            		JSR	F_NotDispFlag
  3168 0000CD5E A9 AA               		LDA	#aah
  3169 0000CD60 A0 11               		LDY #11h             ; 新位置
  3170 0000CD62 20 3D D0            	    JSR F_Disp_Digital   ; 显示年份低两位
  3171 0000CD65 60                  	    RTS
  3172 0000CD66                     L_NoDisplayMonth:	
  3173 0000CD66 A9 AA               		LDA		#aah
  3174 0000CD68 A0 0F               		LDY		#0fh
  3175 0000CD6A 20 3D D0            		JSR		F_Disp_Digital
  3176 0000CD6D 60                  		RTS
  3177 0000CD6E                     L_NoDisplayDay:	
  3178 0000CD6E A9 AA               		LDA		#aah			
  3179 0000CD70 A0 0D               		LDY		#0dH
  3180 0000CD72 20 3D D0            		JSR		F_Disp_Digital	
  3181 0000CD75 60                  		RTS
  3182                              		
  3183                              ;====alarm==============
  3184 0000CD76                     F_Alarm_Modul:
  3185                              ;alarm hour	
  3186 0000CD76 AD CB 02            		LDA		R_Uart_UI
  3187 0000CD79 D0 0D               		BNE		?L_Next
  3188 0000CD7B AD 6D 00            		LDA		R_SetBack
  3189 0000CD7E D0 08               		BNE		?L_Next
  3190 0000CD80 AD 75 00            		LDA		R_AlmTimeFlashSet
  3191 0000CD83 D0 03               		BNE		$+5	
  3192 0000CD85 20 57 CE            		JSR		FindNearestAlarm
  3193 0000CD88                     	?L_Next:
  3194                              		; Check if current alarm group is ON
  3195 0000CD88 A5 2E               		LDA		R_AlarmOnOff
  3196 0000CD8A A6 2A               		LDX		R_CurrentGroup
  3197 0000CD8C F0 08               		BEQ		?CheckBit0
  3198 0000CD8E CA                  		DEX
  3199 0000CD8F F0 0A               		BEQ		?CheckBit1
  3200 0000CD91 29 04               		AND		#0x04			; Group 2 (Bit 2)
  3201 0000CD93 4C 9D CD            		JMP		?CheckResult
  3202 0000CD96                     	?CheckBit0:
  3203 0000CD96 29 01               		AND		#0x01			; Group 0 (Bit 0)
  3204 0000CD98 4C 9D CD            		JMP		?CheckResult
  3205 0000CD9B                     	?CheckBit1:
  3206 0000CD9B 29 02               		AND		#0x02			; Group 1 (Bit 1)
  3207 0000CD9D                     	?CheckResult:
  3208 0000CD9D D0 1B               		BNE		?L_ShowAlarmTime
  3209 0000CD9F AD CB 02            		LDA		R_Uart_UI
  3210 0000CDA2 D0 16               		BNE		?L_ShowAlarmTime
  3211                              		
  3212                              		; Alarm is OFF - hide time (show 4 dashes or nothing)
  3213 0000CDA4 A9 AA               		LDA		#0xAA        ; Nothing
  3214 0000CDA6 A0 05               		LDY		#05h
  3215 0000CDA8 20 3D D0            		JSR		F_Disp_Digital
  3216                              		
  3217 0000CDAB A9 AA               		LDA		#0xAA        ; Nothing
  3218 0000CDAD A0 07               		LDY		#07h
  3219 0000CDAF 20 3D D0            		JSR		F_Disp_Digital
  3220                              		
  3221 0000CDB2 A2 02               		LDX		#T_ACol
  3222 0000CDB4 20 77 D1            		JSR		F_NotDispFlag ; Hide COL
  3223 0000CDB7 4C ED CD            		JMP		?L_SkipAlarmTime
  3224                              		
  3225 0000CDBA                     	?L_ShowAlarmTime:
  3226 0000CDBA A2 02               		LDX		#T_ACol
  3227 0000CDBC 20 CC D0            		JSR		F_DispFlag		;COL fu
  3228                              		
  3229                              ;		LDA		RB_12_24_Status
  3230                              ;		BMI		?L_12H
  3231                              ;		LDX		#T_AAM
  3232                              ;		JSR		F_NotDispFlag
  3233                              ;		LDX		#T_APM
  3234                              ;		JSR		F_NotDispFlag		
  3235                              	
  3236 0000CDBF A6 2A                		LDX     R_CurrentGroup
  3237 0000CDC1 B5 27               		lda		R_AlarmHour,X	
  3238 0000CDC3 AA                  		TAX			
  3239 0000CDC4 20 14 D0            		JSR		F_Hex_To_BCD
  3240                              ;		JMP		?L_24H
  3241                              ; ?L_12H:
  3242                              ; 		LDX     R_CurrentGroup
  3243                              ;		lda		R_AlarmHour,X	
  3244                              ;		TAX
  3245                              ;		JSR		F_Hex_To_BCD
  3246                              ;		CMP		#12h
  3247                              ;		BCC		?L_AM_fu
  3248                              ;		LDX		#T_AAM
  3249                              ;		JSR		F_NotDispFlag		
  3250                              ;		LDX		#T_APM
  3251                              ;		BNE		?L_AP_Show
  3252                              ; ?L_AM_fu:
  3253                              ;		LDX		#T_APM
  3254                              ;		JSR		F_NotDispFlag
  3255                              ;		LDX		#T_AAM
  3256                              ; ?L_AP_Show:
  3257                              ;		JSR		F_DispFlag
  3258                              ; 		LDX     R_CurrentGroup
  3259                              ;		lda		R_AlarmHour,X	
  3260                              ;		TAX	
  3261                              ;;		LDX		R_DateHour
  3262                              ;		JSR		F_Hex_To_BCD
  3263                              ;		JSR		F_24TO12Change
  3264                              ; ?L_24H:
  3265 0000CDC7 20 99 CF              		JSR		F_DisplayHLValue
  3266 0000CDCA D0 02                		BNE		?L_DispHBit
  3267 0000CDCC A9 0A               		LDA		#0AH
  3268 0000CDCE                     	?L_DispHBit:	
  3269 0000CDCE A0 04               		LDY		#04h
  3270 0000CDD0 20 31 D0            		jsr		F_Disp_Digital_1	
  3271 0000CDD3 AD CC 02            		lda		R_TempBuf				
  3272 0000CDD6 A0 05               		LDY		#05h
  3273 0000CDD8 20 31 D0            		jsr		F_Disp_Digital_1	
  3274                              		
  3275                              ;alarm minute
  3276 0000CDDB A6 2A                       LDX     R_CurrentGroup      
  3277 0000CDDD B5 24                       LDA     R_AlarmMinute,X   
  3278 0000CDDF AA                   		TAX	       
  3279 0000CDE0 20 14 D0            		JSR		F_Hex_To_BCD
  3280 0000CDE3 A0 07               		LDY		#07H
  3281 0000CDE5 20 3D D0            		JSR		F_Disp_Digital
  3282                              		
  3283 0000CDE8 A2 02               		LDX		#T_ACol		;alarm col
  3284 0000CDEA 20 CC D0            		JSR		F_DispFlag		
  3285                              		
  3286 0000CDED                     	?L_SkipAlarmTime:
  3287 0000CDED 20 13 CE            		JSR		F_DispAlarmGroup     	; 显示当前闹钟组状态（图标/数字）
  3288 0000CDF0 20 FA CE            		JSR		F_DisplayAlarmDays		;显示闹钟天数
  3289 0000CDF3 60                  		RTS
  3290 0000CDF4                     F_NoDispAlarmGroup:
  3291                              ;		LDA		#aah
  3292                              ;		LDY		#1bH
  3293                              ;		jsr		F_Disp_Digital
  3294                              ;		LDX     #T_Alarm         
  3295                              ;		JSR     F_NotDispFlag		
  3296 0000CDF4 A2 0A               		LDX		#T_Alarm1
  3297 0000CDF6 20 77 D1            		JSR     F_NotDispFlag
  3298 0000CDF9 A2 0C               		LDX     #T_Alarm2           
  3299 0000CDFB 20 77 D1            		JSR     F_NotDispFlag
  3300 0000CDFE A2 0E               		LDX     #T_Alarm3           
  3301 0000CE00 4C 77 D1            		JMP     F_NotDispFlag
  3302                              		
  3303 0000CE03                     F_NoDisplayAlmHour:
  3304 0000CE03 A9 AA               		LDA		#aah
  3305 0000CE05 A0 05               		LDY		#05h
  3306 0000CE07 20 3D D0            		JSR		F_Disp_Digital
  3307 0000CE0A 60                  		RTS			
  3308 0000CE0B                     F_NoDisplayAlmMinute:
  3309 0000CE0B A9 AA               		LDA		#aah
  3310 0000CE0D A0 07               		LDY		#07H
  3311 0000CE0F 20 3D D0            		JSR		F_Disp_Digital
  3312 0000CE12 60                  		RTS
  3313                              
  3314 0000CE13                     F_DispAlarmGroup:
  3315 0000CE13 A5 2A                       LDA     R_CurrentGroup       ;当前选择的闹钟组(0-2)
  3316 0000CE15 18                          CLC
  3317 0000CE16 69 01                       ADC     #1                   ;显示组号1-3
  3318 0000CE18 85 56                       STA     R_Temp0       
  3319                                      ;显示组号数字
  3320 0000CE1A A5 56                       LDA     R_Temp0
  3321 0000CE1C C9 01               		CMP     #1                  ;判断数字1
  3322 0000CE1E F0 09               		BEQ     ?Display_1
  3323 0000CE20 C9 02               		CMP     #2                  ;判断数字2
  3324 0000CE22 F0 14               		BEQ     ?Display_2
  3325 0000CE24 C9 03               		CMP     #3                  ;判断数字3
  3326 0000CE26 F0 1F               		BEQ     ?Display_3
  3327 0000CE28 60                  		RTS                         ;非1-3直接返回	
  3328 0000CE29                     	?Display_1:
  3329 0000CE29 A2 0A               		LDX		#T_Alarm1
  3330 0000CE2B 20 CC D0            		JSR     F_DispFlag
  3331 0000CE2E A2 0C               		LDX     #T_Alarm2           
  3332 0000CE30 20 77 D1            		JSR     F_NotDispFlag
  3333 0000CE33 A2 0E               		LDX     #T_Alarm3           
  3334 0000CE35 4C 77 D1            		JMP     F_NotDispFlag
  3335 0000CE38                     	?Display_2:
  3336 0000CE38 A2 0A               		LDX		#T_Alarm1
  3337 0000CE3A 20 77 D1            		JSR     F_NotDispFlag
  3338 0000CE3D A2 0C               		LDX     #T_Alarm2           
  3339 0000CE3F 20 CC D0            		JSR     F_DispFlag
  3340 0000CE42 A2 0E               		LDX     #T_Alarm3           
  3341 0000CE44 4C 77 D1            		JMP     F_NotDispFlag
  3342 0000CE47                     	?Display_3:
  3343 0000CE47 A2 0A               		LDX		#T_Alarm1
  3344 0000CE49 20 77 D1            		JSR     F_NotDispFlag
  3345 0000CE4C A2 0C               		LDX     #T_Alarm2           
  3346 0000CE4E 20 77 D1            		JSR     F_NotDispFlag
  3347 0000CE51 A2 0E               		LDX     #T_Alarm3           
  3348 0000CE53 4C CC D0            		JMP     F_DispFlag
  3349                              		
  3350                              ;	 ?Display_123:
  3351                              ;		LDY		#1bH
  3352                              ;		jsr		F_Disp_Digital
  3353                              ;		LDX     #T_Alarm         
  3354                              ;		JSR     F_DispFlag		
  3355                              ;
  3356                              ;        LDX		R_CurrentGroup         	
  3357                              ;		LDA		BitMaskTable,X      
  3358                              ;		AND		R_AlarmOnOff         
  3359                              ;        BNE     ?ShowIcon       	
  3360                              ;        LDX     #T_AO        
  3361                              ;        JSR     F_NotDispFlag
  3362                              ;        RTS 
  3363                              ;	?ShowIcon:
  3364                              ;			LDX     #T_AO           
  3365                              ;			JSR     F_DispFlag
  3366 0000CE56 60                  			RTS			
  3367                              
  3368                              		
  3369                              ;==========================================
  3370                              ; 查找最近闹钟（复用R_CurrentGroup和R_TempBuf）
  3371                              ;==========================================
  3372 0000CE57                     FindNearestAlarm:
  3373 0000CE57 A9 FF               	lda #0xFF
  3374 0000CE59 85 2A                 	STA R_CurrentGroup      ; 初始化为无效值
  3375                              
  3376 0000CE5B A2 00                	ldx #0                  ; 遍历组0→1→2 			
  3377 0000CE5D                      GroupLoop:
  3378                              	; --- 检查闹钟是否开启 ---
  3379 0000CE5D BD DD F6            	lda BitMaskTable,x      ; 复用组掩码表
  3380 0000CE60 25 2E               	and R_AlarmOnOff
  3381 0000CE62 F0 22               	beq ?SkipToNextGroup 
  3382                              
  3383                              	; --- 检查星期匹配
  3384 0000CE64 8E CC 02            	stx R_TempBuf+0           ; 临时存储组号
  3385 0000CE67 B5 2B               	lda R_DispAlmDay,x
  3386 0000CE69 20 B0 F1            	jsr F_CheckAlarmDayType ; 你的现有函数
  3387 0000CE6C AE CC 02            	ldx R_TempBuf+0           ; 恢复组号
  3388 0000CE6F 90 76               	bcc ?NextGroup
  3389                              
  3390                                  ; --- 时间调整逻辑（处理次日情况）---
  3391 0000CE71 B5 27                   lda R_AlarmHour,x
  3392 0000CE73 C5 23                   cmp R_DateHour                   ; 比较当前小时
  3393 0000CE75 90 12                   bcc ?Adjust24                 ; 闹钟小时 < 当前小时 → 调整
  3394 0000CE77 D0 08                   bne ?NoAdjust                 ; 闹钟小时 > 当前小时 → 不调整
  3395                              
  3396 0000CE79 B5 24                   lda R_AlarmMinute,x             ; 小时相等时检查分钟
  3397 0000CE7B C5 22                   cmp R_DateMinute
  3398 0000CE7D 90 0A                   bcc ?Adjust24                 ; 闹钟分钟 < 当前分钟 → 调整
  3399 0000CE7F F0 08                   beq ?Adjust24                 ; 等于当前时间 → 调整
  3400 0000CE81                      ?NoAdjust:
  3401 0000CE81 B5 27                   lda R_AlarmHour,x
  3402 0000CE83 4C 8E CE                jmp ?StoreHour
  3403                                  
  3404 0000CE86                       ?SkipToNextGroup:
  3405 0000CE86 4C E7 CE              	JMP ?NextGroup
  3406                                	
  3407 0000CE89                      ?Adjust24:
  3408 0000CE89 B5 27                   lda R_AlarmHour,x
  3409 0000CE8B 18                      clc
  3410 0000CE8C 69 24                   adc #36                     ; 加24小时处理次日
  3411                              
  3412 0000CE8E                      ?StoreHour:
  3413 0000CE8E 8D CD 02                sta R_TempBuf+1              ; 存储调整后小时
  3414 0000CE91 B5 24                   lda R_AlarmMinute,x
  3415 0000CE93 8D CE 02                sta R_TempBuf+2              ; 存储原始分钟
  3416                              
  3417                                  ; --- 时间有效性检查 ---
  3418 0000CE96 AD CD 02                lda R_TempBuf+1
  3419 0000CE99 C5 23                   cmp R_DateHour
  3420 0000CE9B 90 4A                   bcc ?NextGroup                ; 调整后时间仍早于当前时间 → 无效
  3421 0000CE9D D0 07                   bne ?ValidTime                ; 调整后小时 > 当前小时 → 有效
  3422                              
  3423 0000CE9F AD CE 02                lda R_TempBuf+2              ; 小时相等时比较分钟
  3424 0000CEA2 C5 22                   cmp	R_DateMinute
  3425                               ;   beq ?NextGroup                ; 时间完全相同 → 已过期
  3426 0000CEA4 90 41                   bcc ?NextGroup                ; 分钟仍小于当前 → 无效
  3427                              
  3428 0000CEA6                      ?ValidTime:
  3429                                  ; --- 更新最近组逻辑 ---
  3430 0000CEA6 A4 2A                   ldy R_CurrentGroup
  3431 0000CEA8 C0 FF                   cpy #0xFF
  3432 0000CEAA F0 36                   beq ?UpdateGroup
  3433                              
  3434                                  ; Recalculate stored group's adjusted hour
  3435 0000CEAC B9 27 00                lda R_AlarmHour,y
  3436 0000CEAF C5 23                   cmp R_DateHour
  3437 0000CEB1 90 11                   bcc ?Adjust24_Stored
  3438 0000CEB3 D0 09                   bne ?NoAdjust_Stored
  3439 0000CEB5 B9 24 00                lda R_AlarmMinute,y
  3440 0000CEB8 C5 22                   cmp R_DateMinute
  3441 0000CEBA 90 08                   bcc ?Adjust24_Stored
  3442 0000CEBC F0 06                   beq ?Adjust24_Stored
  3443 0000CEBE                      ?NoAdjust_Stored:
  3444 0000CEBE B9 27 00                lda R_AlarmHour,y
  3445 0000CEC1 4C CA CE                jmp ?Compare_Hours
  3446 0000CEC4                      ?Adjust24_Stored:
  3447 0000CEC4 B9 27 00                lda R_AlarmHour,y
  3448 0000CEC7 18                      clc
  3449 0000CEC8 69 24                   adc #36
  3450 0000CECA                      ?Compare_Hours:
  3451                                  ; 比较调整后小时（A寄存器=已存储组调整后小时，R_TempBuf+1=当前组调整后小时）
  3452 0000CECA CD CD 02                cmp R_TempBuf+1
  3453 0000CECD 90 18                   bcc ?NextGroup           ; 已存储组调整后小时 < 当前组 → 保留已存储组
  3454 0000CECF D0 11                   bne ?UpdateGroup         ; 已存储组调整后小时 > 当前组 → 更新为当前组
  3455                              
  3456                                  ; 小时相同 → 比较原始分钟
  3457 0000CED1 AD CE 02                lda R_TempBuf+2          ; 当前组原始分钟
  3458 0000CED4 D9 24 00                cmp R_AlarmMinute,y         ; 已存储组原始分钟
  3459 0000CED7 90 09                   bcc ?UpdateGroup         ; 当前组分钟 < 已存储组 → 更新（更早）
  3460 0000CED9 D0 0C                   bne ?NextGroup           ; 当前组分钟 > 已存储 → 保留
  3461                              
  3462                                  ; --- 分钟相同 → 比较组号 ---
  3463 0000CEDB AD CC 02                lda R_TempBuf+0          ; 当前组号 (TempBuf+0)
  3464 0000CEDE C5 2A                   cmp R_CurrentGroup       ; 已存储组号 (y寄存器)
  3465 0000CEE0 B0 05                   bcs ?NextGroup           ; 当前组号 ≥ 已存储 → 保留已存储组
  3466                                  
  3467 0000CEE2                      ?UpdateGroup:
  3468 0000CEE2 AE CC 02                ldx R_TempBuf+0
  3469 0000CEE5 86 2A                   stx R_CurrentGroup
  3470                              
  3471 0000CEE7                      ?NextGroup:
  3472 0000CEE7 E8                      inx
  3473 0000CEE8 E0 03                   cpx #3
  3474 0000CEEA B0 03                   bcs ?ExitLoop
  3475 0000CEEC 4C 5D CE                jmp GroupLoop
  3476 0000CEEF                      ?ExitLoop:
  3477 0000CEEF A5 2A                   lda R_CurrentGroup
  3478 0000CEF1 C9 FF                   cmp #0xFF
  3479 0000CEF3 D0 04                   bne ?L_Exit
  3480 0000CEF5 A9 00                   lda #0                       ; 默认返回组0
  3481 0000CEF7 85 2A                   sta R_CurrentGroup
  3482 0000CEF9                      ?L_Exit:	
  3483 0000CEF9 60                  	rts
  3484                              			
  3485                              ;====================================================================
  3486                              ; 显示闹钟组天数类型（5/6/7天制）
  3487                              ; 输入：R_CurrentGroup = 当前组索引(0-2)
  3488                              ;       R_DispAlmDay = 天数类型数组(0=双休,1=单休,2=每天)
  3489                              ;====================================================================
  3490 0000CEFA                     F_DisplayAlarmDays:
  3491 0000CEFA A6 2A                       LDX     R_CurrentGroup
  3492 0000CEFC B5 2B                       LDA     R_DispAlmDay,X   ;获取天数设置(0=双休5天, 1=单休6天, 2=每天7天)
  3493 0000CEFE C9 02                       CMP		#02
  3494 0000CF00 F0 07                       BEQ		F_DisplayAlarm7Days
  3495 0000CF02 C9 01                       CMP		#01
  3496 0000CF04 F0 27                       BEQ		F_DisplayAlarm6Days
  3497 0000CF06 4C 75 CF                    JMP		F_DisplayAlarm5Days
  3498                              		
  3499 0000CF09                     F_DisplayAlarm7Days:
  3500 0000CF09 A2 4E               		LDX	#T_SUN2
  3501 0000CF0B 20 CC D0            		JSR	F_DispFlag
  3502 0000CF0E A2 42               		LDX	#T_MON2
  3503 0000CF10 20 CC D0            		JSR	F_DispFlag
  3504 0000CF13 A2 44               		LDX	#T_TUE2
  3505 0000CF15 20 CC D0            		JSR	F_DispFlag
  3506 0000CF18 A2 46               		LDX	#T_WED2
  3507 0000CF1A 20 CC D0            		JSR	F_DispFlag
  3508 0000CF1D A2 48               		LDX	#T_THU2
  3509 0000CF1F 20 CC D0            		JSR	F_DispFlag
  3510 0000CF22 A2 4A               		LDX	#T_FRI2
  3511 0000CF24 20 CC D0            		JSR	F_DispFlag
  3512 0000CF27 A2 4C               		LDX	#T_SAT2
  3513 0000CF29 20 CC D0            		JSR	F_DispFlag			
  3514 0000CF2C 60                  		rts	
  3515                              
  3516 0000CF2D                     F_DisplayAlarm6Days:
  3517 0000CF2D A2 4E               		LDX	#T_SUN2
  3518 0000CF2F 20 77 D1            		JSR	F_NotDispFlag
  3519 0000CF32 A2 42               		LDX	#T_MON2
  3520 0000CF34 20 CC D0            		JSR	F_DispFlag
  3521 0000CF37 A2 44               		LDX	#T_TUE2
  3522 0000CF39 20 CC D0            		JSR	F_DispFlag
  3523 0000CF3C A2 46               		LDX	#T_WED2
  3524 0000CF3E 20 CC D0            		JSR	F_DispFlag
  3525 0000CF41 A2 48               		LDX	#T_THU2
  3526 0000CF43 20 CC D0            		JSR	F_DispFlag
  3527 0000CF46 A2 4A               		LDX	#T_FRI2
  3528 0000CF48 20 CC D0            		JSR	F_DispFlag
  3529 0000CF4B A2 4C               		LDX	#T_SAT2
  3530 0000CF4D 20 CC D0            		JSR	F_DispFlag			
  3531 0000CF50 60                  		RTS	
  3532                              
  3533 0000CF51                     F_NoDisplayAlarmDays:
  3534                              ;		LDA		#0AH
  3535                              ;		LDY		#19H
  3536                              ;		jsr		F_Disp_Digital
  3537                              ;		RTS		
  3538 0000CF51 A2 4E               		LDX	#T_SUN2
  3539 0000CF53 20 77 D1            		JSR	F_NotDispFlag
  3540 0000CF56 A2 42               		LDX	#T_MON2
  3541 0000CF58 20 77 D1            		JSR	F_NotDispFlag
  3542 0000CF5B A2 44               		LDX	#T_TUE2
  3543 0000CF5D 20 77 D1            		JSR	F_NotDispFlag
  3544 0000CF60 A2 46               		LDX	#T_WED2
  3545 0000CF62 20 77 D1            		JSR	F_NotDispFlag
  3546 0000CF65 A2 48               		LDX	#T_THU2
  3547 0000CF67 20 77 D1            		JSR	F_NotDispFlag
  3548 0000CF6A A2 4A               		LDX	#T_FRI2
  3549 0000CF6C 20 77 D1            		JSR	F_NotDispFlag
  3550 0000CF6F A2 4C               		LDX	#T_SAT2
  3551 0000CF71 20 77 D1            		JSR	F_NotDispFlag			
  3552 0000CF74 60                  		rts	
  3553 0000CF75                     F_DisplayAlarm5Days:
  3554 0000CF75 A2 4E               		LDX	#T_SUN2
  3555 0000CF77 20 77 D1            		JSR	F_NotDispFlag
  3556 0000CF7A A2 42               		LDX	#T_MON2
  3557 0000CF7C 20 CC D0            		JSR	F_DispFlag
  3558 0000CF7F A2 44               		LDX	#T_TUE2
  3559 0000CF81 20 CC D0            		JSR	F_DispFlag
  3560 0000CF84 A2 46               		LDX	#T_WED2
  3561 0000CF86 20 CC D0            		JSR	F_DispFlag
  3562 0000CF89 A2 48               		LDX	#T_THU2
  3563 0000CF8B 20 CC D0            		JSR	F_DispFlag
  3564 0000CF8E A2 4A               		LDX	#T_FRI2
  3565 0000CF90 20 CC D0            		JSR	F_DispFlag
  3566 0000CF93 A2 4C               		LDX	#T_SAT2
  3567 0000CF95 20 77 D1            		JSR	F_NotDispFlag			
  3568 0000CF98 60                  		rts		
  3569                              ;Display_LingZz:
  3570                              ;;	%btst	R_OtherFlag,D_EnableSnooze,?Disp_KeepZz	
  3571                              ;		ldx	#T_Zz
  3572                              ;		jsr	F_NotDispFlag
  3573                              ;		RTS
  3574                              ;	?Disp_KeepZz:	
  3575                              ;		ldx	#T_Zz
  3576                              ;		jsr	F_DispFlag
  3577                              ;		rts		
  3578                              ;;;=============temp==============
  3579                              ;F_Temp_Modul:				
  3580                              ;		ldx	#T_HCD
  3581                              ;		jsr	F_DispFlag
  3582                              ;		%btst	R_SpecFlag,D_TempHH,Display_TempHH
  3583                              ;		%btst	R_SpecFlag,D_TempLL,Display_TempLL	
  3584                              ;		LDA		R_DispTemper	
  3585                              ;		JSR		L_DisplayTemp
  3586                              ;		%btsf	R_SpecFlag,D_Neg,?Exit
  3587                              ;		LDA		R_DispTemper
  3588                              ;		BEQ		?Exit
  3589                              ;		LDA		#0BH
  3590                              ;		LDY		#08h
  3591                              ;		jsr		F_Disp_Digital_1
  3592                              ;	?Exit:	
  3593                              ;;		LDX		#T_TeReg
  3594                              ;;		JSR		NoDisplay_OneBit		
  3595                              ;		RTS						
  3596                              ;		
  3597                              ;Display_TempHH:
  3598                              ;		LDA		#0xEE	;Hi改为显示HH	
  3599                              ;		jmp		L_DisplayTemp	
  3600                              ;Display_TempLL:
  3601                              ;;		LDA		#0BH
  3602                              ;;		LDY		#08h
  3603                              ;;		jsr		F_Disp_Digital_1	
  3604                              ;;		LDA		#0x09	;LI改为显示	-9
  3605                              ;;		LDY		#09h			
  3606                              ;;		jmp		F_Disp_Digital_1
  3607                              ;		LDA		#0xDD	;显示LL	
  3608                              ;		jmp		L_DisplayTemp		
  3609                              ;L_DisplayTemp:		
  3610                              ;;		TAX
  3611                              ;;		AND	#0FH
  3612                              ;;		STA	R_TempBuf		;store low 4-bit
  3613                              ;;		TXA
  3614                              ;;		ROR	A
  3615                              ;;		ROR	A
  3616                              ;;		ROR	A
  3617                              ;;		ROR	A
  3618                              ;;		AND	#0FH
  3619                              ;		JSR		F_DisplayHLValue
  3620                              ;		BNE		?L_DispHBit
  3621                              ;		LDA		#0AH
  3622                              ;	?L_DispHBit:	
  3623                              ;		LDY		#08h
  3624                              ;		jsr		F_Disp_Digital_1	
  3625                              ;		lda		R_TempBuf				
  3626                              ;		LDY		#09h
  3627                              ;		jsr		F_Disp_Digital_1	
  3628                              ;		RTS	
  3629                              ;		
  3630                              ;		
  3631                              ;input value for A, output value H-->>A, L--->>TempBuf
  3632 0000CF99                     F_DisplayHLValue:
  3633 0000CF99 AA                  			TAX
  3634 0000CF9A 29 0F               			AND	#0FH
  3635 0000CF9C 8D CC 02            			STA	R_TempBuf		;store low 4-bit
  3636 0000CF9F 8A                  			TXA
  3637 0000CFA0 6A                  			ROR	A
  3638 0000CFA1 6A                  			ROR	A
  3639 0000CFA2 6A                  			ROR	A
  3640 0000CFA3 6A                  			ROR	A
  3641 0000CFA4 29 0F               			AND	#0FH
  3642 0000CFA6 60                  			RTS	
  3643                              ;
  3644                              ;Display_Hum:
  3645                              ;		LDA		R_DispHum		
  3646                              ;	?Display_Value:			
  3647                              ;		CMP		#$10
  3648                              ;		BCC		?L_Display_HumLO
  3649                              ;		CMP		#$99
  3650                              ;		BCS		?L_Display_HumHl		
  3651                              ;	?Display_Value_1:			
  3652                              ;		LDY		#17h
  3653                              ;		jsr		F_Disp_Digital
  3654                              ;		RTS			
  3655                              ;	?L_Display_HumLO:
  3656                              ;		LDA		#0xDD		;0x10
  3657                              ;		JMP		?Display_Value_1	
  3658                              ;	?L_Display_HumHl:	
  3659                              ;		LDA		#0xEE		;0x99
  3660                              ;		JMP		?Display_Value_1
  3661                              ;		
  3662                              ;F_NoDisplayTempHum:	
  3663                              ;		LDA		#aah
  3664                              ;		LDY		#09h
  3665                              ;		jsr		F_Disp_Digital
  3666                              ;		LDA		#aah
  3667                              ;		LDY		#17h
  3668                              ;		jsr		F_Disp_Digital	
  3669                              ;		RTS
  3670                              		
  3671                              ; F_DisplayVolume:
  3672                              ; L_NoDisplayVolume:	
  3673                              ;		LDX		#T_AM
  3674                              ;		JSR		F_NotDispFlag
  3675                              ;		LDX		#T_PM
  3676                              ;		JSR		F_NotDispFlag
  3677                              ;		LDX		#T_ACol
  3678                              ;		JSR		F_NotDispFlag
  3679                              ;		LDX		#T_APM
  3680                              ;		JSR		F_NotDispFlag	
  3681                              ;		LDX		#T_AAM
  3682                              ;		JSR		F_NotDispFlag
  3683                              ;		LDX		#T_MD
  3684                              ;		JSR		F_NotDispFlag
  3685                              ;		
  3686                              ;		LDX		#T_AO
  3687                              ;		JSR		F_NotDispFlag	
  3688                              ;		LDX		#T_Alarm
  3689                              ;		JSR		F_NotDispFlag
  3690                              ;		LDX		#T_Zz
  3691                              ;		JSR		F_NotDispFlag
  3692                              ;		
  3693                              ;		LDX		#T_HCD
  3694                              ;		JSR		F_NotDispFlag
  3695                              ;		LDX		#T_T1
  3696                              ;		JSR		F_NotDispFlag	
  3697                              ;		LDX		#T_MoH
  3698                              ;		JSR		F_NotDispFlag
  3699                              ;		LDX		#T_YeH
  3700                              ;		JSR		F_NotDispFlag
  3701                              ;		
  3702                              ;		JSR		L_NoDisplayYear
  3703                              ;		JSR		L_NoDisplayMonth
  3704                              ;		JSR		L_NoDisplayDay	
  3705                              ;;		JSR		L_NoDisplay12_24
  3706                              ;		JSR		L_NoDisplayHour
  3707                              ;		JSR		F_NoDispAlarmGroup	
  3708                              ;		JSR		F_NoDisplayAlmHour		
  3709                              ;		JSR		F_NoDisplayAlmMinute	
  3710                              ;		JSR		F_NoDisplayAlarmDays
  3711                              ;		JSR		F_NoDisplayTempHum
  3712                              ;		LDA		#0ah
  3713                              ;		LDY		#0bh
  3714                              ;		JSR		F_Disp_Digital	
  3715                              ;;		RTS
  3716                              ;;F_DisplayVolume:		
  3717                              ;		LDA   	R_CurrentSong   ;显示1-7
  3718                              ;		ADC		#1		
  3719                              ;		LDY		#03h
  3720                              ;		jsr		F_Disp_Digital
  3721 0000CFA7 60                  		RTS
  3722                              
  3723                              
  3724                              		
  3725                              ;====data==============
  3726 0000CFA8                     F_SWatch_Modul:
  3727                                  ; 1. 检查是正计时还是倒计时
  3728                                  %btst R_TimerFlag, D_Timerstatus_just, ?L_Check_CountUp
  3729 0000CFA8 AD 83 00          1           lda     R_TimerFlag               ;ex.   
  3730 0000CFAB 29 01             1           and     #D_Timerstatus_just              ;  %btst 10H,_BIT0,N
  3731 0000CFAD D0 12             1           bne     ?L_Check_CountUp               ;  if(10H.0=1) goto N 
  3732                              
  3733                                  ; ===========================
  3734                                  ; 倒计时模式处理 (Count Down)
  3735                                  ; ===========================
  3736                                  ; 1. 显示 T_Timer 图标 (常亮)
  3737 0000CFAF A2 06                   LDX #T_Timer
  3738 0000CFB1 20 CC D0                JSR F_DispFlag
  3739                                  
  3740                                  ; 2. 不显示 T_TimerUp 图标
  3741 0000CFB4 A2 08                   LDX #T_TimerUp
  3742 0000CFB6 20 77 D1                JSR F_NotDispFlag
  3743                                  
  3744                                  ; 3. 显示 T_TCol 冒号 (常亮，不闪烁)
  3745 0000CFB9 A2 04                   LDX #T_TCol
  3746 0000CFBB 20 CC D0                JSR F_DispFlag
  3747                                  
  3748 0000CFBE 4C E5 CF                JMP ?L_Common_Process
  3749                              
  3750 0000CFC1                     ?L_Check_CountUp:
  3751                                  ; ===========================
  3752                                  ; 正计时模式处理 (Count Up)
  3753                                  ; ===========================
  3754                                  ; 1. 不显示 T_Timer 图标
  3755 0000CFC1 A2 06                   LDX #T_Timer
  3756 0000CFC3 20 77 D1                JSR F_NotDispFlag
  3757                                  
  3758                                  ; 2. 显示 T_TimerUp 图标 (常亮)
  3759 0000CFC6 A2 08                   LDX #T_TimerUp
  3760 0000CFC8 20 CC D0                JSR F_DispFlag
  3761                                  
  3762                                  ; 3. 冒号闪烁处理
  3763                                  ; 检查是否处于暂停状态 (D_Timerstatus_justpause)
  3764                                  %btst R_TimerFlag, D_Timerstatus_justpause, ?L_Col_On ; 暂停时常亮
  3765 0000CFCB AD 83 00          1           lda     R_TimerFlag               ;ex.   
  3766 0000CFCE 29 10             1           and     #D_Timerstatus_justpause              ;  %btst 10H,_BIT0,N
  3767 0000CFD0 D0 06             1           bne     ?L_Col_On               ;  if(10H.0=1) goto N 
  3768                                  
  3769                                  ; 正常走时，检查是否闪烁 (通过 R_flash_Temp 控制)
  3770 0000CFD2 A9 01                   LDA #01H
  3771 0000CFD4 24 5F                   BIT R_flash_Temp
  3772 0000CFD6 D0 08                   BNE ?L_Col_Off
  3773                                  
  3774 0000CFD8                     ?L_Col_On:
  3775 0000CFD8 A2 04                   LDX #T_TCol
  3776 0000CFDA 20 CC D0                JSR F_DispFlag
  3777 0000CFDD 4C E5 CF                JMP ?L_Common_Process
  3778                              
  3779 0000CFE0                     ?L_Col_Off:
  3780 0000CFE0 A2 04                   LDX #T_TCol
  3781 0000CFE2 20 77 D1                JSR F_NotDispFlag
  3782                              
  3783 0000CFE5                     ?L_Common_Process:
  3784                                  ; ===========================
  3785                                  ; 公共处理部分 (计算显示点数)
  3786                                  ; ===========================
  3787 0000CFE5 A5 33               	    LDA R_TimerMinute
  3788 0000CFE7 85 5D                       STA R_LCD32Temp     
  3789                                      
  3790 0000CFE9 A5 33                       LDA R_TimerMinute
  3791 0000CFEB 05 34                       ORA R_TimerSecond
  3792 0000CFED F0 08                       BEQ ?L_TimeEnd      
  3793                                      
  3794 0000CFEF A5 5D                       LDA R_LCD32Temp
  3795 0000CFF1 18                          CLC
  3796 0000CFF2 69 01                       ADC #01H
  3797 0000CFF4 4C F9 CF                    JMP ?L_DoDisplay
  3798                                      
  3799 0000CFF7                     ?L_TimeEnd:
  3800 0000CFF7 A9 00                       LDA #00H            
  3801                              
  3802 0000CFF9                     ?L_DoDisplay:
  3803 0000CFF9 20 E2 D0                    JSR F_32DispFlag    
  3804 0000CFFC 20 2B D1                    JSR	F_12DispFlag
  3805 0000CFFF A6 33               		LDX		R_TimerMinute
  3806 0000D001 20 14 D0            		JSR		F_Hex_To_BCD
  3807 0000D004 A0 09               		LDY		#09h
  3808 0000D006 20 3D D0            		JSR		F_Disp_Digital		
  3809 0000D009 A6 34               		LDX		R_TimerSecond
  3810 0000D00B 20 14 D0            		JSR		F_Hex_To_BCD
  3811 0000D00E A0 0B               		LDY		#0Bh
  3812 0000D010 20 3D D0            		JSR		F_Disp_Digital
  3813 0000D013 60                  		RTS
  3814                              
  3815                              
  3816                              ; ==============================================
  3817                              ; MACRO		name: F_Hex_To_BCD 
  3818                              ; Purpose	    : change hex to bcd
  3819                              ; Parameter		: X
  3820                              ; Return    	: A,R_DisplayBuf
  3821                              ; Destroy	    : NONE
  3822                              ; Stack depth	: NONE
  3823                              ; =============================================
  3824 0000D014                     F_Hex_To_BCD:
  3825 0000D014                     _F_Hex_To_BCD:
  3826 0000D014 A9 00               	LDA		#0
  3827 0000D016 85 60               	STA		R_MathTemp
  3828 0000D018                      ?LOOP0#:
  3829 0000D018 8A                  	TXA
  3830 0000D019 C9 0A               	CMP		#0AH
  3831 0000D01B B0 06               	BCS		?DEC10#
  3832 0000D01D 18                  	CLC
  3833 0000D01E 65 60               	ADC		R_MathTemp
  3834 0000D020 85 60               	STA		R_MathTemp
  3835                              	;TAX
  3836 0000D022 60                  	RTS
  3837 0000D023                      ?DEC10#:
  3838 0000D023 E9 0A               	SBC		#0AH
  3839 0000D025 AA                  	TAX
  3840 0000D026 A9 10               	LDA		#10H
  3841 0000D028 18                  	CLC
  3842 0000D029 65 60               	ADC		R_MathTemp
  3843 0000D02B 85 60               	STA		R_MathTemp
  3844 0000D02D 4C 18 D0            	JMP		?LOOP0#
  3845 0000D030                      ?L_Hex_To_BCD_END#:
  3846 0000D030 60                  	RTS	
  3847                              		
  3848 0000D031                     F_Disp_Digital_1:
  3849 0000D031                     _F_Disp_Digital_1:
  3850 0000D031 84 5C               		STY		R_Disp_Index
  3851 0000D033 A6 5C               		LDX		R_Disp_Index
  3852 0000D035 85 5B               		STA		R_Disp_Temp
  3853 0000D037 29 0F               		AND		#0Fh
  3854 0000D039 20 59 D0            		JSR		F_DispTheSevenSegChar
  3855 0000D03C 60                  		RTS
  3856                              ; ==============================================
  3857                              ; Function	name: F_Disp_Digital 
  3858                              ; Purpose	    : show digital 
  3859                              ; Parameter		: A  display icon ,X  dispaly index
  3860                              ; Return    	: 
  3861                              ; Destroy	    : 
  3862                              ; Stack depth	: 2
  3863                              ; =============================================
  3864 0000D03D                     F_Disp_Digital:
  3865 0000D03D                     _F_Disp_Digital:
  3866 0000D03D 84 5C               		STY		R_Disp_Index
  3867 0000D03F A6 5C               		LDX		R_Disp_Index
  3868 0000D041 85 5B               		STA		R_Disp_Temp
  3869 0000D043 29 0F               		AND		#0Fh
  3870 0000D045 20 59 D0            		JSR		F_DispTheSevenSegChar
  3871 0000D048 A5 5B               		LDA		R_Disp_Temp
  3872 0000D04A 29 F0               		AND		#F0h
  3873 0000D04C 18                  		CLC
  3874 0000D04D 6A                  		ROR		A
  3875 0000D04E 6A                  		ROR		A
  3876 0000D04F 6A                  		ROR		A
  3877 0000D050 6A                  		ROR		A
  3878 0000D051 C6 5C               		DEC		R_Disp_Index
  3879 0000D053 A6 5C               		LDX		R_Disp_Index
  3880 0000D055 20 59 D0            		JSR		F_DispTheSevenSegChar
  3881                              ;		JMP		F_Fill_LCDDPRAM
  3882 0000D058 60                  		RTS
  3883                              ;========================================================
  3884                              ;////////////////////////////////////////////////////////
  3885                              ; not use in this demo
  3886                              ;=================
  3887                              ;T_LCDMatrixMapTab:
  3888                              ;		DB	R_LcdBuff+0,R_LcdBuff+1,0,0
  3889                              ;		DB	R_LcdBuff+2,R_LcdBuff+3,0,0
  3890                              ;		DB	R_LcdBuff+4,R_LcdBuff+5,0,0
  3891                              ;		DB	R_LcdBuff+6,R_LcdBuff+7,0,0
  3892                              ;A:char. X:pos index
  3893                              ; ==============================================
  3894                              ; Function	name: F_DispTheSevenSegChar 
  3895                              ; Purpose	    : show SevenSegChar 
  3896                              ; Parameter		: A,X
  3897                              ; Return    	: 
  3898                              ; Destroy	    : 
  3899                              ; Stack depth	: 2
  3900                              ; ==============================================
  3901 0000D059                     F_DispTheSevenSegChar:
  3902 0000D059 86 57               		STX		R_Temp1
  3903 0000D05B AA                  		TAX 	
  3904 0000D05C BD 1F F2            		LDA		T_SevenSegCharBitMapTab,X
  3905 0000D05F A6 57               		LDX		R_Temp1
  3906 0000D061 85 57               		STA		R_Temp1								;R_Temp1存放字符的位映射 将刚刚找出的7段码放置在这里
  3907 0000D063 8A                  		TXA 	
  3908 0000D064 18                  		CLC 	
  3909 0000D065 2A                  		ROL		A
  3910 0000D066 AA                  		TAX 	
  3911 0000D067 BD 1D F4            		LDA		T_SevenSegCharPosIndexTab,X
  3912 0000D06A 85 59               		STA		R_Temp3
  3913 0000D06C BD 1E F4            		LDA		T_SevenSegCharPosIndexTab+1,X	;取字符的显示映射表的地址
  3914 0000D06F 85 5A               		STA		R_Temp4
  3915                              ;------
  3916                              ;dot start addr:R_Temp3,R_Temp4. disp byte:R_Temp1.
  3917                              ; ==============================================
  3918                              ; Function	name: F_DispByte 
  3919                              ; Purpose	    : show Byte R_Temp1中要显示的数进行七段码点亮处理
  3920                              ; Parameter		: A,X
  3921                              ; Return    	: 
  3922                              ; Destroy	    : 
  3923                              ; Stack depth	: 2
  3924                              ; ==============================================
  3925 0000D071                     F_DispByte:
  3926 0000D071 A2 00               		LDX		#00H
  3927 0000D073 A1 59               		LDA		(R_Temp3,X)
  3928 0000D075 30 02               		BMI		?L_Check_80_8x
  3929 0000D077 10 0E               		BPL		?L_Sta_temp2
  3930 0000D079                      ?L_Check_80_8x:
  3931 0000D079 29 07               		AND		#07h
  3932 0000D07B F0 4E               		BEQ		L_Not_show_0			;0x80
  3933 0000D07D                      ?L_Check_0_NO_FLAG:
  3934 0000D07D A5 57               		LDA		R_Temp1
  3935 0000D07F C9 3F               		CMP		#3fh
  3936 0000D081 F0 48               		BEQ		L_Not_show_0
  3937 0000D083 A2 00               		LDX		#00H
  3938 0000D085 A1 59               		LDA		(R_Temp3,X)
  3939 0000D087                      ?L_Sta_temp2:
  3940 0000D087 29 07               		AND		#07h
  3941 0000D089 85 58               		STA		R_Temp2
  3942                              		
  3943                              		
  3944 0000D08B E6 59                		INC		R_Temp3
  3945 0000D08D D0 02               		BNE		L_DispByte_1
  3946 0000D08F E6 5A               		INC		R_Temp4
  3947 0000D091                      L_DispByte_1:
  3948 0000D091 A2 00               		LDX		#00H
  3949 0000D093 A1 59               		LDA		(R_Temp3,X)
  3950 0000D095 85 56               		STA		R_Temp0
  3951 0000D097 E6 59                		INC		R_Temp3
  3952 0000D099 D0 02               		BNE		L_DispByte_1_0
  3953 0000D09B E6 5A               		INC		R_Temp4
  3954 0000D09D                      L_DispByte_1_0:
  3955 0000D09D A1 59               		LDA		(R_Temp3,X)
  3956 0000D09F E6 59               		INC		R_Temp3
  3957 0000D0A1 D0 02               		BNE		L_DispByte_1_1
  3958 0000D0A3 E6 5A               		INC		R_Temp4
  3959 0000D0A5                      L_DispByte_1_1:
  3960 0000D0A5 A6 56               		LDX		R_Temp0
  3961 0000D0A7 66 57               		ROR		R_Temp1
  3962 0000D0A9 B0 12               		BCS		L_DispByte_1_1_1
  3963 0000D0AB                      L_DispByte_1_1_0:
  3964 0000D0AB EA                  		NOP
  3965                              ;		%F_ClearByteBit
  3966 0000D0AC 85 56               		STA	R_Temp0
  3967 0000D0AE BD 00 20            		LDA	$2000,X
  3968 0000D0B1 05 56               		ORA	R_Temp0
  3969 0000D0B3 45 56               		EOR	R_Temp0
  3970 0000D0B5 9D 00 20            		STA	$2000,X
  3971 0000D0B8 C6 58               		DEC		R_Temp2
  3972 0000D0BA D0 D5               		BNE		L_DispByte_1
  3973 0000D0BC 60                  		RTS	
  3974 0000D0BD                      L_DispByte_1_1_1:
  3975                              ;		%F_SetByteBit
  3976 0000D0BD 85 56                		STA	R_Temp0
  3977 0000D0BF BD 00 20            		LDA	$2000,X
  3978 0000D0C2 05 56               		ORA	R_Temp0
  3979 0000D0C4 9D 00 20            		STA	$2000,X	
  3980 0000D0C7 C6 58               		DEC		R_Temp2
  3981 0000D0C9 D0 C6               		BNE		L_DispByte_1
  3982 0000D0CB                      L_Not_show_0:
  3983 0000D0CB 60                  		RTS	
  3984                              ;=============================
  3985                              ;A:flag index
  3986                              ; ==============================================
  3987                              ; Function	name: F_DispFlag 
  3988                              ; Purpose	    : show DOT
  3989                              ; Parameter		: A,X
  3990                              ; Return    	: 
  3991                              ; Destroy	    : 
  3992                              ; Stack depth	: 2
  3993                              ; ==============================================
  3994 0000D0CC                     F_DispFlag:
  3995 0000D0CC                     _F_DispFlag:
  3996 0000D0CC BD CD F3            		LDA	T_Icon,x
  3997 0000D0CF 85 56               		STA	R_Temp0
  3998 0000D0D1 E8                  		inx
  3999 0000D0D2 BD CD F3            		LDA	T_Icon,x
  4000 0000D0D5 85 57               		STA	R_Temp1
  4001 0000D0D7 A6 56               		LDX	R_Temp0
  4002 0000D0D9 BD 00 20            		LDA	$2000,X
  4003 0000D0DC 05 57               		ORA	R_Temp1
  4004 0000D0DE 9D 00 20            		STA	$2000,X			
  4005 0000D0E1 60                  		RTS		
  4006                              
  4007                              		
  4008 0000D0E2                     F_32DispFlag:
  4009 0000D0E2                     _F_32DispFlag:
  4010 0000D0E2 85 5D                   STA R_LCD32Temp         
  4011 0000D0E4 A2 00                   LDX #0                  
  4012 0000D0E6 A0 00                   LDY #0                  
  4013 0000D0E8                     ?Loop_Check:
  4014 0000D0E8 C4 5D                   CPY R_LCD32Temp         
  4015 0000D0EA 90 02                   BCC ?L_TurnOn           
  4016 0000D0EC B0 1B                   BCS ?L_TurnOff          
  4017 0000D0EE                     ?L_TurnOn:
  4018 0000D0EE BD 3D F3                LDA T_60Icon,X
  4019 0000D0F1 85 56                   STA R_Temp0
  4020 0000D0F3 BD 3E F3                LDA T_60Icon+1,X
  4021 0000D0F6 85 57                   STA R_Temp1
  4022 0000D0F8 8A                      TXA                     
  4023 0000D0F9 48                      PHA
  4024 0000D0FA A6 56                   LDX R_Temp0             
  4025 0000D0FC BD 00 20                LDA $2000,X             
  4026 0000D0FF 05 57                   ORA R_Temp1             
  4027 0000D101 9D 00 20                STA $2000,X
  4028 0000D104 68                      PLA                     
  4029 0000D105 AA                      TAX
  4030 0000D106 4C 23 D1                JMP ?L_Next
  4031 0000D109                     ?L_TurnOff:
  4032 0000D109 BD 3D F3                LDA T_60Icon,X
  4033 0000D10C 85 56                   STA R_Temp0
  4034 0000D10E BD 3E F3                LDA T_60Icon+1,X
  4035 0000D111 49 FF                   EOR #0FFH               
  4036 0000D113 85 57                   STA R_Temp1
  4037 0000D115 8A                      TXA                     
  4038 0000D116 48                      PHA
  4039 0000D117 A6 56                   LDX R_Temp0
  4040 0000D119 BD 00 20                LDA $2000,X
  4041 0000D11C 25 57                   AND R_Temp1             
  4042 0000D11E 9D 00 20                STA $2000,X
  4043 0000D121 68                      PLA                     
  4044 0000D122 AA                      TAX
  4045 0000D123                     ?L_Next:
  4046 0000D123 E8                      INX
  4047 0000D124 E8                      INX                     
  4048 0000D125 C8                      INY                     
  4049 0000D126 C0 3C                   CPY #60                 
  4050 0000D128 90 BE                   BCC ?Loop_Check
  4051 0000D12A 60                      RTS
  4052                              
  4053                              ; ==============================================
  4054                              ; Function name : F_12DispFlag
  4055                              ; Purpose       : Display 12 icons based on _R_IconCount
  4056                              ; Parameter     : None (uses _R_IconCount)
  4057                              ; Return        : None
  4058                              ; Destroy       : A, X, Y, R_Temp0, R_Temp1
  4059                              ; Stack depth   : 2
  4060                              ; ==============================================
  4061 0000D12B                     F_12DispFlag:
  4062 0000D12B                     _F_12DispFlag:
  4063 0000D12B AD 35 00                LDA R_IconCount        ; Load count from C variable
  4064 0000D12E 85 5D                   STA R_LCD32Temp         ; Store in temp for comparison
  4065 0000D130 A2 00                   LDX #0                  ; Table index
  4066 0000D132 A0 00                   LDY #0                  ; Loop counter
  4067                              
  4068 0000D134                     ?Loop_Check:
  4069 0000D134 C4 5D                   CPY R_LCD32Temp
  4070 0000D136 90 02                   BCC ?L_TurnOn
  4071 0000D138 B0 1B                   BCS ?L_TurnOff
  4072                              
  4073 0000D13A                     ?L_TurnOn:
  4074 0000D13A BD B5 F3                LDA T_12Icon,X
  4075 0000D13D 85 56                   STA R_Temp0
  4076 0000D13F BD B6 F3                LDA T_12Icon+1,X
  4077 0000D142 85 57                   STA R_Temp1
  4078 0000D144 8A                      TXA
  4079 0000D145 48                      PHA
  4080 0000D146 A6 56                   LDX R_Temp0
  4081 0000D148 BD 00 20                LDA $2000,X
  4082 0000D14B 05 57                   ORA R_Temp1
  4083 0000D14D 9D 00 20                STA $2000,X
  4084 0000D150 68                      PLA
  4085 0000D151 AA                      TAX
  4086 0000D152 4C 6F D1                JMP ?L_Next
  4087                              
  4088 0000D155                     ?L_TurnOff:
  4089 0000D155 BD B5 F3                LDA T_12Icon,X
  4090 0000D158 85 56                   STA R_Temp0
  4091 0000D15A BD B6 F3                LDA T_12Icon+1,X
  4092 0000D15D 49 FF                   EOR #0FFH
  4093 0000D15F 85 57                   STA R_Temp1
  4094 0000D161 8A                      TXA
  4095 0000D162 48                      PHA
  4096 0000D163 A6 56                   LDX R_Temp0
  4097 0000D165 BD 00 20                LDA $2000,X
  4098 0000D168 25 57                   AND R_Temp1
  4099 0000D16A 9D 00 20                STA $2000,X
  4100 0000D16D 68                      PLA
  4101 0000D16E AA                      TAX
  4102                              
  4103 0000D16F                     ?L_Next:
  4104 0000D16F E8                      INX
  4105 0000D170 E8                      INX
  4106 0000D171 C8                      INY
  4107 0000D172 C0 0C                   CPY #12                 ; Loop 12 times
  4108 0000D174 90 BE                   BCC ?Loop_Check
  4109 0000D176 60                      RTS
  4110                                  
  4111                              ; ==============================================
  4112                              ; Function	name F_DispFlag 
  4113                              ; Purpose	    : not show DOT
  4114                              ; Parameter		: A,X
  4115                              ; Return    	: 
  4116                              ; Destroy	    : 
  4117                              ; Stack depth	: 2
  4118                              ; ==============================================
  4119 0000D177                     F_NotDispFlag:
  4120 0000D177                     _F_NotDispFlag:
  4121 0000D177 BD CD F3            		LDA	T_Icon,x
  4122 0000D17A 85 56               		STA	R_Temp0
  4123 0000D17C E8                  		inx
  4124 0000D17D BD CD F3            		LDA	T_Icon,x
  4125 0000D180 49 FF               		EOR	#FFH
  4126 0000D182 85 57               		STA	R_Temp1
  4127 0000D184 A6 56               		LDX	R_Temp0
  4128 0000D186 BD 00 20            		LDA	$2000,X
  4129 0000D189 25 57               		and	R_Temp1
  4130 0000D18B 9D 00 20            		STA	$2000,X			
  4131 0000D18E 60                  		RTS		
  4132                              
  4133 0000D18F                     F_Not32DispFlag:
  4134 0000D18F                     _F_Not32DispFlag:
  4135                              ;    STX R_LCD32Temp         ; 保存起始索引到R_LCD32Temp（包括输入62的情况）
  4136                              ; 	BEQ ?Loop_Not	
  4137                              ;    INX                     ; 索引+2（对应下一个点，保留你的写法）
  4138                              ;    INX
  4139                              ;;    STX R_LCD32Temp         ; 保存新的清除索引
  4140                              ;    ; 步骤1：前置判断（先判断索引，再执行清除，解决起始索引62的问题）
  4141                              ;;    LDX R_LCD32Temp         ; 加载起始索引
  4142                              ;    CPX #0x40               ; 对比最后一个点的索引（62）
  4143                              ;    BEQ ?Loop_Not    
  4144                              ;    BCS ?L_ExitClear        ; 若起始索引超过62，直接退出，不执行清除
  4145                              ;
  4146                              ;?Loop_Not:
  4147                              ;    ; 步骤2：先恢复当前索引，再执行清除操作（流程顺序调整：判断→清除）
  4148                              ;    LDX R_LCD32Temp         ; 恢复当前清除索引（确保每次循环都先拿到正确索引）
  4149                              ;    
  4150                              ;    ; 你原有清除核心逻辑（完全保留，不修改）
  4151                              ;    LDA T_32Icon,x          ; 读取点的地址
  4152                              ;    STA R_Temp0
  4153                              ;    LDA T_32Icon+1,x        ; 读取点的显示数据
  4154                              ;    EOR #0FFH               ; 生成清除掩码（保留你的写法）
  4155                              ;    STA R_Temp1
  4156                              ;    LDX R_Temp0             ; 加载清除地址
  4157                              ;    LDA $2000,X
  4158                              ;    AND R_Temp1             ; 熄灭当前点（核心清除逻辑，保留）
  4159                              ;    STA $2000,X
  4160                              ;    
  4161                              ;    ; 步骤3：循环控制（索引递增2，再判断是否继续）
  4162                              ;    LDX R_LCD32Temp         ; 恢复当前清除索引
  4163                              ;    INX                     ; 索引+2（对应下一个点，保留你的写法）
  4164                              ;    INX
  4165                              ;    STX R_LCD32Temp         ; 保存新的清除索引
  4166                              ;    
  4167                              ;    ; 步骤4：后置判断（递增后，判断是否到达62，决定是否继续循环）
  4168                              ;    LDX R_LCD32Temp         ; 加载递增后的新索引
  4169                              ;    CPX #0x3E              ; 对比最后一个点的索引（62）
  4170                              ;    BEQ  ?Loop_Not      
  4171                              ;    BCS ?L_ExitClear        ; 若递增后超过62，直接退出
  4172                              ;    JMP ?Loop_Not           ; 未到达62，继续下一次循环
  4173                              
  4174 0000D18F                     ?L_ExitClear:
  4175 0000D18F 60                      RTS                     ; 清除完成，无错误，起始索引为62时直接退出;	; 新功能：根据A寄存器中的值清除对应数量的点
  4176                              
  4177                              .ENDS
0 Error(s), 0 Warning(s).

